"Id","Path","Slice Name","Alias(s)","Label","Min","Max","Must Support?","Is Modifier?","Is Summary?","Type(s)","Short","Definition","Comments","Requirements","Default Value","Meaning When Missing","Fixed Value","Pattern","Example","Minimum Value","Maximum Value","Maximum Length","Binding Strength","Binding Description","Binding Value Set","Code","Slicing Discriminator","Slicing Description","Slicing Ordered","Slicing Rules","Base Path","Base Min","Base Max","Condition(s)","Constraint(s)","Mapping: Workflow Pattern","Mapping: RIM Mapping","Mapping: iCalendar","Mapping: FiveWs Pattern Mapping","Mapping: HL7 v2 Mapping"
"Appointment","Appointment","","","",0,*,"","","","null {[]} {[]}
","A booking of a healthcare event among patient(s), practitioner(s), related person(s) and/or device(s) for a specific date/time. This may result in one or more Encounter(s)","A booking of a healthcare event among patient(s), practitioner(s), related person(s) and/or device(s) for a specific date/time. This may result in one or more Encounter(s).","","","","","","","","","",,,,,"",,,,"Appointment",0,*,"","app-2:Either start and end are specified, or neither {start.exists() = end.exists()}
app-3:Only proposed or cancelled appointments can be missing start/end dates {(start.exists() and end.exists()) or (status in ('proposed' | 'cancelled' | 'waitlist'))}app-4:Cancelation reason is only used for appointments that have been cancelled, or no-show {Appointment.cancelationReason.exists() implies (Appointment.status='no-show' or Appointment.status='cancelled')}dom-2:If the resource is contained in another resource, it SHALL NOT contain nested Resources {contained.contained.empty()}dom-3:If the resource is contained in another resource, it SHALL be referred to from elsewhere in the resource or SHALL refer to the containing resource {contained.where((('#'+id in (%resource.descendants().reference | %resource.descendants().as(canonical) | %resource.descendants().as(uri) | %resource.descendants().as(url))) or descendants().where(reference = '#').exists() or descendants().where(as(canonical) = '#').exists() or descendants().where(as(canonical) = '#').exists()).not()).trace('unmatched', id).empty()}dom-4:If a resource is contained in another resource, it SHALL NOT have a meta.versionId or a meta.lastUpdated {contained.meta.versionId.empty() and contained.meta.lastUpdated.empty()}dom-5:If a resource is contained in another resource, it SHALL NOT have a security label {contained.meta.security.empty()}dom-6:A resource should have narrative for robust management {text.`div`.exists()}cancelationReason-inv:Cancelation reason MUST be set when status=cancelled and serviceCategory=27 (that is Specialist Medical) {(status='canceled' and serviceCategory.coding.code='27') implies cancelationReason.exists()}","Request","Entity. Role, or Act","Act[@moodCode <= 'INT']","VEVENT"
"Appointment.id","Appointment.id","","","",0,1,"","","Y","id {[]} {[]}
","Logical id of this artifact","The logical id of the resource, as used in the URL for the resource. Once assigned, this value never changes.","The only time that a resource does not have an id is when it is being submitted to the server using a create operation.","","","","","","","","",,,,,"",,,,"Resource.id",0,1,"",""
"Appointment.meta","Appointment.meta","","","",0,1,"","","Y","Meta {[]} {[]}
","Information about use of metadata in FHIR resources in helsenorge:","Information about use of metadata in FHIR resources in helsenorge: <https://helsenorge.atlassian.net/wiki/spaces/HELSENORGE/pages/743014401/Meta+informasjon+som+kan+benyttes+for+alle+FHIR+ressurser>. Se list of metadata that is to be used in context of an appointment:<https://helsenorge.atlassian.net/wiki/spaces/HELSENORGE/pages/2052685825/Draft+-+Timenotifikasjon.+Ny+nasjonal+timel+sning#Appointment%3A-Metadata>. 
 suppressNotification: Use for suppressing notification 
 reminder: Used to define if reminders is active. 
 hasAppointmentDetail: Tels if there is more information available regarding the appointment. If used Helsenorge will try to get the details from communication part. CommunicationPart must support that the details can be pulled. 
 supportPatientDialog: Patient dialog supported 
 and childParentRestrictons: setting posible restriction if parents are to get information about the appointment or only the child.","","","","","","","","","",,,,,"",,,,"Resource.meta",0,1,"","ele-1:All FHIR elements must have a @value or children {hasValue() or (children().count() > id.count())}
"
"Appointment.implicitRules","Appointment.implicitRules","","","",0,1,"","Y","Y","uri {[]} {[]}
","A set of rules under which this content was created","A reference to a set of rules that were followed when the resource was constructed, and which must be understood when processing the content. Often, this is a reference to an implementation guide that defines the special rules along with other profiles etc.","Asserting this rule set restricts the content to be only understood by a limited set of trading partners. This inherently limits the usefulness of the data in the long term. However, the existing health eco-system is highly fractured, and not yet ready to define, collect, and exchange data in a generally computable sense. Wherever possible, implementers and/or specification writers should avoid using this element. Often, when used, the URL is a reference to an implementation guide that defines these special rules as part of it's narrative along with other profiles, value sets, etc.","","","","","","","","",,,,,"",,,,"Resource.implicitRules",0,1,"","ele-1:All FHIR elements must have a @value or children {hasValue() or (children().count() > id.count())}
"
"Appointment.language","Appointment.language","","","",0,1,"","","","code {[]} {[]}
","Language of the resource content","The base language in which the resource is written.","Language is provided to support indexing and accessibility (typically, services such as text to speech use the language tag). The html language tag in the narrative applies  to the narrative. The language tag on the resource may be used to specify the language of other presentations generated from the data in the resource. Not all the content has to be in the base language. The Resource.language should not be assumed to apply to the narrative automatically. If a language is specified, it should it also be specified on the div element in the html (see rules in HTML5 for information about the relationship between xml:lang and the html lang attribute).","","","","","","","","",,"preferred","A human language.","http://hl7.org/fhir/ValueSet/languages","",,,,"Resource.language",0,1,"","ele-1:All FHIR elements must have a @value or children {hasValue() or (children().count() > id.count())}
"
"Appointment.text","Appointment.text","","narrative
htmlxhtmldisplay","",0,1,"","","","Narrative {[]} {[]}
","Text summary of the resource, for human interpretation","A human-readable narrative that contains a summary of the resource and can be used to represent the content of the resource to a human. The narrative need not encode all the structured data, but is required to contain sufficient detail to make it ""clinically safe"" for a human to just read the narrative. Resource definitions may define what content should be represented in the narrative to ensure clinical safety.","Contained resources do not have narrative. Resources that are not contained SHOULD have a narrative. In some cases, a resource may only have text with little or no additional discrete data (as long as all minOccurs=1 elements are satisfied).  This may be necessary for data from legacy systems where information is captured as a ""text blob"" or where text is additionally entered raw or narrated and encoded information is added later.","","","","","","","","",,,,,"",,,,"DomainResource.text",0,1,"","ele-1:All FHIR elements must have a @value or children {hasValue() or (children().count() > id.count())}
","Act.text?"
"Appointment.contained","Appointment.contained","","inline resources
anonymous resourcescontained resources","",0,0,"","","","Resource {[]} {[]}
","Contained, inline Resources","These resources do not have an independent existence apart from the resource that contains them - they cannot be identified independently, and nor can they have their own independent transaction scope.","This should never be done when the content can be identified properly, as once identification is lost, it is extremely difficult (and context dependent) to restore it again. Contained resources may have profiles and tags In their meta elements, but SHALL NOT have security labels.","","","","","","","","",,,,,"",,,,"DomainResource.contained",0,*,"","","N/A"
"Appointment.extension","Appointment.extension","","","",0,*,"","","","Extension {[]} {[]}
","Extension","An Extension","","","","","","","","","",,,,,"","value:url}
","",,"open","DomainResource.extension",0,*,"","ele-1:All FHIR elements must have a @value or children {hasValue() or (children().count() > id.count())}
ext-1:Must have either extensions or value[x], not both {extension.exists() != value.exists()}"
"Appointment.extension:virtualService","Appointment.extension","virtualService","","",0,*,"Y","","","Extension {[CanonicalType[http://helsenorge.no/fhir/StructureDefinition/no-basis-virtual-service]]} {[]}
","Virtual Service ","The VirtualService structure defines details of a virtual communication capability, such as a web conference call.","","","","","","","","","",,,,,"",,,,"DomainResource.extension",0,*,"ele-1
","ele-1:All FHIR elements must have a @value or children {hasValue() or (children().count() > id.count())}
ext-1:Must have either extensions or value[x], not both {extension.exists() != value.exists()}"
"Appointment.extension:group","Appointment.extension","group","","",0,1,"Y","","","Extension {[CanonicalType[http://helsenorge.no/fhir/StructureDefinition/no-basis-group]]} {[]}
","no-basis-group","The appointment is a group session.","","","","","","","","","",,,,,"",,,,"DomainResource.extension",0,*,"ele-1
","ele-1:All FHIR elements must have a @value or children {hasValue() or (children().count() > id.count())}
ext-1:Must have either extensions or value[x], not both {extension.exists() != value.exists()}"
"Appointment.extension:partOf","Appointment.extension","partOf","","",0,1,"Y","","","Extension {[CanonicalType[http://helsenorge.no/fhir/StructureDefinition/no-basis-partof]]} {[]}
","no-basis-partof","This basis extension mirrors the Encounter.partOF-attribute. The partOf-attribute enables booking of a set of related appointments with a set of sub-appointments being linked to the main appointment in the same way as encounters are being linked. A larger appointment of which this particular appointment is a component or step.","","","","","","","","","",,,,,"",,,,"DomainResource.extension",0,*,"ele-1
","ele-1:All FHIR elements must have a @value or children {hasValue() or (children().count() > id.count())}
ext-1:Must have either extensions or value[x], not both {extension.exists() != value.exists()}"
"Appointment.extension:recurring","Appointment.extension","recurring","","",0,1,"Y","","","Extension {[CanonicalType[http://helsenorge.no/fhir/StructureDefinition/hn-basis-Recurring]]} {[]}
","no-basis-recurring","Indicates that this appointment is of recurrence type. In R5 this is handled by own structure.","","","","","","","","","",,,,,"",,,,"DomainResource.extension",0,*,"","ele-1:All FHIR elements must have a @value or children {hasValue() or (children().count() > id.count())}
ext-1:Must have either extensions or value[x], not both {extension.exists() != value.exists()}"
"Appointment.extension:postponementReason","Appointment.extension","postponementReason","","",0,1,"","","","Extension {[CanonicalType[http://helsenorge.no/fhir/StructureDefinition/hn-basis-postponementreason]]} {[]}
","hn-basis-postponementreason","The reason code for the postponement.","","","","","","","","","",,,,,"",,,,"DomainResource.extension",0,*,"","ele-1:All FHIR elements must have a @value or children {hasValue() or (children().count() > id.count())}
ext-1:Must have either extensions or value[x], not both {extension.exists() != value.exists()}"
"Appointment.extension:consultationType","Appointment.extension","consultationType","","",0,1,"Y","","","Extension {[CanonicalType[http://helsenorge.no/fhir/StructureDefinition/hn-basis-consultationType]]} {[]}
","hn-basis-consultationType","Type of consultation.","","","","","","","","","",,,,,"",,,,"DomainResource.extension",0,*,"","ele-1:All FHIR elements must have a @value or children {hasValue() or (children().count() > id.count())}
ext-1:Must have either extensions or value[x], not both {extension.exists() != value.exists()}"
"Appointment.modifierExtension","Appointment.modifierExtension","","extensions
user content","",0,*,"","Y","","Extension {[]} {[]}
","Extensions that cannot be ignored","May be used to represent additional information that is not part of the basic definition of the resource and that modifies the understanding of the element that contains it and/or the understanding of the containing element's descendants. Usually modifier elements provide negation or qualification. To make the use of extensions safe and manageable, there is a strict set of governance applied to the definition and use of extensions. Though any implementer is allowed to define an extension, there is a set of requirements that SHALL be met as part of the definition of the extension. Applications processing a resource are required to check for modifier extensions.

Modifier extensions SHALL NOT change the meaning of any elements on Resource or DomainResource (including cannot change the meaning of modifierExtension itself).","There can be no stigma associated with the use of extensions by any application, project, or standard - regardless of the institution or jurisdiction that uses or defines the extensions.  The use of extensions is what allows the FHIR specification to retain a core level of simplicity for everyone.","Modifier extensions allow for extensions that *cannot* be safely ignored to be clearly distinguished from the vast majority of extensions which can be safely ignored.  This promotes interoperability by eliminating the need for implementers to prohibit the presence of extensions. For further information, see the [definition of modifier extensions](http://hl7.org/fhir/R4/extensibility.html#modifierExtension).","","","","","","","",,,,,"",,,,"DomainResource.modifierExtension",0,*,"","ele-1:All FHIR elements must have a @value or children {hasValue() or (children().count() > id.count())}
ext-1:Must have either extensions or value[x], not both {extension.exists() != value.exists()}","N/A"
"Appointment.identifier","Appointment.identifier","","","",1,1,"","","Y","Identifier {[]} {[]}
","External Ids for this item","This records identifiers associated with this appointment concern that are defined by business processes and/or used to refer to it when a direct URL reference to the resource itself is not appropriate (e.g. in CDA documents, or in written / printed documentation).","","","","","","","","","",,,,,"",,,,"Appointment.identifier",0,*,"","ele-1:All FHIR elements must have a @value or children {hasValue() or (children().count() > id.count())}
","Request.identifier",".id","UID","FiveWs.identifier","SCH-1, SCH-2, ARQ-1, ARQ-2"
"Appointment.identifier.id","Appointment.identifier.id","","","",0,1,"","","","string {[]} {[]}
","Unique id for inter-element referencing","Unique id for the element within a resource (for internal references). This may be any string value that does not contain spaces.","","","","","","","","","",,,,,"",,,,"Element.id",0,1,"","","n/a"
"Appointment.identifier.extension","Appointment.identifier.extension","","extensions
user content","",0,*,"","","","Extension {[]} {[]}
","Additional content defined by implementations","May be used to represent additional information that is not part of the basic definition of the element. To make the use of extensions safe and manageable, there is a strict set of governance  applied to the definition and use of extensions. Though any implementer can define an extension, there is a set of requirements that SHALL be met as part of the definition of the extension.","There can be no stigma associated with the use of extensions by any application, project, or standard - regardless of the institution or jurisdiction that uses or defines the extensions.  The use of extensions is what allows the FHIR specification to retain a core level of simplicity for everyone.","","","","","","","","",,,,,"","value:url}
","Extensions are always sliced by (at least) url",,"open","Element.extension",0,*,"","ele-1:All FHIR elements must have a @value or children {hasValue() or (children().count() > id.count())}
ext-1:Must have either extensions or value[x], not both {extension.exists() != value.exists()}","n/a"
"Appointment.identifier.use","Appointment.identifier.use","","","",0,1,"","Y","Y","code {[]} {[]}
","usual | official | temp | secondary | old (If known)","The purpose of this identifier.","Applications can assume that an identifier is permanent unless it explicitly says that it is temporary.","Allows the appropriate identifier for a particular context of use to be selected from among a set of identifiers.","","","","","","","",,"required","Identifies the purpose for this identifier, if known .","http://hl7.org/fhir/ValueSet/identifier-use|4.0.1","",,,,"Identifier.use",0,1,"","ele-1:All FHIR elements must have a @value or children {hasValue() or (children().count() > id.count())}
","Role.code or implied by context","N/A"
"Appointment.identifier.type","Appointment.identifier.type","","","",0,1,"","","Y","CodeableConcept {[]} {[]}
","Description of identifier","A coded type for the identifier that can be used to determine which identifier to use for a specific purpose.","This element deals only with general categories of identifiers.  It SHOULD not be used for codes that correspond 1..1 with the Identifier.system. Some identifiers may fall into multiple categories due to common usage.   Where the system is known, a type is unnecessary because the type is always part of the system definition. However systems often need to handle identifiers where the system is not known. There is not a 1:1 relationship between type and system, since many different systems have the same type.","Allows users to make use of identifiers when the identifier system is not known.","","","","","","","",,"extensible","A coded type for an identifier that can be used to determine which identifier to use for a specific purpose.","http://hl7.org/fhir/ValueSet/identifier-type","",,,,"Identifier.type",0,1,"","ele-1:All FHIR elements must have a @value or children {hasValue() or (children().count() > id.count())}
","Role.code or implied by context","CX.5"
"Appointment.identifier.system","Appointment.identifier.system","","","",0,1,"","","Y","uri {[]} {[]}
","The namespace for the identifier value","Establishes the namespace for the value - that is, a URL that describes a set values that are unique.","Identifier.system is always case sensitive.","There are many sets  of identifiers.  To perform matching of two identifiers, we need to know what set we're dealing with. The system identifies a particular set of unique identifiers.","","","","","<valueUri xmlns=""http://hl7.org/fhir"" value=""http://www.acme.com/identifiers/patient""/>","","",,,,,"",,,,"Identifier.system",0,1,"","ele-1:All FHIR elements must have a @value or children {hasValue() or (children().count() > id.count())}
","II.root or Role.id.root","CX.4 / EI-2-4"
"Appointment.identifier.value","Appointment.identifier.value","","","",1,1,"","","Y","string {[]} {[]}
","The value that is unique","The portion of the identifier typically relevant to the user and which is unique within the context of the system.","If the value is a full URI, then the system SHALL be urn:ietf:rfc:3986.  The value's primary purpose is computational mapping.  As a result, it may be normalized for comparison purposes (e.g. removing non-significant whitespace, dashes, etc.)  A value formatted for human display can be conveyed using the [Rendered Value extension](http://hl7.org/fhir/R4/extension-rendered-value.html). Identifier.value is to be treated as case sensitive unless knowledge of the Identifier.system allows the processer to be confident that non-case-sensitive processing is safe.","","","","","","<valueString xmlns=""http://hl7.org/fhir"" value=""123456""/>","","",,,,,"",,,,"Identifier.value",0,1,"","ele-1:All FHIR elements must have a @value or children {hasValue() or (children().count() > id.count())}
","II.extension or II.root if system indicates OID or GUID (Or Role.id.extension or root)","CX.1 / EI.1"
"Appointment.identifier.period","Appointment.identifier.period","","","",0,1,"","","Y","Period {[]} {[]}
","Time period when id is/was valid for use","Time period during which identifier is/was valid for use.","","","","","","","","","",,,,,"",,,,"Identifier.period",0,1,"","ele-1:All FHIR elements must have a @value or children {hasValue() or (children().count() > id.count())}
","Role.effectiveTime or implied by context","CX.7 + CX.8"
"Appointment.identifier.assigner","Appointment.identifier.assigner","","","",0,1,"","","Y","Reference {[]} {[CanonicalType[http://hl7.org/fhir/StructureDefinition/Organization]]}
","Organization that issued id (may be just text)","Organization that issued/manages the identifier.","The Identifier.assigner may omit the .reference element and only contain a .display element reflecting the name or other textual information about the assigning organization.","","","","","","","","",,,,,"",,,,"Identifier.assigner",0,1,"","ele-1:All FHIR elements must have a @value or children {hasValue() or (children().count() > id.count())}
","II.assigningAuthorityName but note that this is an improper use by the definition of the field.  Also Role.scoper","CX.4 / (CX.4,CX.9,CX.10)"
"Appointment.status","Appointment.status","","","",1,1,"","Y","Y","code {[]} {[]}
","proposed | pending | booked | arrived | fulfilled | cancelled | noshow | entered-in-error | checked-in | waitlist","The overall status of the Appointment. Each of the participants has their own participation status which indicates their involvement in the process, however this status indicates the shared status.","If the Appointment's status is ""cancelled"" then all participants are expected to have their calendars released for the appointment period, and as such any Slots that were marked as BUSY can be re-set to FREE.

This element is labeled as a modifier because the status contains the code entered-in-error that mark the Appointment as not currently valid.","","","","","","","","",,"required","The free/busy status of an appointment.","http://hl7.org/fhir/ValueSet/appointmentstatus|4.0.1","",,,,"Appointment.status",1,1,"","ele-1:All FHIR elements must have a @value or children {hasValue() or (children().count() > id.count())}
","Request.status",".statusCode","STATUS","FiveWs.status","SCH-25"
"Appointment.cancelationReason","Appointment.cancelationReason","","","",0,1,"","","Y","CodeableConcept {[]} {[]}
","Reason for cancelation","Volven 8445 is a preferred code system but other code systems as Volven 9179 can also be used","","","","","","","","","",,"preferred","","urn:oid:2.16.578.1.12.4.1.1.8445","",,,,"Appointment.cancelationReason",0,1,"","ele-1:All FHIR elements must have a @value or children {hasValue() or (children().count() > id.count())}
","n/a"
"Appointment.cancelationReason.id","Appointment.cancelationReason.id","","","",0,1,"","","","string {[]} {[]}
","Unique id for inter-element referencing","Unique id for the element within a resource (for internal references). This may be any string value that does not contain spaces.","","","","","","","","","",,,,,"",,,,"Element.id",0,1,"","","n/a"
"Appointment.cancelationReason.extension","Appointment.cancelationReason.extension","","extensions
user content","",0,*,"","","","Extension {[]} {[]}
","Additional content defined by implementations","May be used to represent additional information that is not part of the basic definition of the element. To make the use of extensions safe and manageable, there is a strict set of governance  applied to the definition and use of extensions. Though any implementer can define an extension, there is a set of requirements that SHALL be met as part of the definition of the extension.","There can be no stigma associated with the use of extensions by any application, project, or standard - regardless of the institution or jurisdiction that uses or defines the extensions.  The use of extensions is what allows the FHIR specification to retain a core level of simplicity for everyone.","","","","","","","","",,,,,"","value:url}
","Extensions are always sliced by (at least) url",,"open","Element.extension",0,*,"","ele-1:All FHIR elements must have a @value or children {hasValue() or (children().count() > id.count())}
ext-1:Must have either extensions or value[x], not both {extension.exists() != value.exists()}","n/a"
"Appointment.cancelationReason.coding","Appointment.cancelationReason.coding","","","",0,*,"","","Y","Coding {[]} {[]}
","Code defined by a terminology system","A reference to a code defined by a terminology system.","Codes may be defined very casually in enumerations, or code lists, up to very formal definitions such as SNOMED CT - see the HL7 v3 Core Principles for more information.  Ordering of codings is undefined and SHALL NOT be used to infer meaning. Generally, at most only one of the coding values will be labeled as UserSelected = true.","Allows for alternative encodings within a code system, and translations to other code systems.","","","","","","","",,,,,"",,,,"CodeableConcept.coding",0,*,"","ele-1:All FHIR elements must have a @value or children {hasValue() or (children().count() > id.count())}
inv-4:If code is used in a codable consept the system and description must be used {code > '' implies (system > '' and display > '')}","union(., ./translation)","C*E.1-8, C*E.10-22"
"Appointment.cancelationReason.text","Appointment.cancelationReason.text","","","",0,1,"","","Y","string {[]} {[]}
","Plain text representation of the concept","A human language representation of the concept as seen/selected/uttered by the user who entered the data and/or which represents the intended meaning of the user.","Very often the text is the same as a displayName of one of the codings.","The codes from the terminologies do not always capture the correct meaning with all the nuances of the human using them, or sometimes there is no appropriate code at all. In these cases, the text is used to capture the full meaning of the source.","","","","","","","",,,,,"",,,,"CodeableConcept.text",0,1,"","ele-1:All FHIR elements must have a @value or children {hasValue() or (children().count() > id.count())}
","./originalText[mediaType/code=""text/plain""]/data","C*E.9. But note many systems use C*E.2 for this"
"Appointment.serviceCategory","Appointment.serviceCategory","","","",1,1,"","","Y","CodeableConcept {[]} {[]}
","A broad categorization of the service that is to be performed during this appointment","A broad categorization of the service that is to be performed during this appointment.","","","","","","","","","",,"required","","http://helsenorge.no/fhir/ValueSet/hn-appointment-ServiceCategory-code-vs","",,,,"Appointment.serviceCategory",0,*,"","ele-1:All FHIR elements must have a @value or children {hasValue() or (children().count() > id.count())}
","n/a, might be inferred from the ServiceDeliveryLocation","CATEGORIES"
"Appointment.serviceCategory.id","Appointment.serviceCategory.id","","","",0,1,"","","","string {[]} {[]}
","Unique id for inter-element referencing","Unique id for the element within a resource (for internal references). This may be any string value that does not contain spaces.","","","","","","","","","",,,,,"",,,,"Element.id",0,1,"","","n/a"
"Appointment.serviceCategory.extension","Appointment.serviceCategory.extension","","extensions
user content","",0,*,"","","","Extension {[]} {[]}
","Additional content defined by implementations","May be used to represent additional information that is not part of the basic definition of the element. To make the use of extensions safe and manageable, there is a strict set of governance  applied to the definition and use of extensions. Though any implementer can define an extension, there is a set of requirements that SHALL be met as part of the definition of the extension.","There can be no stigma associated with the use of extensions by any application, project, or standard - regardless of the institution or jurisdiction that uses or defines the extensions.  The use of extensions is what allows the FHIR specification to retain a core level of simplicity for everyone.","","","","","","","","",,,,,"","value:url}
","Extensions are always sliced by (at least) url",,"open","Element.extension",0,*,"","ele-1:All FHIR elements must have a @value or children {hasValue() or (children().count() > id.count())}
ext-1:Must have either extensions or value[x], not both {extension.exists() != value.exists()}","n/a"
"Appointment.serviceCategory.coding","Appointment.serviceCategory.coding","","","",0,*,"","","Y","Coding {[]} {[]}
","Code defined by a terminology system","A reference to a code defined by a terminology system.","Codes may be defined very casually in enumerations, or code lists, up to very formal definitions such as SNOMED CT - see the HL7 v3 Core Principles for more information.  Ordering of codings is undefined and SHALL NOT be used to infer meaning. Generally, at most only one of the coding values will be labeled as UserSelected = true.","Allows for alternative encodings within a code system, and translations to other code systems.","","","","","","","",,,,,"",,,,"CodeableConcept.coding",0,*,"","ele-1:All FHIR elements must have a @value or children {hasValue() or (children().count() > id.count())}
inv-4:If code is used in a codable consept the system and description must be used {code > '' implies (system > '' and display > '')}","union(., ./translation)","C*E.1-8, C*E.10-22"
"Appointment.serviceCategory.text","Appointment.serviceCategory.text","","","",0,1,"","","Y","string {[]} {[]}
","Plain text representation of the concept","A human language representation of the concept as seen/selected/uttered by the user who entered the data and/or which represents the intended meaning of the user.","Very often the text is the same as a displayName of one of the codings.","The codes from the terminologies do not always capture the correct meaning with all the nuances of the human using them, or sometimes there is no appropriate code at all. In these cases, the text is used to capture the full meaning of the source.","","","","","","","",,,,,"",,,,"CodeableConcept.text",0,1,"","ele-1:All FHIR elements must have a @value or children {hasValue() or (children().count() > id.count())}
","./originalText[mediaType/code=""text/plain""]/data","C*E.9. But note many systems use C*E.2 for this"
"Appointment.serviceType","Appointment.serviceType","","","",0,*,"","","Y","CodeableConcept {[]} {[]}
","The specific service that is to be performed during this appointment","The specific service that is to be performed during this appointment.","For a provider to provider appointment the code ""FOLLOWUP"" may be appropriate, as this is expected to be discussing some patient that was seen in the past.","","","","","","","","",,"example","","http://hl7.org/fhir/ValueSet/service-type","",,,,"Appointment.serviceType",0,*,"","ele-1:All FHIR elements must have a @value or children {hasValue() or (children().count() > id.count())}
","Request.code","n/a, might be inferred from the ServiceDeliveryLocation"
"Appointment.serviceType.id","Appointment.serviceType.id","","","",0,1,"","","","string {[]} {[]}
","Unique id for inter-element referencing","Unique id for the element within a resource (for internal references). This may be any string value that does not contain spaces.","","","","","","","","","",,,,,"",,,,"Element.id",0,1,"","","n/a"
"Appointment.serviceType.extension","Appointment.serviceType.extension","","extensions
user content","",0,*,"","","","Extension {[]} {[]}
","Additional content defined by implementations","May be used to represent additional information that is not part of the basic definition of the element. To make the use of extensions safe and manageable, there is a strict set of governance  applied to the definition and use of extensions. Though any implementer can define an extension, there is a set of requirements that SHALL be met as part of the definition of the extension.","There can be no stigma associated with the use of extensions by any application, project, or standard - regardless of the institution or jurisdiction that uses or defines the extensions.  The use of extensions is what allows the FHIR specification to retain a core level of simplicity for everyone.","","","","","","","","",,,,,"","value:url}
","Extensions are always sliced by (at least) url",,"open","Element.extension",0,*,"","ele-1:All FHIR elements must have a @value or children {hasValue() or (children().count() > id.count())}
ext-1:Must have either extensions or value[x], not both {extension.exists() != value.exists()}","n/a"
"Appointment.serviceType.coding","Appointment.serviceType.coding","","","",0,*,"","","Y","Coding {[]} {[]}
","Code defined by a terminology system","A reference to a code defined by a terminology system.","Codes may be defined very casually in enumerations, or code lists, up to very formal definitions such as SNOMED CT - see the HL7 v3 Core Principles for more information.  Ordering of codings is undefined and SHALL NOT be used to infer meaning. Generally, at most only one of the coding values will be labeled as UserSelected = true.","Allows for alternative encodings within a code system, and translations to other code systems.","","","","","","","",,,,,"",,,,"CodeableConcept.coding",0,*,"","ele-1:All FHIR elements must have a @value or children {hasValue() or (children().count() > id.count())}
inv-4:If code is used in a codable consept the system and description must be used {code > '' implies (system > '' and display > '')}","union(., ./translation)","C*E.1-8, C*E.10-22"
"Appointment.serviceType.text","Appointment.serviceType.text","","","",0,1,"","","Y","string {[]} {[]}
","Plain text representation of the concept","A human language representation of the concept as seen/selected/uttered by the user who entered the data and/or which represents the intended meaning of the user.","Very often the text is the same as a displayName of one of the codings.","The codes from the terminologies do not always capture the correct meaning with all the nuances of the human using them, or sometimes there is no appropriate code at all. In these cases, the text is used to capture the full meaning of the source.","","","","","","","",,,,,"",,,,"CodeableConcept.text",0,1,"","ele-1:All FHIR elements must have a @value or children {hasValue() or (children().count() > id.count())}
","./originalText[mediaType/code=""text/plain""]/data","C*E.9. But note many systems use C*E.2 for this"
"Appointment.specialty","Appointment.specialty","","","",0,*,"","","Y","CodeableConcept {[]} {[]}
","The specialty of a practitioner that would be required to perform the service requested in this appointment","The specialty of a practitioner that would be required to perform the service requested in this appointment.","","","","","","","","","",,"preferred","","http://hl7.org/fhir/ValueSet/c80-practice-codes","",,,,"Appointment.specialty",0,*,"","ele-1:All FHIR elements must have a @value or children {hasValue() or (children().count() > id.count())}
",".performer.AssignedPerson.code","FiveWs.class"
"Appointment.specialty.id","Appointment.specialty.id","","","",0,1,"","","","string {[]} {[]}
","Unique id for inter-element referencing","Unique id for the element within a resource (for internal references). This may be any string value that does not contain spaces.","","","","","","","","","",,,,,"",,,,"Element.id",0,1,"","","n/a"
"Appointment.specialty.extension","Appointment.specialty.extension","","extensions
user content","",0,*,"","","","Extension {[]} {[]}
","Additional content defined by implementations","May be used to represent additional information that is not part of the basic definition of the element. To make the use of extensions safe and manageable, there is a strict set of governance  applied to the definition and use of extensions. Though any implementer can define an extension, there is a set of requirements that SHALL be met as part of the definition of the extension.","There can be no stigma associated with the use of extensions by any application, project, or standard - regardless of the institution or jurisdiction that uses or defines the extensions.  The use of extensions is what allows the FHIR specification to retain a core level of simplicity for everyone.","","","","","","","","",,,,,"","value:url}
","Extensions are always sliced by (at least) url",,"open","Element.extension",0,*,"","ele-1:All FHIR elements must have a @value or children {hasValue() or (children().count() > id.count())}
ext-1:Must have either extensions or value[x], not both {extension.exists() != value.exists()}","n/a"
"Appointment.specialty.coding","Appointment.specialty.coding","","","",0,*,"","","Y","Coding {[]} {[]}
","Code defined by a terminology system","A reference to a code defined by a terminology system.","Codes may be defined very casually in enumerations, or code lists, up to very formal definitions such as SNOMED CT - see the HL7 v3 Core Principles for more information.  Ordering of codings is undefined and SHALL NOT be used to infer meaning. Generally, at most only one of the coding values will be labeled as UserSelected = true.","Allows for alternative encodings within a code system, and translations to other code systems.","","","","","","","",,,,,"",,,,"CodeableConcept.coding",0,*,"","ele-1:All FHIR elements must have a @value or children {hasValue() or (children().count() > id.count())}
inv-4:If code is used in a codable consept the system and description must be used {code > '' implies (system > '' and display > '')}","union(., ./translation)","C*E.1-8, C*E.10-22"
"Appointment.specialty.text","Appointment.specialty.text","","","",0,1,"","","Y","string {[]} {[]}
","Plain text representation of the concept","A human language representation of the concept as seen/selected/uttered by the user who entered the data and/or which represents the intended meaning of the user.","Very often the text is the same as a displayName of one of the codings.","The codes from the terminologies do not always capture the correct meaning with all the nuances of the human using them, or sometimes there is no appropriate code at all. In these cases, the text is used to capture the full meaning of the source.","","","","","","","",,,,,"",,,,"CodeableConcept.text",0,1,"","ele-1:All FHIR elements must have a @value or children {hasValue() or (children().count() > id.count())}
","./originalText[mediaType/code=""text/plain""]/data","C*E.9. But note many systems use C*E.2 for this"
"Appointment.appointmentType","Appointment.appointmentType","","","",1,1,"","","Y","CodeableConcept {[]} {[]}
","The style of appointment or patient that has been booked in the slot (not service type)","The style of appointment or patient that has been booked in the slot (not service type).","","","","","","","","","",,"preferred","","http://terminology.hl7.org/ValueSet/v2-0276","",,,,"Appointment.appointmentType",0,1,"","ele-1:All FHIR elements must have a @value or children {hasValue() or (children().count() > id.count())}
",".code","CLASSIFICATION","ARQ-7"
"Appointment.appointmentType.id","Appointment.appointmentType.id","","","",0,1,"","","","string {[]} {[]}
","Unique id for inter-element referencing","Unique id for the element within a resource (for internal references). This may be any string value that does not contain spaces.","","","","","","","","","",,,,,"",,,,"Element.id",0,1,"","","n/a"
"Appointment.appointmentType.extension","Appointment.appointmentType.extension","","extensions
user content","",0,*,"","","","Extension {[]} {[]}
","Additional content defined by implementations","May be used to represent additional information that is not part of the basic definition of the element. To make the use of extensions safe and manageable, there is a strict set of governance  applied to the definition and use of extensions. Though any implementer can define an extension, there is a set of requirements that SHALL be met as part of the definition of the extension.","There can be no stigma associated with the use of extensions by any application, project, or standard - regardless of the institution or jurisdiction that uses or defines the extensions.  The use of extensions is what allows the FHIR specification to retain a core level of simplicity for everyone.","","","","","","","","",,,,,"","value:url}
","Extensions are always sliced by (at least) url",,"open","Element.extension",0,*,"","ele-1:All FHIR elements must have a @value or children {hasValue() or (children().count() > id.count())}
ext-1:Must have either extensions or value[x], not both {extension.exists() != value.exists()}","n/a"
"Appointment.appointmentType.coding","Appointment.appointmentType.coding","","","",1,1,"","","Y","Coding {[]} {[]}
","Mandatory valueset for hn-basis-Appointment.","Mandatory valueset.","Codes may be defined very casually in enumerations, or code lists, up to very formal definitions such as SNOMED CT - see the HL7 v3 Core Principles for more information.  Ordering of codings is undefined and SHALL NOT be used to infer meaning. Generally, at most only one of the coding values will be labeled as UserSelected = true.","Allows for alternative encodings within a code system, and translations to other code systems.","","","","","","","",,"required","","http://helsenorge.no/fhir/ValueSet/hn-appointment-AppointmentType-code-vs","","value:$this}
","",,"open","CodeableConcept.coding",0,*,"","ele-1:All FHIR elements must have a @value or children {hasValue() or (children().count() > id.count())}
inv-4:If code is used in a codable consept the system and description must be used {code > '' implies (system > '' and display > '')}","union(., ./translation)","C*E.1-8, C*E.10-22"
"Appointment.appointmentType.coding:omsorgsNiva","Appointment.appointmentType.coding","omsorgsNiva","","",0,0,"","","Y","Coding {[]} {[]}
","Volven 8406","Omsorgsnivå (OID=8406).","Codes may be defined very casually in enumerations, or code lists, up to very formal definitions such as SNOMED CT - see the HL7 v3 Core Principles for more information.  Ordering of codings is undefined and SHALL NOT be used to infer meaning. Generally, at most only one of the coding values will be labeled as UserSelected = true.","Allows for alternative encodings within a code system, and translations to other code systems.","","","","","","","",,"required","Volven","urn:oid:2.16.578.1.12.4.1.1.8406","",,,,"CodeableConcept.coding",0,*,"","ele-1:All FHIR elements must have a @value or children {hasValue() or (children().count() > id.count())}
","union(., ./translation)","C*E.1-8, C*E.10-22"
"Appointment.appointmentType.coding:kontaktType","Appointment.appointmentType.coding","kontaktType","","",0,0,"","","Y","Coding {[]} {[]}
","Volven 8432","Kontakttype (OID=8432)","Codes may be defined very casually in enumerations, or code lists, up to very formal definitions such as SNOMED CT - see the HL7 v3 Core Principles for more information.  Ordering of codings is undefined and SHALL NOT be used to infer meaning. Generally, at most only one of the coding values will be labeled as UserSelected = true.","Allows for alternative encodings within a code system, and translations to other code systems.","","","","","","","",,"required","Volven","urn:oid:2.16.578.1.12.4.1.1.8432","",,,,"CodeableConcept.coding",0,*,"","ele-1:All FHIR elements must have a @value or children {hasValue() or (children().count() > id.count())}
","union(., ./translation)","C*E.1-8, C*E.10-22"
"Appointment.appointmentType.coding:innbygger","Appointment.appointmentType.coding","innbygger","","",0,0,"","","Y","Coding {[]} {[]}
","Volven 7617","Timetype innbyggerportal (OID=7617)","Codes may be defined very casually in enumerations, or code lists, up to very formal definitions such as SNOMED CT - see the HL7 v3 Core Principles for more information.  Ordering of codings is undefined and SHALL NOT be used to infer meaning. Generally, at most only one of the coding values will be labeled as UserSelected = true.","Allows for alternative encodings within a code system, and translations to other code systems.","","","","","","","",,"required","Volven","urn:oid:2.16.578.1.12.4.1.1.7617","",,,,"CodeableConcept.coding",0,*,"","ele-1:All FHIR elements must have a @value or children {hasValue() or (children().count() > id.count())}
","union(., ./translation)","C*E.1-8, C*E.10-22"
"Appointment.appointmentType.text","Appointment.appointmentType.text","","","",0,1,"","","Y","string {[]} {[]}
","Plain text representation of the concept","A human language representation of the concept as seen/selected/uttered by the user who entered the data and/or which represents the intended meaning of the user.","Very often the text is the same as a displayName of one of the codings.","The codes from the terminologies do not always capture the correct meaning with all the nuances of the human using them, or sometimes there is no appropriate code at all. In these cases, the text is used to capture the full meaning of the source.","","","","","","","",,,,,"",,,,"CodeableConcept.text",0,1,"","ele-1:All FHIR elements must have a @value or children {hasValue() or (children().count() > id.count())}
","./originalText[mediaType/code=""text/plain""]/data","C*E.9. But note many systems use C*E.2 for this"
"Appointment.reasonCode","Appointment.reasonCode","","","",0,*,"","","Y","CodeableConcept {[]} {[]}
","Coded reason this appointment is scheduled","The coded reason that this appointment is being scheduled. This is more clinical than administrative.","","","","","","","","","",,"preferred","The Reason for the appointment to take place.","http://hl7.org/fhir/ValueSet/encounter-reason","",,,,"Appointment.reasonCode",0,*,"","ele-1:All FHIR elements must have a @value or children {hasValue() or (children().count() > id.count())}
","Request.reasonCode",".reasonCode","AIS-3, SCH-7"
"Appointment.reasonCode.id","Appointment.reasonCode.id","","","",0,1,"","","","string {[]} {[]}
","Unique id for inter-element referencing","Unique id for the element within a resource (for internal references). This may be any string value that does not contain spaces.","","","","","","","","","",,,,,"",,,,"Element.id",0,1,"","","n/a"
"Appointment.reasonCode.extension","Appointment.reasonCode.extension","","extensions
user content","",0,*,"","","","Extension {[]} {[]}
","Additional content defined by implementations","May be used to represent additional information that is not part of the basic definition of the element. To make the use of extensions safe and manageable, there is a strict set of governance  applied to the definition and use of extensions. Though any implementer can define an extension, there is a set of requirements that SHALL be met as part of the definition of the extension.","There can be no stigma associated with the use of extensions by any application, project, or standard - regardless of the institution or jurisdiction that uses or defines the extensions.  The use of extensions is what allows the FHIR specification to retain a core level of simplicity for everyone.","","","","","","","","",,,,,"","value:url}
","Extensions are always sliced by (at least) url",,"open","Element.extension",0,*,"","ele-1:All FHIR elements must have a @value or children {hasValue() or (children().count() > id.count())}
ext-1:Must have either extensions or value[x], not both {extension.exists() != value.exists()}","n/a"
"Appointment.reasonCode.coding","Appointment.reasonCode.coding","","","",0,*,"","","Y","Coding {[]} {[]}
","Code defined by a terminology system","A reference to a code defined by a terminology system.","Codes may be defined very casually in enumerations, or code lists, up to very formal definitions such as SNOMED CT - see the HL7 v3 Core Principles for more information.  Ordering of codings is undefined and SHALL NOT be used to infer meaning. Generally, at most only one of the coding values will be labeled as UserSelected = true.","Allows for alternative encodings within a code system, and translations to other code systems.","","","","","","","",,,,,"",,,,"CodeableConcept.coding",0,*,"","ele-1:All FHIR elements must have a @value or children {hasValue() or (children().count() > id.count())}
inv-4:If code is used in a codable consept the system and description must be used {code > '' implies (system > '' and display > '')}","union(., ./translation)","C*E.1-8, C*E.10-22"
"Appointment.reasonCode.text","Appointment.reasonCode.text","","","",0,1,"","","Y","string {[]} {[]}
","Plain text representation of the concept","A human language representation of the concept as seen/selected/uttered by the user who entered the data and/or which represents the intended meaning of the user.","Very often the text is the same as a displayName of one of the codings.","The codes from the terminologies do not always capture the correct meaning with all the nuances of the human using them, or sometimes there is no appropriate code at all. In these cases, the text is used to capture the full meaning of the source.","","","","","","","",,,,,"",,,,"CodeableConcept.text",0,1,"","ele-1:All FHIR elements must have a @value or children {hasValue() or (children().count() > id.count())}
","./originalText[mediaType/code=""text/plain""]/data","C*E.9. But note many systems use C*E.2 for this"
"Appointment.reasonReference","Appointment.reasonReference","","","",0,*,"","","","Reference {[]} {[CanonicalType[http://hl7.org/fhir/StructureDefinition/Condition], CanonicalType[http://hl7.org/fhir/StructureDefinition/Procedure], CanonicalType[http://hl7.org/fhir/StructureDefinition/Observation], CanonicalType[http://hl7.org/fhir/StructureDefinition/ImmunizationRecommendation]]}
","Reason the appointment is to take place (resource)","Reason the appointment has been scheduled to take place, as specified using information from another resource. When the patient arrives and the encounter begins it may be used as the admission diagnosis. The indication will typically be a Condition (with other resources referenced in the evidence.detail), or a Procedure.","","","","","","","","","",,,,,"",,,,"Appointment.reasonReference",0,*,"","ele-1:All FHIR elements must have a @value or children {hasValue() or (children().count() > id.count())}
","Request.reasonReference",".inboundRelationship[@typeCode = 'RSON'].observation"
"Appointment.priority","Appointment.priority","","","",0,1,"","","","unsignedInt {[]} {[]}
","Used to make informed decisions if needing to re-prioritize","The priority of the appointment. Can be used to make informed decisions if needing to re-prioritize appointments. (The iCal Standard specifies 0 as undefined, 1 as highest, 9 as lowest priority).","Seeking implementer feedback on this property and how interoperable it is.Using an extension to record a CodeableConcept for named values may be tested at a future connectathon.","","","","","","","","",,,,,"",,,,"Appointment.priority",0,1,"","ele-1:All FHIR elements must have a @value or children {hasValue() or (children().count() > id.count())}
","Request.priority",".priorityCode","PRIORITY","FiveWs.class","ARQ-12, SCH-11.6 / TQ1-9"
"Appointment.description","Appointment.description","","","",0,1,"","","","string {[]} {[]}
","Shown on a subject line in a meeting request, or appointment list","The brief description of the appointment as would be shown on a subject line in a meeting request, or appointment list. Detailed or expanded information should be put in the comment field.","","","","","","","","","",,,,,"",,,,"Appointment.description",0,1,"","ele-1:All FHIR elements must have a @value or children {hasValue() or (children().count() > id.count())}
should-be-max-100-chars:Length SHOULD be <=100. {$this.length() <= 100}",".text","SUMMARY","NTE-3"
"Appointment.supportingInformation","Appointment.supportingInformation","","","",1,*,"","","","Reference {[]} {[CanonicalType[http://hl7.org/fhir/StructureDefinition/Resource]]}
","Spesial instructions for use.","Spesial instructions for use: Se <https://helsenorge.atlassian.net/wiki/spaces/HELSENORGE/pages/2052685825/Draft+-+Timenotifikasjon.+Ny+nasjonal+timel+sning> SuportingInformation MUST at least refer to communication part (herid level 2) using Organization profile kommunikasjonspart-Organization (<https://simplifier.net/hl7norwayno-basis/kommunikasjonspart-organization>) ","","","","","","","","","",,,,,"",,,,"Appointment.supportingInformation",0,*,"","ele-1:All FHIR elements must have a @value or children {hasValue() or (children().count() > id.count())}
","Request.supportingInfo",".inboundRelationship[@typeCode = 'SPRT'].observation","ATTACH","FiveWs.context"
"Appointment.start","Appointment.start","","","",0,1,"","","Y","instant {[]} {[]}
","When appointment is to take place","Date/Time that the appointment is to take place.","","","","","","","","","",,,,,"",,,,"Appointment.start",0,1,"","ele-1:All FHIR elements must have a @value or children {hasValue() or (children().count() > id.count())}
","Request.occurrence[x]",".effectiveTime.low","DTSTART","FiveWs.init","ARQ-11.1, SCH-11.4 / TQ1-7"
"Appointment.end","Appointment.end","","","",0,1,"","","Y","instant {[]} {[]}
","When appointment is to conclude","Date/Time that the appointment is to conclude.","","","","","","","","","",,,,,"",,,,"Appointment.end",0,1,"","ele-1:All FHIR elements must have a @value or children {hasValue() or (children().count() > id.count())}
","Request.occurrence[x]",".effectiveTime.high","DTEND","FiveWs.done[x]","SCH-11.5 / TQ1-8/ calculated based on the start and the duration which is in ARQ-9"
"Appointment.minutesDuration","Appointment.minutesDuration","","","",0,1,"","","","positiveInt {[]} {[]}
","Can be less than start/end (e.g. estimate)","Number of minutes that the appointment is to take. This can be less than the duration between the start and end times.  For example, where the actual time of appointment is only an estimate or if a 30 minute appointment is being requested, but any time would work.  Also, if there is, for example, a planned 15 minute break in the middle of a long appointment, the duration may be 15 minutes less than the difference between the start and end.","","","","","","","","","",,,,,"",,,,"Appointment.minutesDuration",0,1,"","ele-1:All FHIR elements must have a @value or children {hasValue() or (children().count() > id.count())}
","Request.occurrence[x]",".activityTime[@xsi:type = ('SXPR_TS', 'PIVL_TS')].width","DURATION (e.g. PT15M)"
"Appointment.slot","Appointment.slot","","","",0,*,"","","","Reference {[]} {[CanonicalType[http://hl7.org/fhir/StructureDefinition/Slot]]}
","The slots that this appointment is filling","The slots from the participants' schedules that will be filled by the appointment.","","","","","","","","","",,,,,"",,,,"Appointment.slot",0,*,"","ele-1:All FHIR elements must have a @value or children {hasValue() or (children().count() > id.count())}
",".outboundRelationship[@typeCode = 'REFR'].act[@classCode = 'ACT'][@moodCode = 'SLOT']"
"Appointment.created","Appointment.created","","","",0,1,"","","","dateTime {[]} {[]}
","The date that this appointment was initially created","The date that this appointment was initially created. This could be different to the meta.lastModified value on the initial entry, as this could have been before the resource was created on the FHIR server, and should remain unchanged over the lifespan of the appointment.","This property is required for many use cases where the age of an appointment is considered in processing workflows for scheduling and billing of appointments.","","","","","","","","",,,,,"",,,,"Appointment.created",0,1,"","ele-1:All FHIR elements must have a @value or children {hasValue() or (children().count() > id.count())}
","Request.authoredOn",".author.time","CREATED"
"Appointment.comment","Appointment.comment","","","",0,1,"","","","string {[]} {[]}
","Additional comments","Additional comments about the appointment.","Additional text to aid in facilitating the appointment. For instance, a comment might be, ""patient should proceed immediately to infusion room upon arrival""Where this is a planned appointment and the start/end dates are not set then this field can be used to provide additional guidance on the details of the appointment request, including any restrictions on when to book it.","","","","","","","","",,,,,"",,,,"Appointment.comment",0,1,"","ele-1:All FHIR elements must have a @value or children {hasValue() or (children().count() > id.count())}
","Request.note",".subjectOf.observation[@moodCode = 'EVN'][code = 'annotation'].value","DESCRIPTION (for internal use)","NTE-3"
"Appointment.patientInstruction","Appointment.patientInstruction","","","",0,1,"","","","string {[]} {[]}
","Detailed information and instructions for the patient","While Appointment.comment contains information for internal use, Appointment.patientInstructions is used to capture patient facing information about the Appointment (e.g. please bring your referral or fast from 8pm night before).","","","","","","","","","",,,,,"",,,,"Appointment.patientInstruction",0,1,"","ele-1:All FHIR elements must have a @value or children {hasValue() or (children().count() > id.count())}
should-be-max-500-chars:Length SHOULD be <= 500 {$this.length() <= 500}",".subjectOf.observation[@moodCode = 'EVN'][code = 'annotation'].value","DESCRIPTION (for patient use)","NTE-3"
"Appointment.basedOn","Appointment.basedOn","","incomingReferral
","",0,*,"","","","Reference {[]} {[CanonicalType[http://hl7.org/fhir/StructureDefinition/ServiceRequest]]}
","The service request this appointment is allocated to assess","The service request this appointment is allocated to assess (e.g. incoming referral or procedure request).","","","","","","","","","",,,,,"",,,,"Appointment.basedOn",0,*,"","ele-1:All FHIR elements must have a @value or children {hasValue() or (children().count() > id.count())}
","Request.basedOn",".outboundRelationship[@typeCode = 'FLFS'].act[@classCode < 'ActCareProvisionRequestType'][@moodCode = 'RQO']"
"Appointment.participant","Appointment.participant","","","",1,*,"","","","BackboneElement {[]} {[]}
","Participants involved in appointment","List of participants involved in the appointment.","","","","","","","","","",,,,,"",,,,"Appointment.participant",1,*,"","app-1:Either the type or actor on the participant SHALL be specified {type.exists() or actor.exists()}
ele-1:All FHIR elements must have a @value or children {hasValue() or (children().count() > id.count())}appointment-participant-actor-patient-reference-identifier:When actor is a Patient logical reference MUST be used {actor.type = 'Patient' implies actor.identifier.exists()}appointment-participant-actor-patient-reference-reference:When actor is a Patient Literal reference, Relative, internal or absolute URL MUST not be used {(actor.type = 'Patient') implies actor.reference.exists().not()}","Request.performer, Request.subject","performer | reusableDevice | subject | location","ATTENDEE component to be created","PID, AIP, AIG, AIL"
"Appointment.participant.id","Appointment.participant.id","","","",0,1,"","","","string {[]} {[]}
","Unique id for inter-element referencing","Unique id for the element within a resource (for internal references). This may be any string value that does not contain spaces.","","","","","","","","","",,,,,"",,,,"Element.id",0,1,"","","n/a"
"Appointment.participant.extension","Appointment.participant.extension","","extensions
user content","",0,*,"","","","Extension {[]} {[]}
","Additional content defined by implementations","May be used to represent additional information that is not part of the basic definition of the element. To make the use of extensions safe and manageable, there is a strict set of governance  applied to the definition and use of extensions. Though any implementer can define an extension, there is a set of requirements that SHALL be met as part of the definition of the extension.","There can be no stigma associated with the use of extensions by any application, project, or standard - regardless of the institution or jurisdiction that uses or defines the extensions.  The use of extensions is what allows the FHIR specification to retain a core level of simplicity for everyone.","","","","","","","","",,,,,"",,,,"Element.extension",0,*,"","ele-1:All FHIR elements must have a @value or children {hasValue() or (children().count() > id.count())}
ext-1:Must have either extensions or value[x], not both {extension.exists() != value.exists()}","n/a"
"Appointment.participant.modifierExtension","Appointment.participant.modifierExtension","","extensions
user contentmodifiers","",0,*,"","Y","Y","Extension {[]} {[]}
","Extensions that cannot be ignored even if unrecognized","May be used to represent additional information that is not part of the basic definition of the element and that modifies the understanding of the element in which it is contained and/or the understanding of the containing element's descendants. Usually modifier elements provide negation or qualification. To make the use of extensions safe and manageable, there is a strict set of governance applied to the definition and use of extensions. Though any implementer can define an extension, there is a set of requirements that SHALL be met as part of the definition of the extension. Applications processing a resource are required to check for modifier extensions.

Modifier extensions SHALL NOT change the meaning of any elements on Resource or DomainResource (including cannot change the meaning of modifierExtension itself).","There can be no stigma associated with the use of extensions by any application, project, or standard - regardless of the institution or jurisdiction that uses or defines the extensions.  The use of extensions is what allows the FHIR specification to retain a core level of simplicity for everyone.","Modifier extensions allow for extensions that *cannot* be safely ignored to be clearly distinguished from the vast majority of extensions which can be safely ignored.  This promotes interoperability by eliminating the need for implementers to prohibit the presence of extensions. For further information, see the [definition of modifier extensions](http://hl7.org/fhir/R4/extensibility.html#modifierExtension).","","","","","","","",,,,,"",,,,"BackboneElement.modifierExtension",0,*,"","ele-1:All FHIR elements must have a @value or children {hasValue() or (children().count() > id.count())}
ext-1:Must have either extensions or value[x], not both {extension.exists() != value.exists()}","N/A"
"Appointment.participant.type","Appointment.participant.type","","","",1,1,"","","Y","CodeableConcept {[]} {[]}
","Role of participant in the appointment","Role of participant in the appointment.","The role of the participant can be used to declare what the actor will be doing in the scope of this appointment.If the actor is not specified, then it is expected that the actor will be filled in at a later stage of planning.This value SHALL be the same when creating an AppointmentResponse so that they can be matched, and subsequently update the Appointment.","","","","","","","","",,"extensible","Role of participant in encounter.","http://hl7.org/fhir/ValueSet/encounter-participant-type","",,,,"Appointment.participant.type",0,*,"","ele-1:All FHIR elements must have a @value or children {hasValue() or (children().count() > id.count())}
","(performer | reusableDevice | subject | location).@typeCode","n/a","AIP-4, AIG-4"
"Appointment.participant.type.id","Appointment.participant.type.id","","","",0,1,"","","","string {[]} {[]}
","Unique id for inter-element referencing","Unique id for the element within a resource (for internal references). This may be any string value that does not contain spaces.","","","","","","","","","",,,,,"",,,,"Element.id",0,1,"","","n/a"
"Appointment.participant.type.extension","Appointment.participant.type.extension","","extensions
user content","",0,*,"","","","Extension {[]} {[]}
","Additional content defined by implementations","May be used to represent additional information that is not part of the basic definition of the element. To make the use of extensions safe and manageable, there is a strict set of governance  applied to the definition and use of extensions. Though any implementer can define an extension, there is a set of requirements that SHALL be met as part of the definition of the extension.","There can be no stigma associated with the use of extensions by any application, project, or standard - regardless of the institution or jurisdiction that uses or defines the extensions.  The use of extensions is what allows the FHIR specification to retain a core level of simplicity for everyone.","","","","","","","","",,,,,"","value:url}
","Extensions are always sliced by (at least) url",,"open","Element.extension",0,*,"","ele-1:All FHIR elements must have a @value or children {hasValue() or (children().count() > id.count())}
ext-1:Must have either extensions or value[x], not both {extension.exists() != value.exists()}","n/a"
"Appointment.participant.type.coding","Appointment.participant.type.coding","","","",1,*,"","","Y","Coding {[]} {[]}
","Code defined by a terminology system","A reference to a code defined by a terminology system.","Codes may be defined very casually in enumerations, or code lists, up to very formal definitions such as SNOMED CT - see the HL7 v3 Core Principles for more information.  Ordering of codings is undefined and SHALL NOT be used to infer meaning. Generally, at most only one of the coding values will be labeled as UserSelected = true.","Allows for alternative encodings within a code system, and translations to other code systems.","","","","","","","",,,,,"",,,,"CodeableConcept.coding",0,*,"","ele-1:All FHIR elements must have a @value or children {hasValue() or (children().count() > id.count())}
inv-4:If code is used in a codable consept the system and description must be used {code > '' implies (system > '' and display > '')}","union(., ./translation)","C*E.1-8, C*E.10-22"
"Appointment.participant.type.coding.id","Appointment.participant.type.coding.id","","","",0,1,"","","","string {[]} {[]}
","Unique id for inter-element referencing","Unique id for the element within a resource (for internal references). This may be any string value that does not contain spaces.","","","","","","","","","",,,,,"",,,,"Element.id",0,1,"","","n/a"
"Appointment.participant.type.coding.extension","Appointment.participant.type.coding.extension","","extensions
user content","",0,*,"","","","Extension {[]} {[]}
","Additional content defined by implementations","May be used to represent additional information that is not part of the basic definition of the element. To make the use of extensions safe and manageable, there is a strict set of governance  applied to the definition and use of extensions. Though any implementer can define an extension, there is a set of requirements that SHALL be met as part of the definition of the extension.","There can be no stigma associated with the use of extensions by any application, project, or standard - regardless of the institution or jurisdiction that uses or defines the extensions.  The use of extensions is what allows the FHIR specification to retain a core level of simplicity for everyone.","","","","","","","","",,,,,"","value:url}
","Extensions are always sliced by (at least) url",,"open","Element.extension",0,*,"","ele-1:All FHIR elements must have a @value or children {hasValue() or (children().count() > id.count())}
ext-1:Must have either extensions or value[x], not both {extension.exists() != value.exists()}","n/a"
"Appointment.participant.type.coding.system","Appointment.participant.type.coding.system","","","",1,1,"","","Y","uri {[]} {[]}
","Identity of the terminology system","The identification of the code system that defines the meaning of the symbol in the code.","The URI may be an OID (urn:oid:...) or a UUID (urn:uuid:...).  OIDs and UUIDs SHALL be references to the HL7 OID registry. Otherwise, the URI should come from HL7's list of FHIR defined special URIs or it should reference to some definition that establishes the system clearly and unambiguously.","Need to be unambiguous about the source of the definition of the symbol.","","","","","","","",,,,,"",,,,"Coding.system",0,1,"","ele-1:All FHIR elements must have a @value or children {hasValue() or (children().count() > id.count())}
","./codeSystem","C*E.3"
"Appointment.participant.type.coding.version","Appointment.participant.type.coding.version","","","",0,1,"","","Y","string {[]} {[]}
","Version of the system - if relevant","The version of the code system which was used when choosing this code. Note that a well-maintained code system does not need the version reported, because the meaning of codes is consistent across versions. However this cannot consistently be assured, and when the meaning is not guaranteed to be consistent, the version SHOULD be exchanged.","Where the terminology does not clearly define what string should be used to identify code system versions, the recommendation is to use the date (expressed in FHIR date format) on which that version was officially published as the version date.","","","","","","","","",,,,,"",,,,"Coding.version",0,1,"","ele-1:All FHIR elements must have a @value or children {hasValue() or (children().count() > id.count())}
","./codeSystemVersion","C*E.7"
"Appointment.participant.type.coding.code","Appointment.participant.type.coding.code","","","",1,1,"","","Y","code {[]} {[]}
","Symbol in syntax defined by the system","A symbol in syntax defined by the system. The symbol may be a predefined code or an expression in a syntax defined by the coding system (e.g. post-coordination).","","Need to refer to a particular code in the system.","","","","","","","",,,,,"",,,,"Coding.code",0,1,"","ele-1:All FHIR elements must have a @value or children {hasValue() or (children().count() > id.count())}
","./code","C*E.1"
"Appointment.participant.type.coding.display","Appointment.participant.type.coding.display","","","",1,1,"","","Y","string {[]} {[]}
","Representation defined by the system","A representation of the meaning of the code in the system, following the rules of the system.","","Need to be able to carry a human-readable meaning of the code for readers that do not know  the system.","","","","","","","",,,,,"",,,,"Coding.display",0,1,"","ele-1:All FHIR elements must have a @value or children {hasValue() or (children().count() > id.count())}
","CV.displayName","C*E.2 - but note this is not well followed"
"Appointment.participant.type.coding.userSelected","Appointment.participant.type.coding.userSelected","","","",0,1,"","","Y","boolean {[]} {[]}
","If this coding was chosen directly by the user","Indicates that this coding was chosen by a user directly - e.g. off a pick list of available items (codes or displays).","Amongst a set of alternatives, a directly chosen code is the most appropriate starting point for new translations. There is some ambiguity about what exactly 'directly chosen' implies, and trading partner agreement may be needed to clarify the use of this element and its consequences more completely.","This has been identified as a clinical safety criterium - that this exact system/code pair was chosen explicitly, rather than inferred by the system based on some rules or language processing.","","","","","","","",,,,,"",,,,"Coding.userSelected",0,1,"","ele-1:All FHIR elements must have a @value or children {hasValue() or (children().count() > id.count())}
","CD.codingRationale","Sometimes implied by being first"
"Appointment.participant.type.text","Appointment.participant.type.text","","","",0,1,"","","Y","string {[]} {[]}
","Plain text representation of the concept","A human language representation of the concept as seen/selected/uttered by the user who entered the data and/or which represents the intended meaning of the user.","Very often the text is the same as a displayName of one of the codings.","The codes from the terminologies do not always capture the correct meaning with all the nuances of the human using them, or sometimes there is no appropriate code at all. In these cases, the text is used to capture the full meaning of the source.","","","","","","","",,,,,"",,,,"CodeableConcept.text",0,1,"","ele-1:All FHIR elements must have a @value or children {hasValue() or (children().count() > id.count())}
","./originalText[mediaType/code=""text/plain""]/data","C*E.9. But note many systems use C*E.2 for this"
"Appointment.participant.actor","Appointment.participant.actor","","","",1,1,"","","Y","Reference {[]} {[CanonicalType[http://hl7.org/fhir/StructureDefinition/Patient], CanonicalType[http://hl7.org/fhir/StructureDefinition/Practitioner], CanonicalType[http://hl7.org/fhir/StructureDefinition/PractitionerRole], CanonicalType[http://hl7.org/fhir/StructureDefinition/RelatedPerson], CanonicalType[http://hl7.org/fhir/StructureDefinition/Device], CanonicalType[http://hl7.org/fhir/StructureDefinition/HealthcareService], CanonicalType[http://hl7.org/fhir/StructureDefinition/Location]]}
","When actor is a Patient logical reference MUST be used","When actor is a Patient only logical reference MUST be used. In all other cases Logical, Literal reference, Relative, internal or absolute URL can be used","","","","","","","","","",,,,,"",,,,"Appointment.participant.actor",0,1,"","ele-1:All FHIR elements must have a @value or children {hasValue() or (children().count() > id.count())}
","performer.person | reusableDevice.manufacturedDevice | subject.patient | location.serviceDeliveryLocation","ATTENDEE: (Need to provide the common name CN and also the MAILTO properties from the practitioner resource) where the participant type is not ""information-only""","FiveWs.who","PID-3-Patient ID List | AIL-3 | AIG-3 | AIP-3"
"Appointment.participant.required","Appointment.participant.required","","","",0,1,"","","Y","code {[]} {[]}
","required | optional | information-only","Whether this participant is required to be present at the meeting. This covers a use-case where two doctors need to meet to discuss the results for a specific patient, and the patient is not required to be present.","","","","","","","","","",,"required","Is the Participant required to attend the appointment.","http://hl7.org/fhir/ValueSet/participantrequired|4.0.1","",,,,"Appointment.participant.required",0,1,"","ele-1:All FHIR elements must have a @value or children {hasValue() or (children().count() > id.count())}
","(performer | reusableDevice | subject | location).@performInd","ROLE=REQ-PARTICIPANT (roleparam)"
"Appointment.participant.status","Appointment.participant.status","","","",1,1,"","","Y","code {[]} {[]}
","accepted | declined | tentative | needs-action","Participation status of the actor.","","","","","","","","","",,"required","The Participation status of an appointment.","http://hl7.org/fhir/ValueSet/participationstatus|4.0.1","",,,,"Appointment.participant.status",1,1,"","ele-1:All FHIR elements must have a @value or children {hasValue() or (children().count() > id.count())}
","(performer | reusableDevice | subject | location).statusCode","ATTENDEE;CN=""John Doe"";RSVP=TRUE:mailto:john@doe.com (rsvpparam | partstatparam)","AIP-12, AIG-14"
"Appointment.participant.period","Appointment.participant.period","","","",0,1,"","","","Period {[]} {[]}
","Participation period of the actor","Participation period of the actor.","","","","","","","","","",,,,,"",,,,"Appointment.participant.period",0,1,"","ele-1:All FHIR elements must have a @value or children {hasValue() or (children().count() > id.count())}
","n/a"
"Appointment.requestedPeriod","Appointment.requestedPeriod","","","",0,*,"","","","Period {[]} {[]}
","Potential date/time interval(s) requested to allocate the appointment within","A set of date ranges (potentially including times) that the appointment is preferred to be scheduled within.

The duration (usually in minutes) could also be provided to indicate the length of the appointment to fill and populate the start/end times for the actual allocated time. However, in other situations the duration may be calculated by the scheduling system.","This does not introduce a capacity for recurring appointments.","","","","","","","","",,,,,"",,,,"Appointment.requestedPeriod",0,*,"","ele-1:All FHIR elements must have a @value or children {hasValue() or (children().count() > id.count())}
","Request.occurrence[x]",".activityTime[@xsi:type = ('SXPR_TS', 'PIVL_TS')]","ARQ-11"
