URL,Version,Status,OIDs,Name,Title,Descriptino,Uses,Used,Sources
http://helsenorge.no/fhir/ValueSet/hn-appointment-AppointmentType-code-vs,0.1.0,draft,,HnAppointmentAppointmentTypeVS,hn-appointment-AppointmentType-code-vs,"Value set for AppointmentType codes in nytimeløsing that includes set of codes from diferent code systems",,"Internal,Other"
http://helsenorge.no/fhir/ValueSet/hn-appointment-ServiceCategory-code-vs,0.1.0,draft,,HnAppointmentServiceCategoryVS,hn-appointment-ServiceCategory-code-vs,"Value set for ServiceCategory codes in nytimeløsing",,"THO"
http://helsenorge.no/fhir/ValueSet/hn-appointment-flag-code-vs,0.1.0,draft,,HnAppointmentFlagCodeVS,hn-appointment-flag-code-vs,"Value set for Flag codes in nytimeløsing",,"Internal"
http://helsenorge.no/fhir/ValueSet/hn-basis-virtual-service-type.valueset,0.1.0,draft,,HnBasisVirtualServiceType,Hn Basis VirtualServiceType Value Set,"Codes for virtual service connection types. Any other codes or codesystem should be added to this valueSet",,"hl7.fhir.r4.core,Other"
