URL,Version,Status,OIDs,Name,Title,Descriptino,Uses,Used,Sources
http://helsenorge.no/fhir/ValueSet/hn-appointment-AppointmentType-code-vs,0.1.0,draft,,HnAppointmentAppointmentTypeVS,hn-appointment-AppointmentType-code-vs,"Value set for AppointmentType codes in nytimeløsing - from Timetype innbyggerportal and some new codes","StructureDefinition/hn-basis-appointment,StructureDefinition/hn-basis-slot","Internal,Other"
http://helsenorge.no/fhir/ValueSet/hn-appointment-ServiceCategory-code-vs,0.1.0,draft,,HnAppointmentServiceCategoryVS,hn-appointment-ServiceCategory-code-vs,"Value set for ServiceCategory codes in nytimeløsing","StructureDefinition/hn-basis-schedule,StructureDefinition/hn-basis-appointment,StructureDefinition/hn-basis-slot","THO"
http://helsenorge.no/fhir/ValueSet/hn-appointment-flag-code-vs,0.1.0,draft,,HnAppointmentFlagCodeVS,hn-appointment-flag-code-vs,"Value set for Flag codes in nytimeløsing","StructureDefinition/hn-basis-Flag","Internal"
http://helsenorge.no/fhir/ValueSet/no-basis-virtual-service-type-vs,0.1.0,draft,,NoBasisVirtualServiceTypeVS,No Basis VirtualServiceType Value Set.,"Example codes for possible virtual service connection types.","StructureDefinition/hn-basis-changeConferenceType","hl7.fhir.r4.core,Other"
