{
  "resourceType" : "Bundle",
  "id" : "1ece0aee-3e73-47fe-9924-11722da7ab46",
  "meta" : {
    "lastUpdated" : "2023-12-07T13:24:46.498+01:00"
  },
  "type" : "collection",
  "entry" : [{
    "fullUrl" : "http://helsenorge.no/fhir/ValueSet/hn-appointment-ServiceCategory-code-vs",
    "resource" : {
      "resourceType" : "ValueSet",
      "text" : {
        "status" : "generated",
        "div" : "<div xmlns=\"http://www.w3.org/1999/xhtml\"><p>This value set contains 4 concepts</p><p style=\"border: black 1px dotted; background-color: #ffcccc; padding: 8px; margin-bottom: 8px\">Expansion based on example code system http://terminology.hl7.org/CodeSystem/service-category http://terminology.hl7.org/CodeSystem/service-category version 4.0.1</p><div style=\"border: black 1px dotted; background-color: #EEEEEE; padding: 8px; margin-bottom: 8px\"><p>Expansion based on: </p><ul><li>codesystem http://terminology.hl7.org/CodeSystem/service-category version 4.0.1</li><li>system http://terminology.hl7.org/CodeSystem/service-category version 4.0.1</li></ul></div><table class=\"codes\"><tr><td style=\"white-space:nowrap\"><b>Code</b></td><td><b>System</b></td><td><b>Display</b></td><td><b>Definition</b></td></tr><tr><td style=\"white-space:nowrap\"><a name=\"http---terminology.hl7.org-CodeSystem-service-category-10\"> </a>\u00a0\u00a010</td><td>http://terminology.hl7.org/CodeSystem/service-category</td><td>Dental</td><td><div><p>Dental</p>\n</div></td></tr><tr><td style=\"white-space:nowrap\"><a name=\"http---terminology.hl7.org-CodeSystem-service-category-27\"> </a>\u00a0\u00a027</td><td>http://terminology.hl7.org/CodeSystem/service-category</td><td>Specialist Medical</td><td><div><p>Specialist Medical - requires referral</p>\n</div></td></tr><tr><td style=\"white-space:nowrap\"><a name=\"http---terminology.hl7.org-CodeSystem-service-category-17\"> </a>\u00a0\u00a017</td><td>http://terminology.hl7.org/CodeSystem/service-category</td><td>General Practice</td><td><div><p>General Practice/GP (doctor)</p>\n</div></td></tr><tr><td style=\"white-space:nowrap\"><a name=\"http---terminology.hl7.org-CodeSystem-service-category-7\"> </a>\u00a0\u00a07</td><td>http://terminology.hl7.org/CodeSystem/service-category</td><td>Community Health Care</td><td><div><p>Community Health Care</p>\n</div></td></tr></table></div>"
      },
      "url" : "http://helsenorge.no/fhir/ValueSet/hn-appointment-ServiceCategory-code-vs",
      "version" : "0.1.0",
      "name" : "HnAppointmentServiceCategoryVS",
      "title" : "hn-appointment-ServiceCategory-code-vs",
      "status" : "draft",
      "date" : "2023-09-25T00:03:25+02:00",
      "expansion" : {
        "identifier" : "urn:uuid:ee5e8a32-61fe-4ca0-8f5e-2fcc6dc75c1d",
        "timestamp" : "2023-09-24T22:04:47.488Z",
        "total" : 4,
        "parameter" : [{
          "name" : "limitedExpansion",
          "valueBoolean" : true
        },
        {
          "name" : "excludeNested",
          "valueBoolean" : false
        },
        {
          "name" : "example",
          "valueUri" : "http://terminology.hl7.org/CodeSystem/service-category|4.0.1"
        },
        {
          "name" : "used-codesystem",
          "valueUri" : "http://terminology.hl7.org/CodeSystem/service-category|4.0.1"
        },
        {
          "name" : "version",
          "valueUri" : "http://terminology.hl7.org/CodeSystem/service-category|4.0.1"
        }],
        "contains" : [{
          "system" : "http://terminology.hl7.org/CodeSystem/service-category",
          "code" : "10",
          "display" : "Dental"
        },
        {
          "system" : "http://terminology.hl7.org/CodeSystem/service-category",
          "code" : "27",
          "display" : "Specialist Medical"
        },
        {
          "system" : "http://terminology.hl7.org/CodeSystem/service-category",
          "code" : "17",
          "display" : "General Practice"
        },
        {
          "system" : "http://terminology.hl7.org/CodeSystem/service-category",
          "code" : "7",
          "display" : "Community Health Care"
        }]
      }
    }
  },
  {
    "fullUrl" : "http://helsenorge.no/fhir/ValueSet/hn-appointment-flag-code-vs",
    "resource" : {
      "resourceType" : "ValueSet",
      "text" : {
        "status" : "generated",
        "div" : "<div xmlns=\"http://www.w3.org/1999/xhtml\"><p>This value set contains 9 concepts</p><p style=\"border: black 1px dotted; background-color: #EEEEEE; padding: 8px; margin-bottom: 8px\">Expansion based on <a href=\"CodeSystem-hn-appointment-flag-code-cs.html\">codesystem hn-appointment-flag-code-cs v0.1.0 (CodeSystem)</a></p><table class=\"codes\"><tr><td style=\"white-space:nowrap\"><b>Code</b></td><td><b>System</b></td><td><b>Display</b></td></tr><tr><td style=\"white-space:nowrap\"><a name=\"http---helsenorge.no-fhir-CodeSystem-hn-appointment-flag-code-cs-cancel\"> </a>\u00a0\u00a0<a href=\"CodeSystem-hn-appointment-flag-code-cs.html#hn-appointment-flag-code-cs-cancel\">cancel</a></td><td>http://helsenorge.no/fhir/CodeSystem/hn-appointment-flag-code-cs</td><td>Innbygger kan kansellere timen</td></tr><tr><td style=\"white-space:nowrap\"><a name=\"http---helsenorge.no-fhir-CodeSystem-hn-appointment-flag-code-cs-canChangeAppointmentDialog\"> </a>\u00a0\u00a0<a href=\"CodeSystem-hn-appointment-flag-code-cs.html#hn-appointment-flag-code-cs-canChangeAppointmentDialog\">canChangeAppointmentDialog</a></td><td>http://helsenorge.no/fhir/CodeSystem/hn-appointment-flag-code-cs</td><td>Innbygger kan be om endret time (Dialogmeldinger)</td></tr><tr><td style=\"white-space:nowrap\"><a name=\"http---helsenorge.no-fhir-CodeSystem-hn-appointment-flag-code-cs-canUseShortNotice\"> </a>\u00a0\u00a0<a href=\"CodeSystem-hn-appointment-flag-code-cs.html#hn-appointment-flag-code-cs-canUseShortNotice\">canUseShortNotice</a></td><td>http://helsenorge.no/fhir/CodeSystem/hn-appointment-flag-code-cs</td><td>Innbygger kan komme på kort varsel</td></tr><tr><td style=\"white-space:nowrap\"><a name=\"http---helsenorge.no-fhir-CodeSystem-hn-appointment-flag-code-cs-canCancelServiceRequest\"> </a>\u00a0\u00a0<a href=\"CodeSystem-hn-appointment-flag-code-cs.html#hn-appointment-flag-code-cs-canCancelServiceRequest\">canCancelServiceRequest</a></td><td>http://helsenorge.no/fhir/CodeSystem/hn-appointment-flag-code-cs</td><td>Innbygger kan be om at behandlingsløp avsluttes</td></tr><tr><td style=\"white-space:nowrap\"><a name=\"http---helsenorge.no-fhir-CodeSystem-hn-appointment-flag-code-cs-canChangeConferenceType\"> </a>\u00a0\u00a0<a href=\"CodeSystem-hn-appointment-flag-code-cs.html#hn-appointment-flag-code-cs-canChangeConferenceType\">canChangeConferenceType</a></td><td>http://helsenorge.no/fhir/CodeSystem/hn-appointment-flag-code-cs</td><td>Innbygger kan be om endret konferanse type</td></tr><tr><td style=\"white-space:nowrap\"><a name=\"http---helsenorge.no-fhir-CodeSystem-hn-appointment-flag-code-cs-canAcknowledge\"> </a>\u00a0\u00a0<a href=\"CodeSystem-hn-appointment-flag-code-cs.html#hn-appointment-flag-code-cs-canAcknowledge\">canAcknowledge</a></td><td>http://helsenorge.no/fhir/CodeSystem/hn-appointment-flag-code-cs</td><td>Timen/opphold kan bekreftes av innbygger</td></tr><tr><td style=\"white-space:nowrap\"><a name=\"http---helsenorge.no-fhir-CodeSystem-hn-appointment-flag-code-cs-canChangeAppointment\"> </a>\u00a0\u00a0<a href=\"CodeSystem-hn-appointment-flag-code-cs.html#hn-appointment-flag-code-cs-canChangeAppointment\">canChangeAppointment</a></td><td>http://helsenorge.no/fhir/CodeSystem/hn-appointment-flag-code-cs</td><td>Innbygger kan be om endret time</td></tr><tr><td style=\"white-space:nowrap\"><a name=\"http---helsenorge.no-fhir-CodeSystem-hn-appointment-flag-code-cs-canHaveAppointmentDetails\"> </a>\u00a0\u00a0<a href=\"CodeSystem-hn-appointment-flag-code-cs.html#hn-appointment-flag-code-cs-canHaveAppointmentDetails\">canHaveAppointmentDetails</a></td><td>http://helsenorge.no/fhir/CodeSystem/hn-appointment-flag-code-cs</td><td>Det finnes ytterlege timedetaljer på time/timeavtale som kan hentes</td></tr><tr><td style=\"white-space:nowrap\"><a name=\"http---helsenorge.no-fhir-CodeSystem-hn-appointment-flag-code-cs-canInitiateDialog\"> </a>\u00a0\u00a0<a href=\"CodeSystem-hn-appointment-flag-code-cs.html#hn-appointment-flag-code-cs-canInitiateDialog\">canInitiateDialog</a></td><td>http://helsenorge.no/fhir/CodeSystem/hn-appointment-flag-code-cs</td><td>Dialog kan inisieres</td></tr></table></div>"
      },
      "url" : "http://helsenorge.no/fhir/ValueSet/hn-appointment-flag-code-vs",
      "version" : "0.1.0",
      "name" : "HnAppointmentFlagCodeVS",
      "title" : "hn-appointment-flag-code-vs",
      "status" : "draft",
      "experimental" : true,
      "date" : "2023-12-07T13:24:46+01:00",
      "expansion" : {
        "identifier" : "urn:uuid:756c0e01-edbc-4568-9086-59d3e820fc5c",
        "timestamp" : "2023-12-07T13:25:22+01:00",
        "total" : 9,
        "parameter" : [{
          "name" : "excludeNested",
          "valueBoolean" : false
        },
        {
          "name" : "used-codesystem",
          "valueUri" : "http://helsenorge.no/fhir/CodeSystem/hn-appointment-flag-code-cs|0.1.0"
        }],
        "contains" : [{
          "system" : "http://helsenorge.no/fhir/CodeSystem/hn-appointment-flag-code-cs",
          "code" : "cancel",
          "display" : "Innbygger kan kansellere timen"
        },
        {
          "system" : "http://helsenorge.no/fhir/CodeSystem/hn-appointment-flag-code-cs",
          "code" : "canChangeAppointmentDialog",
          "display" : "Innbygger kan be om endret time (Dialogmeldinger)"
        },
        {
          "system" : "http://helsenorge.no/fhir/CodeSystem/hn-appointment-flag-code-cs",
          "code" : "canUseShortNotice",
          "display" : "Innbygger kan komme på kort varsel"
        },
        {
          "system" : "http://helsenorge.no/fhir/CodeSystem/hn-appointment-flag-code-cs",
          "code" : "canCancelServiceRequest",
          "display" : "Innbygger kan be om at behandlingsløp avsluttes"
        },
        {
          "system" : "http://helsenorge.no/fhir/CodeSystem/hn-appointment-flag-code-cs",
          "code" : "canChangeConferenceType",
          "display" : "Innbygger kan be om endret konferanse type"
        },
        {
          "system" : "http://helsenorge.no/fhir/CodeSystem/hn-appointment-flag-code-cs",
          "code" : "canAcknowledge",
          "display" : "Timen/opphold kan bekreftes av innbygger"
        },
        {
          "system" : "http://helsenorge.no/fhir/CodeSystem/hn-appointment-flag-code-cs",
          "code" : "canChangeAppointment",
          "display" : "Innbygger kan be om endret time"
        },
        {
          "system" : "http://helsenorge.no/fhir/CodeSystem/hn-appointment-flag-code-cs",
          "code" : "canHaveAppointmentDetails",
          "display" : "Det finnes ytterlege timedetaljer på time/timeavtale som kan hentes"
        },
        {
          "system" : "http://helsenorge.no/fhir/CodeSystem/hn-appointment-flag-code-cs",
          "code" : "canInitiateDialog",
          "display" : "Dialog kan inisieres"
        }]
      }
    }
  }]
}