{
  "resourceType" : "CodeSystem",
  "id" : "hn-appointment-flag-code-cs",
  "text" : {
    "status" : "generated",
    "div" : "<div xmlns=\"http://www.w3.org/1999/xhtml\">Placeholder</div>"
  },
  "url" : "http://example.org/CodeSystem/hn-appointment-flag-code-cs",
  "version" : "0.1.0",
  "name" : "HnAppointmentFlagCodeCS",
  "title" : "hn-appointment-flag-code-cs",
  "status" : "draft",
  "date" : "2023-08-23T23:59:47+02:00",
  "publisher" : "Example Publisher",
  "contact" : [{
    "name" : "Example Publisher",
    "telecom" : [{
      "system" : "url",
      "value" : "http://example.org/example-publisher"
    }]
  }],
  "description" : "Code system used for Flag codes in nytimeløsing",
  "content" : "complete",
  "count" : 7,
  "concept" : [{
    "code" : "cancel",
    "display" : "Innbygger kan kansellere timen"
  },
  {
    "code" : "canChangeAppointmentDialog",
    "display" : "Innbygger kan be om endret time (Dialogmeldinger)"
  },
  {
    "code" : "canUseShortNotice",
    "display" : "Innbygger kan komme på kort varsel"
  },
  {
    "code" : "canCancelServiceRequest",
    "display" : "Innbygger kan be om at behandlingsløp avsluttes"
  },
  {
    "code" : "canChangeConferenceType",
    "display" : "Innbygger kan be om endret konferanse type"
  },
  {
    "code" : "canAcknowledge",
    "display" : "Timen/opphold kan bekreftes av innbygger"
  },
  {
    "code" : "canChangeAppointment",
    "display" : "Innbygger kan be om endret time"
  }]
}