<?xml version="1.0" encoding="UTF-8"?>

<Bundle xmlns="http://hl7.org/fhir">
  <id value="1e0e2802-ed93-4aaa-87c8-ff6007966f85"/>
  <meta>
    <lastUpdated value="2025-06-05T14:31:57.749+02:00"/>
  </meta>
  <type value="collection"/>
  <entry>
    <fullUrl value="http://helsenorge.no/fhir/ValueSet/hn-appointment-ServiceCategory-code-vs"/>
    <resource>
      <ValueSet>
        <text>
          <status value="generated"/>
          <div xmlns="http://www.w3.org/1999/xhtml">
            <p class="res-header-id">
              <b>Generated Narrative: ValueSet </b>
            </p>
            <p style="border: black 1px dotted; background-color: #EEEEEE; padding: 8px; margin-bottom: 8px">Expansion done internally based on 
              <a href="http://terminology.hl7.org/6.4.0/CodeSystem-service-category.html">codesystem Service category v1.1.1 (CodeSystem)</a>
            </p>
            <p>This value set contains 4 concepts</p>
            <table class="codes">
              <tr>
                <td style="white-space:nowrap">
                  <b>Code</b>
                </td>
                <td>
                  <b>System</b>
                </td>
                <td>
                  <b>Display</b>
                </td>
                <td>
                  <b>Definition</b>
                </td>
              </tr>
              <tr>
                <td style="white-space:nowrap">
                  <a name="x-http://terminology.hl7.org/CodeSystem/service-category-10"> </a>  
                  <a href="http://terminology.hl7.org/6.4.0/CodeSystem-service-category.html#service-category-10">10</a>
                </td>
                <td>http://terminology.hl7.org/CodeSystem/service-category</td>
                <td>Dental</td>
                <td>
                  <div>
                    <p>Dental</p>

                  </div>
                </td>
              </tr>
              <tr>
                <td style="white-space:nowrap">
                  <a name="x-http://terminology.hl7.org/CodeSystem/service-category-27"> </a>  
                  <a href="http://terminology.hl7.org/6.4.0/CodeSystem-service-category.html#service-category-27">27</a>
                </td>
                <td>http://terminology.hl7.org/CodeSystem/service-category</td>
                <td>Specialist Medical</td>
                <td>
                  <div>
                    <p>Specialist Medical - requires referral</p>

                  </div>
                </td>
              </tr>
              <tr>
                <td style="white-space:nowrap">
                  <a name="x-http://terminology.hl7.org/CodeSystem/service-category-17"> </a>  
                  <a href="http://terminology.hl7.org/6.4.0/CodeSystem-service-category.html#service-category-17">17</a>
                </td>
                <td>http://terminology.hl7.org/CodeSystem/service-category</td>
                <td>General Practice</td>
                <td>
                  <div>
                    <p>General Practice/GP (doctor)</p>

                  </div>
                </td>
              </tr>
              <tr>
                <td style="white-space:nowrap">
                  <a name="x-http://terminology.hl7.org/CodeSystem/service-category-7"> </a>  
                  <a href="http://terminology.hl7.org/6.4.0/CodeSystem-service-category.html#service-category-7">7</a>
                </td>
                <td>http://terminology.hl7.org/CodeSystem/service-category</td>
                <td>Community Health Care</td>
                <td>
                  <div>
                    <p>Community Health Care</p>

                  </div>
                </td>
              </tr>
            </table>
          </div>
        </text>
        <url value="http://helsenorge.no/fhir/ValueSet/hn-appointment-ServiceCategory-code-vs"/>
        <version value="1.0.0"/>
        <name value="HnAppointmentServiceCategoryVS"/>
        <title value="hn-appointment-ServiceCategory-code-vs"/>
        <status value="draft"/>
        <experimental value="true"/>
        <date value="2025-06-05T14:31:57+02:00"/>
        <expansion>
          <identifier value="urn:uuid:d1d4337b-42d8-45c9-9b9c-6fc84661d6f0"/>
          <timestamp value="2025-06-05T14:32:27+02:00"/>
          <total value="4"/>
          <offset value="0"/>
          <parameter>
            <name value="count"/>
            <valueInteger value="1000"/>
          </parameter>
          <parameter>
            <name value="offset"/>
            <valueInteger value="0"/>
          </parameter>
          <parameter>
            <name value="excludeNested"/>
            <valueBoolean value="false"/>
          </parameter>
          <parameter>
            <name value="used-codesystem"/>
            <valueUri value="http://terminology.hl7.org/CodeSystem/service-category|1.1.1"/>
          </parameter>
          <contains>
            <system value="http://terminology.hl7.org/CodeSystem/service-category"/>
            <code value="10"/>
            <display value="Dental"/>
          </contains>
          <contains>
            <system value="http://terminology.hl7.org/CodeSystem/service-category"/>
            <code value="27"/>
            <display value="Specialist Medical"/>
          </contains>
          <contains>
            <system value="http://terminology.hl7.org/CodeSystem/service-category"/>
            <code value="17"/>
            <display value="General Practice"/>
          </contains>
          <contains>
            <system value="http://terminology.hl7.org/CodeSystem/service-category"/>
            <code value="7"/>
            <display value="Community Health Care"/>
          </contains>
        </expansion>
      </ValueSet>
    </resource>
  </entry>
  <entry>
    <fullUrl value="http://helsenorge.no/fhir/ValueSet/hn-appointment-flag-code-vs"/>
    <resource>
      <ValueSet>
        <text>
          <status value="generated"/>
          <div xmlns="http://www.w3.org/1999/xhtml">
            <p class="res-header-id">
              <b>Generated Narrative: ValueSet </b>
            </p>
            <p style="border: black 1px dotted; background-color: #EEEEEE; padding: 8px; margin-bottom: 8px">Expansion done internally based on 
              <a href="CodeSystem-hn-appointment-flag-code-cs.html">codesystem hn-appointment-flag-code-cs v1.0.0 (CodeSystem)</a>
            </p>
            <p>This value set contains 9 concepts</p>
            <table class="codes">
              <tr>
                <td style="white-space:nowrap">
                  <b>Code</b>
                </td>
                <td>
                  <b>System</b>
                </td>
                <td>
                  <b>Display</b>
                </td>
              </tr>
              <tr>
                <td style="white-space:nowrap">
                  <a name="x-http://helsenorge.no/fhir/CodeSystem/hn-appointment-flag-code-cs-cancel"> </a>  
                  <a href="CodeSystem-hn-appointment-flag-code-cs.html#hn-appointment-flag-code-cs-cancel">cancel</a>
                </td>
                <td>http://helsenorge.no/fhir/CodeSystem/hn-appointment-flag-code-cs</td>
                <td>Innbygger kan kansellere timen</td>
              </tr>
              <tr>
                <td style="white-space:nowrap">
                  <a name="x-http://helsenorge.no/fhir/CodeSystem/hn-appointment-flag-code-cs-canChangeAppointmentDialog"> </a>  
                  <a href="CodeSystem-hn-appointment-flag-code-cs.html#hn-appointment-flag-code-cs-canChangeAppointmentDialog">canChangeAppointmentDialog</a>
                </td>
                <td>http://helsenorge.no/fhir/CodeSystem/hn-appointment-flag-code-cs</td>
                <td>Innbygger kan be om endret time (Dialogmeldinger)</td>
              </tr>
              <tr>
                <td style="white-space:nowrap">
                  <a name="x-http://helsenorge.no/fhir/CodeSystem/hn-appointment-flag-code-cs-canUseShortNotice"> </a>  
                  <a href="CodeSystem-hn-appointment-flag-code-cs.html#hn-appointment-flag-code-cs-canUseShortNotice">canUseShortNotice</a>
                </td>
                <td>http://helsenorge.no/fhir/CodeSystem/hn-appointment-flag-code-cs</td>
                <td>Innbygger kan komme på kort varsel</td>
              </tr>
              <tr>
                <td style="white-space:nowrap">
                  <a name="x-http://helsenorge.no/fhir/CodeSystem/hn-appointment-flag-code-cs-canCancelServiceRequest"> </a>  
                  <a href="CodeSystem-hn-appointment-flag-code-cs.html#hn-appointment-flag-code-cs-canCancelServiceRequest">canCancelServiceRequest</a>
                </td>
                <td>http://helsenorge.no/fhir/CodeSystem/hn-appointment-flag-code-cs</td>
                <td>Innbygger kan be om at behandlingsløp avsluttes</td>
              </tr>
              <tr>
                <td style="white-space:nowrap">
                  <a name="x-http://helsenorge.no/fhir/CodeSystem/hn-appointment-flag-code-cs-canChangeConferenceType"> </a>  
                  <a href="CodeSystem-hn-appointment-flag-code-cs.html#hn-appointment-flag-code-cs-canChangeConferenceType">canChangeConferenceType</a>
                </td>
                <td>http://helsenorge.no/fhir/CodeSystem/hn-appointment-flag-code-cs</td>
                <td>Innbygger kan be om endret konferanse type</td>
              </tr>
              <tr>
                <td style="white-space:nowrap">
                  <a name="x-http://helsenorge.no/fhir/CodeSystem/hn-appointment-flag-code-cs-canAcknowledge"> </a>  
                  <a href="CodeSystem-hn-appointment-flag-code-cs.html#hn-appointment-flag-code-cs-canAcknowledge">canAcknowledge</a>
                </td>
                <td>http://helsenorge.no/fhir/CodeSystem/hn-appointment-flag-code-cs</td>
                <td>Timen/opphold kan bekreftes av innbygger</td>
              </tr>
              <tr>
                <td style="white-space:nowrap">
                  <a name="x-http://helsenorge.no/fhir/CodeSystem/hn-appointment-flag-code-cs-canChangeAppointment"> </a>  
                  <a href="CodeSystem-hn-appointment-flag-code-cs.html#hn-appointment-flag-code-cs-canChangeAppointment">canChangeAppointment</a>
                </td>
                <td>http://helsenorge.no/fhir/CodeSystem/hn-appointment-flag-code-cs</td>
                <td>Innbygger kan be om endret time</td>
              </tr>
              <tr>
                <td style="white-space:nowrap">
                  <a name="x-http://helsenorge.no/fhir/CodeSystem/hn-appointment-flag-code-cs-canHaveAppointmentDetails"> </a>  
                  <a href="CodeSystem-hn-appointment-flag-code-cs.html#hn-appointment-flag-code-cs-canHaveAppointmentDetails">canHaveAppointmentDetails</a>
                </td>
                <td>http://helsenorge.no/fhir/CodeSystem/hn-appointment-flag-code-cs</td>
                <td>Det finnes ytterlege timedetaljer på time/timeavtale som kan hentes</td>
              </tr>
              <tr>
                <td style="white-space:nowrap">
                  <a name="x-http://helsenorge.no/fhir/CodeSystem/hn-appointment-flag-code-cs-canInitiateDialog"> </a>  
                  <a href="CodeSystem-hn-appointment-flag-code-cs.html#hn-appointment-flag-code-cs-canInitiateDialog">canInitiateDialog</a>
                </td>
                <td>http://helsenorge.no/fhir/CodeSystem/hn-appointment-flag-code-cs</td>
                <td>Dialog kan inisieres</td>
              </tr>
            </table>
          </div>
        </text>
        <url value="http://helsenorge.no/fhir/ValueSet/hn-appointment-flag-code-vs"/>
        <version value="1.0.0"/>
        <name value="HnAppointmentFlagCodeVS"/>
        <title value="hn-appointment-flag-code-vs"/>
        <status value="draft"/>
        <experimental value="true"/>
        <date value="2025-06-05T14:31:57+02:00"/>
        <expansion>
          <identifier value="urn:uuid:85f31769-5a9f-4a9a-b9fb-725416862022"/>
          <timestamp value="2025-06-05T14:32:27+02:00"/>
          <total value="9"/>
          <offset value="0"/>
          <parameter>
            <name value="count"/>
            <valueInteger value="1000"/>
          </parameter>
          <parameter>
            <name value="offset"/>
            <valueInteger value="0"/>
          </parameter>
          <parameter>
            <name value="excludeNested"/>
            <valueBoolean value="false"/>
          </parameter>
          <parameter>
            <name value="used-codesystem"/>
            <valueUri value="http://helsenorge.no/fhir/CodeSystem/hn-appointment-flag-code-cs|1.0.0"/>
          </parameter>
          <contains>
            <system value="http://helsenorge.no/fhir/CodeSystem/hn-appointment-flag-code-cs"/>
            <code value="cancel"/>
            <display value="Innbygger kan kansellere timen"/>
          </contains>
          <contains>
            <system value="http://helsenorge.no/fhir/CodeSystem/hn-appointment-flag-code-cs"/>
            <code value="canChangeAppointmentDialog"/>
            <display value="Innbygger kan be om endret time (Dialogmeldinger)"/>
          </contains>
          <contains>
            <system value="http://helsenorge.no/fhir/CodeSystem/hn-appointment-flag-code-cs"/>
            <code value="canUseShortNotice"/>
            <display value="Innbygger kan komme på kort varsel"/>
          </contains>
          <contains>
            <system value="http://helsenorge.no/fhir/CodeSystem/hn-appointment-flag-code-cs"/>
            <code value="canCancelServiceRequest"/>
            <display value="Innbygger kan be om at behandlingsløp avsluttes"/>
          </contains>
          <contains>
            <system value="http://helsenorge.no/fhir/CodeSystem/hn-appointment-flag-code-cs"/>
            <code value="canChangeConferenceType"/>
            <display value="Innbygger kan be om endret konferanse type"/>
          </contains>
          <contains>
            <system value="http://helsenorge.no/fhir/CodeSystem/hn-appointment-flag-code-cs"/>
            <code value="canAcknowledge"/>
            <display value="Timen/opphold kan bekreftes av innbygger"/>
          </contains>
          <contains>
            <system value="http://helsenorge.no/fhir/CodeSystem/hn-appointment-flag-code-cs"/>
            <code value="canChangeAppointment"/>
            <display value="Innbygger kan be om endret time"/>
          </contains>
          <contains>
            <system value="http://helsenorge.no/fhir/CodeSystem/hn-appointment-flag-code-cs"/>
            <code value="canHaveAppointmentDetails"/>
            <display value="Det finnes ytterlege timedetaljer på time/timeavtale som kan hentes"/>
          </contains>
          <contains>
            <system value="http://helsenorge.no/fhir/CodeSystem/hn-appointment-flag-code-cs"/>
            <code value="canInitiateDialog"/>
            <display value="Dialog kan inisieres"/>
          </contains>
        </expansion>
      </ValueSet>
    </resource>
  </entry>
  <entry>
    <fullUrl value="http://helsenorge.no/fhir/ValueSet/hn-basis-virtual-service-type.valueset"/>
    <resource>
      <ValueSet>
        <text>
          <status value="generated"/>
          <div xmlns="http://www.w3.org/1999/xhtml">
            <p class="res-header-id">
              <b>Generated Narrative: ValueSet </b>
            </p>
            <p style="border: black 1px dotted; background-color: #EEEEEE; padding: 8px; margin-bottom: 8px">Expansion done internally based on 
              <a href="http://hl7.org/fhir/R4/codesystem-contact-point-system.html">codesystem ContactPointSystem v4.0.1 (CodeSystem)</a>
            </p>
            <p>This value set contains 2 concepts</p>
            <table class="codes">
              <tr>
                <td style="white-space:nowrap">
                  <b>Code</b>
                </td>
                <td>
                  <b>System</b>
                </td>
                <td>
                  <b>Display</b>
                </td>
                <td>
                  <b>Definition</b>
                </td>
              </tr>
              <tr>
                <td style="white-space:nowrap">
                  <a name="x-http://hl7.org/fhir/contact-point-system-url"> </a>  
                  <a href="http://hl7.org/fhir/R4/codesystem-contact-point-system.html#contact-point-system-url">url</a>
                </td>
                <td>http://hl7.org/fhir/contact-point-system</td>
                <td>URL</td>
                <td>
                  <div>
                    <p>A contact that is not a phone, fax, pager or email address and is expressed as a URL.  This is intended for various institutional or personal contacts including web sites, blogs, Skype, Twitter, Facebook, etc. Do not use for email addresses.</p>

                  </div>
                </td>
              </tr>
              <tr>
                <td style="white-space:nowrap">
                  <a name="x-http://hl7.org/fhir/contact-point-system-phone"> </a>  
                  <a href="http://hl7.org/fhir/R4/codesystem-contact-point-system.html#contact-point-system-phone">phone</a>
                </td>
                <td>http://hl7.org/fhir/contact-point-system</td>
                <td>Phone</td>
                <td>
                  <div>
                    <p>The value is a telephone number used for voice calls. Use of full international numbers starting with + is recommended to enable automatic dialing support but not required.</p>

                  </div>
                </td>
              </tr>
            </table>
          </div>
        </text>
        <url value="http://helsenorge.no/fhir/ValueSet/hn-basis-virtual-service-type.valueset"/>
        <version value="1.0.0"/>
        <name value="HnBasisVirtualServiceType"/>
        <title value="Hn Basis VirtualServiceType Value Set"/>
        <status value="draft"/>
        <experimental value="true"/>
        <date value="2025-06-05T14:31:57+02:00"/>
        <expansion>
          <identifier value="urn:uuid:44994c9e-4faf-443a-adda-a6c19e29f73d"/>
          <timestamp value="2025-06-05T14:32:27+02:00"/>
          <total value="2"/>
          <offset value="0"/>
          <parameter>
            <name value="count"/>
            <valueInteger value="1000"/>
          </parameter>
          <parameter>
            <name value="offset"/>
            <valueInteger value="0"/>
          </parameter>
          <parameter>
            <name value="excludeNested"/>
            <valueBoolean value="false"/>
          </parameter>
          <parameter>
            <name value="used-codesystem"/>
            <valueUri value="http://hl7.org/fhir/contact-point-system|4.0.1"/>
          </parameter>
          <contains>
            <system value="http://hl7.org/fhir/contact-point-system"/>
            <code value="url"/>
            <display value="URL"/>
          </contains>
          <contains>
            <system value="http://hl7.org/fhir/contact-point-system"/>
            <code value="phone"/>
            <display value="Phone"/>
          </contains>
        </expansion>
      </ValueSet>
    </resource>
  </entry>
</Bundle>