<?xml version="1.0" encoding="UTF-8"?>

<Bundle xmlns="http://hl7.org/fhir">
  <id value="8a116ac6-a082-449a-8297-6c6cab30c386"/>
  <meta>
    <lastUpdated value="2023-10-12T00:46:45.315+02:00"/>
  </meta>
  <type value="collection"/>
  <entry>
    <fullUrl value="http://helsenorge.no/fhir/ValueSet/hn-appointment-flag-code-vs"/>
    <resource>
      <ValueSet>
        <text>
          <status value="generated"/>
          <div xmlns="http://www.w3.org/1999/xhtml">
            <p>This value set contains 9 concepts</p>
            <p style="border: black 1px dotted; background-color: #EEEEEE; padding: 8px; margin-bottom: 8px">Expansion based on 
              <a href="CodeSystem-hn-appointment-flag-code-cs.html">codesystem hn-appointment-flag-code-cs v0.1.0 (CodeSystem)</a>
            </p>
            <table class="codes">
              <tr>
                <td style="white-space:nowrap">
                  <b>Code</b>
                </td>
                <td>
                  <b>System</b>
                </td>
                <td>
                  <b>Display</b>
                </td>
              </tr>
              <tr>
                <td style="white-space:nowrap">
                  <a name="http---helsenorge.no-fhir-CodeSystem-hn-appointment-flag-code-cs-cancel"> </a>  
                  <a href="CodeSystem-hn-appointment-flag-code-cs.html#hn-appointment-flag-code-cs-cancel">cancel</a>
                </td>
                <td>http://helsenorge.no/fhir/CodeSystem/hn-appointment-flag-code-cs</td>
                <td>Innbygger kan kansellere timen</td>
              </tr>
              <tr>
                <td style="white-space:nowrap">
                  <a name="http---helsenorge.no-fhir-CodeSystem-hn-appointment-flag-code-cs-canChangeAppointmentDialog"> </a>  
                  <a href="CodeSystem-hn-appointment-flag-code-cs.html#hn-appointment-flag-code-cs-canChangeAppointmentDialog">canChangeAppointmentDialog</a>
                </td>
                <td>http://helsenorge.no/fhir/CodeSystem/hn-appointment-flag-code-cs</td>
                <td>Innbygger kan be om endret time (Dialogmeldinger)</td>
              </tr>
              <tr>
                <td style="white-space:nowrap">
                  <a name="http---helsenorge.no-fhir-CodeSystem-hn-appointment-flag-code-cs-canUseShortNotice"> </a>  
                  <a href="CodeSystem-hn-appointment-flag-code-cs.html#hn-appointment-flag-code-cs-canUseShortNotice">canUseShortNotice</a>
                </td>
                <td>http://helsenorge.no/fhir/CodeSystem/hn-appointment-flag-code-cs</td>
                <td>Innbygger kan komme på kort varsel</td>
              </tr>
              <tr>
                <td style="white-space:nowrap">
                  <a name="http---helsenorge.no-fhir-CodeSystem-hn-appointment-flag-code-cs-canCancelServiceRequest"> </a>  
                  <a href="CodeSystem-hn-appointment-flag-code-cs.html#hn-appointment-flag-code-cs-canCancelServiceRequest">canCancelServiceRequest</a>
                </td>
                <td>http://helsenorge.no/fhir/CodeSystem/hn-appointment-flag-code-cs</td>
                <td>Innbygger kan be om at behandlingsløp avsluttes</td>
              </tr>
              <tr>
                <td style="white-space:nowrap">
                  <a name="http---helsenorge.no-fhir-CodeSystem-hn-appointment-flag-code-cs-canChangeConferenceType"> </a>  
                  <a href="CodeSystem-hn-appointment-flag-code-cs.html#hn-appointment-flag-code-cs-canChangeConferenceType">canChangeConferenceType</a>
                </td>
                <td>http://helsenorge.no/fhir/CodeSystem/hn-appointment-flag-code-cs</td>
                <td>Innbygger kan be om endret konferanse type</td>
              </tr>
              <tr>
                <td style="white-space:nowrap">
                  <a name="http---helsenorge.no-fhir-CodeSystem-hn-appointment-flag-code-cs-canAcknowledge"> </a>  
                  <a href="CodeSystem-hn-appointment-flag-code-cs.html#hn-appointment-flag-code-cs-canAcknowledge">canAcknowledge</a>
                </td>
                <td>http://helsenorge.no/fhir/CodeSystem/hn-appointment-flag-code-cs</td>
                <td>Timen/opphold kan bekreftes av innbygger</td>
              </tr>
              <tr>
                <td style="white-space:nowrap">
                  <a name="http---helsenorge.no-fhir-CodeSystem-hn-appointment-flag-code-cs-canChangeAppointment"> </a>  
                  <a href="CodeSystem-hn-appointment-flag-code-cs.html#hn-appointment-flag-code-cs-canChangeAppointment">canChangeAppointment</a>
                </td>
                <td>http://helsenorge.no/fhir/CodeSystem/hn-appointment-flag-code-cs</td>
                <td>Innbygger kan be om endret time</td>
              </tr>
              <tr>
                <td style="white-space:nowrap">
                  <a name="http---helsenorge.no-fhir-CodeSystem-hn-appointment-flag-code-cs-canHaveAppointmentDetails"> </a>  
                  <a href="CodeSystem-hn-appointment-flag-code-cs.html#hn-appointment-flag-code-cs-canHaveAppointmentDetails">canHaveAppointmentDetails</a>
                </td>
                <td>http://helsenorge.no/fhir/CodeSystem/hn-appointment-flag-code-cs</td>
                <td>Det finnes ytterlege timedetaljer på time/timeavtale som kan hentes</td>
              </tr>
              <tr>
                <td style="white-space:nowrap">
                  <a name="http---helsenorge.no-fhir-CodeSystem-hn-appointment-flag-code-cs-canInitateDialog"> </a>  
                  <a href="CodeSystem-hn-appointment-flag-code-cs.html#hn-appointment-flag-code-cs-canInitateDialog">canInitateDialog</a>
                </td>
                <td>http://helsenorge.no/fhir/CodeSystem/hn-appointment-flag-code-cs</td>
                <td>Dialog kan inisieres</td>
              </tr>
            </table>
          </div>
        </text>
        <url value="http://helsenorge.no/fhir/ValueSet/hn-appointment-flag-code-vs"/>
        <version value="0.1.0"/>
        <name value="HnAppointmentFlagCodeVS"/>
        <title value="hn-appointment-flag-code-vs"/>
        <status value="draft"/>
        <experimental value="false"/>
        <date value="2023-10-12T00:46:45+02:00"/>
        <expansion>
          <identifier value="urn:uuid:f4cbc739-1951-43aa-93b0-dec74c325d1e"/>
          <timestamp value="2023-10-12T00:47:33+02:00"/>
          <total value="9"/>
          <parameter>
            <name value="excludeNested"/>
            <valueBoolean value="false"/>
          </parameter>
          <parameter>
            <name value="used-codesystem"/>
            <valueUri value="http://helsenorge.no/fhir/CodeSystem/hn-appointment-flag-code-cs|0.1.0"/>
          </parameter>
          <contains>
            <system value="http://helsenorge.no/fhir/CodeSystem/hn-appointment-flag-code-cs"/>
            <code value="cancel"/>
            <display value="Innbygger kan kansellere timen"/>
          </contains>
          <contains>
            <system value="http://helsenorge.no/fhir/CodeSystem/hn-appointment-flag-code-cs"/>
            <code value="canChangeAppointmentDialog"/>
            <display value="Innbygger kan be om endret time (Dialogmeldinger)"/>
          </contains>
          <contains>
            <system value="http://helsenorge.no/fhir/CodeSystem/hn-appointment-flag-code-cs"/>
            <code value="canUseShortNotice"/>
            <display value="Innbygger kan komme på kort varsel"/>
          </contains>
          <contains>
            <system value="http://helsenorge.no/fhir/CodeSystem/hn-appointment-flag-code-cs"/>
            <code value="canCancelServiceRequest"/>
            <display value="Innbygger kan be om at behandlingsløp avsluttes"/>
          </contains>
          <contains>
            <system value="http://helsenorge.no/fhir/CodeSystem/hn-appointment-flag-code-cs"/>
            <code value="canChangeConferenceType"/>
            <display value="Innbygger kan be om endret konferanse type"/>
          </contains>
          <contains>
            <system value="http://helsenorge.no/fhir/CodeSystem/hn-appointment-flag-code-cs"/>
            <code value="canAcknowledge"/>
            <display value="Timen/opphold kan bekreftes av innbygger"/>
          </contains>
          <contains>
            <system value="http://helsenorge.no/fhir/CodeSystem/hn-appointment-flag-code-cs"/>
            <code value="canChangeAppointment"/>
            <display value="Innbygger kan be om endret time"/>
          </contains>
          <contains>
            <system value="http://helsenorge.no/fhir/CodeSystem/hn-appointment-flag-code-cs"/>
            <code value="canHaveAppointmentDetails"/>
            <display value="Det finnes ytterlege timedetaljer på time/timeavtale som kan hentes"/>
          </contains>
          <contains>
            <system value="http://helsenorge.no/fhir/CodeSystem/hn-appointment-flag-code-cs"/>
            <code value="canInitateDialog"/>
            <display value="Dialog kan inisieres"/>
          </contains>
        </expansion>
      </ValueSet>
    </resource>
  </entry>
  <entry>
    <fullUrl value="http://helsenorge.no/fhir/ValueSet/hn-appointment-ServiceCategory-code-vs"/>
    <resource>
      <ValueSet>
        <text>
          <status value="generated"/>
          <div xmlns="http://www.w3.org/1999/xhtml">
            <p>This value set contains 4 concepts</p>
            <p style="border: black 1px dotted; background-color: #ffcccc; padding: 8px; margin-bottom: 8px">Expansion based on example code system http://terminology.hl7.org/CodeSystem/service-category http://terminology.hl7.org/CodeSystem/service-category version 4.0.1</p>
            <div style="border: black 1px dotted; background-color: #EEEEEE; padding: 8px; margin-bottom: 8px">
              <p>Expansion based on: </p>
              <ul>
                <li>codesystem http://terminology.hl7.org/CodeSystem/service-category version 4.0.1</li>
                <li>system http://terminology.hl7.org/CodeSystem/service-category version 4.0.1</li>
              </ul>
            </div>
            <table class="codes">
              <tr>
                <td style="white-space:nowrap">
                  <b>Code</b>
                </td>
                <td>
                  <b>System</b>
                </td>
                <td>
                  <b>Display</b>
                </td>
                <td>
                  <b>Definition</b>
                </td>
              </tr>
              <tr>
                <td style="white-space:nowrap">
                  <a name="http---terminology.hl7.org-CodeSystem-service-category-10"> </a>  10
                </td>
                <td>http://terminology.hl7.org/CodeSystem/service-category</td>
                <td>Dental</td>
                <td>
                  <div>
                    <p>Dental</p>

                  </div>
                </td>
              </tr>
              <tr>
                <td style="white-space:nowrap">
                  <a name="http---terminology.hl7.org-CodeSystem-service-category-27"> </a>  27
                </td>
                <td>http://terminology.hl7.org/CodeSystem/service-category</td>
                <td>Specialist Medical</td>
                <td>
                  <div>
                    <p>Specialist Medical - requires referral</p>

                  </div>
                </td>
              </tr>
              <tr>
                <td style="white-space:nowrap">
                  <a name="http---terminology.hl7.org-CodeSystem-service-category-17"> </a>  17
                </td>
                <td>http://terminology.hl7.org/CodeSystem/service-category</td>
                <td>General Practice</td>
                <td>
                  <div>
                    <p>General Practice/GP (doctor)</p>

                  </div>
                </td>
              </tr>
              <tr>
                <td style="white-space:nowrap">
                  <a name="http---terminology.hl7.org-CodeSystem-service-category-7"> </a>  7
                </td>
                <td>http://terminology.hl7.org/CodeSystem/service-category</td>
                <td>Community Health Care</td>
                <td>
                  <div>
                    <p>Community Health Care</p>

                  </div>
                </td>
              </tr>
            </table>
          </div>
        </text>
        <url value="http://helsenorge.no/fhir/ValueSet/hn-appointment-ServiceCategory-code-vs"/>
        <version value="0.1.0"/>
        <name value="HnAppointmentServiceCategoryVS"/>
        <title value="hn-appointment-ServiceCategory-code-vs"/>
        <status value="draft"/>
        <date value="2023-09-25T00:03:25+02:00"/>
        <expansion>
          <identifier value="urn:uuid:ee5e8a32-61fe-4ca0-8f5e-2fcc6dc75c1d"/>
          <timestamp value="2023-09-24T22:04:47.488Z"/>
          <total value="4"/>
          <parameter>
            <name value="limitedExpansion"/>
            <valueBoolean value="true"/>
          </parameter>
          <parameter>
            <name value="excludeNested"/>
            <valueBoolean value="false"/>
          </parameter>
          <parameter>
            <name value="example"/>
            <valueUri value="http://terminology.hl7.org/CodeSystem/service-category|4.0.1"/>
          </parameter>
          <parameter>
            <name value="used-codesystem"/>
            <valueUri value="http://terminology.hl7.org/CodeSystem/service-category|4.0.1"/>
          </parameter>
          <parameter>
            <name value="version"/>
            <valueUri value="http://terminology.hl7.org/CodeSystem/service-category|4.0.1"/>
          </parameter>
          <contains>
            <system value="http://terminology.hl7.org/CodeSystem/service-category"/>
            <code value="10"/>
            <display value="Dental"/>
          </contains>
          <contains>
            <system value="http://terminology.hl7.org/CodeSystem/service-category"/>
            <code value="27"/>
            <display value="Specialist Medical"/>
          </contains>
          <contains>
            <system value="http://terminology.hl7.org/CodeSystem/service-category"/>
            <code value="17"/>
            <display value="General Practice"/>
          </contains>
          <contains>
            <system value="http://terminology.hl7.org/CodeSystem/service-category"/>
            <code value="7"/>
            <display value="Community Health Care"/>
          </contains>
        </expansion>
      </ValueSet>
    </resource>
  </entry>
</Bundle>