<?xml version="1.0" encoding="UTF-8"?>

<Appointment xmlns="http://hl7.org/fhir">
  <id value="VideoAppointmentEksempel"/>
  <meta>
    <profile value="http://helsenorge.no/fhir/StructureDefinition/hn-basis-appointment"/>
    <tag>
      <system value="http://helsenorge.no/fhir/paminnelse"/>
      <code value="1"/>
    </tag>
  </meta>
  <text>
    <status value="extensions"/><div xmlns="http://www.w3.org/1999/xhtml"><p><b>Generated Narrative: Appointment</b><a name="VideoAppointmentEksempel"> </a></p><div style="display: inline-block; background-color: #d9e0e7; padding: 6px; margin: 4px; border: 1px solid #8da1b4; border-radius: 5px; line-height: 60%"><p style="margin-bottom: 0px">Resource Appointment &quot;VideoAppointmentEksempel&quot; </p><p style="margin-bottom: 0px">Profile: <a href="StructureDefinition-hn-basis-appointment.html">hn-basis-appointment</a></p><p style="margin-bottom: 0px">Tag: <span title="{http://helsenorge.no/fhir/paminnelse http://helsenorge.no/fhir/paminnelse}">http://helsenorge.no/fhir/paminnelse</span></p></div><blockquote><p><b>no-basis-Virtual-Service</b></p><blockquote><p><b>url</b></p><code>channelType</code></blockquote><p><b>value</b>: URL (Details: http://hl7.org/fhir/contact-point-system code url = 'URL', stated as 'null')</p><blockquote><p><b>url</b></p><code>virtualAddress</code></blockquote><p><b>value</b>: <a href="https://join.nhn.no/webapp2/home">https://join.nhn.no/webapp2/home</a></p></blockquote><p><b>identifier</b>: id: aa4606dd-754a-49b7-aad9-db34dfa30a94</p><p><b>status</b>: booked</p><p><b>serviceCategory</b>: 27 <span style="background: LightGoldenRodYellow; margin: 4px; border: 1px solid khaki"> (<a href="http://terminology.hl7.org/5.3.0/CodeSystem-service-category.html">Service category</a>#27)</span></p><p><b>appointmentType</b>: Poliklinisk time <span style="background: LightGoldenRodYellow; margin: 4px; border: 1px solid khaki"> (<a href="CodeSystem-Hn-AppointmentTypeProposed-New-Codes-cs.html">New codes that shold be used as default for appointmentType.</a>#Poliklinisktime)</span></p><p><b>description</b>: Videotime for å vurdere om det er videre behov for oppfølging etter operasjon.</p><p><b>supportingInformation</b>: </p><ul><li><a name="aaf5da36-ab2d-44f1-a78a-64f69351df62"> </a></li><li><a name="aae3d03e-7dd2-46a7-923c-99e9dad3535d"> </a></li><li><a name="aaaf1b62-cfd7-4e4d-90b1-113f13565a6c"> </a></li><li><a name="aa9bdb59-6343-4b1b-974b-5d652634c55c"> </a></li><li><a name="aa5c6586-f828-4558-ab87-2ee13cfd43fe"> </a></li><li><a name="aa277876-6677-46cb-b16b-45b633b19777"> </a></li></ul><blockquote><p/><p><a name="aaf5da36-ab2d-44f1-a78a-64f69351df62"> </a></p><p><b>identifier</b>: id: 23461345</p><p><b>active</b>: true</p><p><b>type</b>: 05 <span style="background: LightGoldenRodYellow; margin: 4px; border: 1px solid khaki"> (unknown#05)</span></p><p><b>partOf</b>: <a href="#aa120952-a283-4267-b16e-846ca17dc07c">#aa120952-a283-4267-b16e-846ca17dc07c</a></p></blockquote><blockquote><p/><p><a name="aae3d03e-7dd2-46a7-923c-99e9dad3535d"> </a></p><p><b>status</b>: active</p><p><b>code</b>: Innbygger kan be om endret time <span style="background: LightGoldenRodYellow; margin: 4px; border: 1px solid khaki"> (<a href="CodeSystem-hn-appointment-flag-code-cs.html">hn-appointment-flag-code-cs</a>#canChangeAppointmentDialog)</span></p><p><b>subject</b>: <span>id: 22067612345</span></p></blockquote><blockquote><p/><p><a name="aaaf1b62-cfd7-4e4d-90b1-113f13565a6c"> </a></p><p><b>status</b>: active</p><p><b>code</b>: Innbygger kan komme på kort varsel <span style="background: LightGoldenRodYellow; margin: 4px; border: 1px solid khaki"> (<a href="CodeSystem-hn-appointment-flag-code-cs.html">hn-appointment-flag-code-cs</a>#canUseShortNotice)</span></p><p><b>subject</b>: <span>id: 22067612345</span></p></blockquote><blockquote><p/><p><a name="aa9bdb59-6343-4b1b-974b-5d652634c55c"> </a></p><p><b>status</b>: active</p><p><b>code</b>: Timen/opphold kan bekreftes av innbygger <span style="background: LightGoldenRodYellow; margin: 4px; border: 1px solid khaki"> (<a href="CodeSystem-hn-appointment-flag-code-cs.html">hn-appointment-flag-code-cs</a>#canAcknowledge)</span></p><p><b>subject</b>: <span>id: 22067612345</span></p></blockquote><blockquote><p/><p><a name="aa5c6586-f828-4558-ab87-2ee13cfd43fe"> </a></p><p><b>status</b>: active</p><p><b>code</b>: Det finnes ytterlige timedetaljer på time/timeavtale som kan hentes <span style="background: LightGoldenRodYellow; margin: 4px; border: 1px solid khaki"> (<a href="CodeSystem-hn-appointment-flag-code-cs.html">hn-appointment-flag-code-cs</a>#canHaveAppointmentDetails)</span></p><p><b>subject</b>: <span>id: 22067612345</span></p></blockquote><blockquote><p/><p><a name="aa277876-6677-46cb-b16b-45b633b19777"> </a></p><p><b>status</b>: active</p><p><b>code</b>: Dialog kan initieres <span style="background: LightGoldenRodYellow; margin: 4px; border: 1px solid khaki"> (<a href="CodeSystem-hn-appointment-flag-code-cs.html">hn-appointment-flag-code-cs</a>#canInitiateDialog)</span></p><p><b>subject</b>: <span>id: 22067612345</span></p></blockquote><p><b>start</b>: 3. des. 2023, 11:00:00</p><p><b>end</b>: 3. des. 2023, 12:00:00</p><p><b>patientInstruction</b>: Se innkallingsbrev med beskrivelse av måten du bruker video løsningen samt addresse til møterom.</p><blockquote><p><b>participant</b></p><p><b>actor</b>: <span>id: 22067612345</span></p><p><b>status</b>: accepted</p></blockquote><blockquote><p><b>participant</b></p><p><b>actor</b>: <a name="aadabd81-457e-4175-8872-ce4ee5db896e"> </a></p><blockquote><p/><p><a name="aadabd81-457e-4175-8872-ce4ee5db896e"> </a></p><p><b>identifier</b>: id: 13578357</p><p><b>name</b>: Ortopedisk poliklinikk</p><p><b>type</b>: Hospital unit <span style="background: LightGoldenRodYellow; margin: 4px; border: 1px solid khaki"> (<a href="http://terminology.hl7.org/5.3.0/CodeSystem-v3-RoleCode.html">RoleCode</a>#HU)</span></p><p><b>managingOrganization</b>: <a href="#aad1254e-2fa5-4b33-a05f-ab744906ff2e">#aad1254e-2fa5-4b33-a05f-ab744906ff2e</a></p></blockquote><p><b>status</b>: accepted</p></blockquote><blockquote><p><b>participant</b></p><p><b>actor</b>: <a name="aaa45fd0-3a85-4549-ad06-09dce6197f93"> </a></p><blockquote><p/><p><a name="aaa45fd0-3a85-4549-ad06-09dce6197f93"> </a></p><p><b>identifier</b>: id: 4735683568</p><p><b>name</b>: Rikshospitalet</p><p><b>type</b>: Hospital <span style="background: LightGoldenRodYellow; margin: 4px; border: 1px solid khaki"> (<a href="http://terminology.hl7.org/5.3.0/CodeSystem-v3-RoleCode.html">RoleCode</a>#HOSP)</span></p><p><b>managingOrganization</b>: <a href="#aad1254e-2fa5-4b33-a05f-ab744906ff2e">#aad1254e-2fa5-4b33-a05f-ab744906ff2e</a></p></blockquote><p><b>status</b>: accepted</p></blockquote><hr/><blockquote><p><b>Generated Narrative: Organization #aac4b733-c3c9-4b66-bf66-2d8001f19d6b</b><a name="aac4b733-c3c9-4b66-bf66-2d8001f19d6b"> </a></p><p><b>identifier</b>: id: 993467049</p><p><b>name</b>: Assigner-instance</p></blockquote><hr/><blockquote><p><b>Generated Narrative: Location #aaa45fd0-3a85-4549-ad06-09dce6197f93</b><a name="aaa45fd0-3a85-4549-ad06-09dce6197f93"> </a></p><p><b>identifier</b>: id: 4735683568</p><p><b>name</b>: Rikshospitalet</p><p><b>type</b>: Hospital <span style="background: LightGoldenRodYellow; margin: 4px; border: 1px solid khaki"> (<a href="http://terminology.hl7.org/5.3.0/CodeSystem-v3-RoleCode.html">RoleCode</a>#HOSP)</span></p><p><b>managingOrganization</b>: <a href="#aad1254e-2fa5-4b33-a05f-ab744906ff2e">#aad1254e-2fa5-4b33-a05f-ab744906ff2e</a></p></blockquote><hr/><blockquote><p><b>Generated Narrative: Organization #aad1254e-2fa5-4b33-a05f-ab744906ff2e</b><a name="aad1254e-2fa5-4b33-a05f-ab744906ff2e"> </a></p><p><b>identifier</b>: id: 993467049, id: 546152152</p><p><b>name</b>: Rikshospitalet HF</p></blockquote><hr/><blockquote><p><b>Generated Narrative: Location #aadabd81-457e-4175-8872-ce4ee5db896e</b><a name="aadabd81-457e-4175-8872-ce4ee5db896e"> </a></p><p><b>identifier</b>: id: 13578357</p><p><b>name</b>: Ortopedisk poliklinikk</p><p><b>type</b>: Hospital unit <span style="background: LightGoldenRodYellow; margin: 4px; border: 1px solid khaki"> (<a href="http://terminology.hl7.org/5.3.0/CodeSystem-v3-RoleCode.html">RoleCode</a>#HU)</span></p><p><b>managingOrganization</b>: <a href="#aad1254e-2fa5-4b33-a05f-ab744906ff2e">#aad1254e-2fa5-4b33-a05f-ab744906ff2e</a></p></blockquote><hr/><blockquote><p><b>Generated Narrative: Organization #aaf5da36-ab2d-44f1-a78a-64f69351df62</b><a name="aaf5da36-ab2d-44f1-a78a-64f69351df62"> </a></p><p><b>identifier</b>: id: 23461345</p><p><b>active</b>: true</p><p><b>type</b>: 05 <span style="background: LightGoldenRodYellow; margin: 4px; border: 1px solid khaki"> (unknown#05)</span></p><p><b>partOf</b>: <a href="#aa120952-a283-4267-b16e-846ca17dc07c">#aa120952-a283-4267-b16e-846ca17dc07c</a></p></blockquote><hr/><blockquote><p><b>Generated Narrative: Organization #aa120952-a283-4267-b16e-846ca17dc07c</b><a name="aa120952-a283-4267-b16e-846ca17dc07c"> </a></p><p><b>identifier</b>: id: 993467049</p></blockquote><hr/><blockquote><p><b>Generated Narrative: Flag #aae3d03e-7dd2-46a7-923c-99e9dad3535d</b><a name="aae3d03e-7dd2-46a7-923c-99e9dad3535d"> </a></p><p><b>status</b>: active</p><p><b>code</b>: Innbygger kan be om endret time <span style="background: LightGoldenRodYellow; margin: 4px; border: 1px solid khaki"> (<a href="CodeSystem-hn-appointment-flag-code-cs.html">hn-appointment-flag-code-cs</a>#canChangeAppointmentDialog)</span></p><p><b>subject</b>: <span>id: 22067612345</span></p></blockquote><hr/><blockquote><p><b>Generated Narrative: Flag #aaaf1b62-cfd7-4e4d-90b1-113f13565a6c</b><a name="aaaf1b62-cfd7-4e4d-90b1-113f13565a6c"> </a></p><p><b>status</b>: active</p><p><b>code</b>: Innbygger kan komme på kort varsel <span style="background: LightGoldenRodYellow; margin: 4px; border: 1px solid khaki"> (<a href="CodeSystem-hn-appointment-flag-code-cs.html">hn-appointment-flag-code-cs</a>#canUseShortNotice)</span></p><p><b>subject</b>: <span>id: 22067612345</span></p></blockquote><hr/><blockquote><p><b>Generated Narrative: Flag #aa9bdb59-6343-4b1b-974b-5d652634c55c</b><a name="aa9bdb59-6343-4b1b-974b-5d652634c55c"> </a></p><p><b>status</b>: active</p><p><b>code</b>: Timen/opphold kan bekreftes av innbygger <span style="background: LightGoldenRodYellow; margin: 4px; border: 1px solid khaki"> (<a href="CodeSystem-hn-appointment-flag-code-cs.html">hn-appointment-flag-code-cs</a>#canAcknowledge)</span></p><p><b>subject</b>: <span>id: 22067612345</span></p></blockquote><hr/><blockquote><p><b>Generated Narrative: Flag #aa5c6586-f828-4558-ab87-2ee13cfd43fe</b><a name="aa5c6586-f828-4558-ab87-2ee13cfd43fe"> </a></p><p><b>status</b>: active</p><p><b>code</b>: Det finnes ytterlige timedetaljer på time/timeavtale som kan hentes <span style="background: LightGoldenRodYellow; margin: 4px; border: 1px solid khaki"> (<a href="CodeSystem-hn-appointment-flag-code-cs.html">hn-appointment-flag-code-cs</a>#canHaveAppointmentDetails)</span></p><p><b>subject</b>: <span>id: 22067612345</span></p></blockquote><hr/><blockquote><p><b>Generated Narrative: Flag #aa277876-6677-46cb-b16b-45b633b19777</b><a name="aa277876-6677-46cb-b16b-45b633b19777"> </a></p><p><b>status</b>: active</p><p><b>code</b>: Dialog kan initieres <span style="background: LightGoldenRodYellow; margin: 4px; border: 1px solid khaki"> (<a href="CodeSystem-hn-appointment-flag-code-cs.html">hn-appointment-flag-code-cs</a>#canInitiateDialog)</span></p><p><b>subject</b>: <span>id: 22067612345</span></p></blockquote></div>
  </text>
  <contained>
    <Organization>
      <id value="aac4b733-c3c9-4b66-bf66-2d8001f19d6b"/>
      <meta>
        <profile value="http://hl7.no/fhir/StructureDefinition/no-basis-Organization"/>
      </meta>
      <identifier>
        <system value="urn:oid:2.16.578.1.12.4.1.4.101"/>
        <value value="993467049"/>
      </identifier>
      <name value="Assigner-instance"/>
    </Organization>
  </contained>
  <contained>
    <Location>
      <id value="aaa45fd0-3a85-4549-ad06-09dce6197f93"/>
      <meta>
        <profile value="http://hl7.no/fhir/StructureDefinition/no-basis-Location"/>
      </meta>
      <identifier>
        <system value="urn:oid:2.16.578.1.12.4.1.4.102"/>
        <value value="4735683568"/>
      </identifier>
      <name value="Rikshospitalet"/>
      <type>
        <coding>
          <system value="http://terminology.hl7.org/CodeSystem/v3-RoleCode"/>
          <code value="HOSP"/>
        </coding>
      </type>
      <managingOrganization>
        <reference value="#aad1254e-2fa5-4b33-a05f-ab744906ff2e"/>
      </managingOrganization>
    </Location>
  </contained>
  <contained>
    <Organization>
      <id value="aad1254e-2fa5-4b33-a05f-ab744906ff2e"/>
      <meta>
        <profile value="http://hl7.no/fhir/StructureDefinition/no-basis-Organization"/>
      </meta>
      <identifier>
        <system value="urn:oid:2.16.578.1.12.4.1.4.101"/>
        <value value="993467049"/>
      </identifier>
      <identifier>
        <system value="urn:oid:2.16.578.1.12.4.1.1"/>
        <value value="546152152"/>
      </identifier>
      <name value="Rikshospitalet HF"/>
    </Organization>
  </contained>
  <contained>
    <Location>
      <id value="aadabd81-457e-4175-8872-ce4ee5db896e"/>
      <meta>
        <profile value="http://hl7.no/fhir/StructureDefinition/no-basis-Location"/>
      </meta>
      <identifier>
        <system value="urn:oid:2.16.578.1.12.4.1.4.102"/>
        <value value="13578357"/>
      </identifier>
      <name value="Ortopedisk poliklinikk"/>
      <type>
        <coding>
          <system value="http://terminology.hl7.org/CodeSystem/v3-RoleCode"/>
          <code value="HU"/>
        </coding>
      </type>
      <managingOrganization>
        <reference value="#aad1254e-2fa5-4b33-a05f-ab744906ff2e"/>
      </managingOrganization>
    </Location>
  </contained>
  <contained>
    <Organization>
      <id value="aaf5da36-ab2d-44f1-a78a-64f69351df62"/>
      <meta>
        <profile value="http://helsenorge.no/fhir/StructureDefinition/kommunikasjonspart-Organization"/>
      </meta>
      <identifier>
        <system value="urn:oid:2.16.578.1.12.4.1.2"/>
        <value value="23461345"/>
      </identifier>
      <active value="true"/>
      <type>
        <coding>
          <system value="urn:oid:2.16.578.1.12.4.1.1.8624"/>
          <code value="05"/>
        </coding>
      </type>
      <partOf>
        <reference value="#aa120952-a283-4267-b16e-846ca17dc07c"/>
      </partOf>
    </Organization>
  </contained>
  <contained>
    <Organization>
      <id value="aa120952-a283-4267-b16e-846ca17dc07c"/>
      <meta>
        <profile value="http://hl7.no/fhir/StructureDefinition/no-basis-Organization"/>
      </meta>
      <identifier>
        <system value="urn:oid:2.16.578.1.12.4.1.4.101"/>
        <value value="993467049"/>
      </identifier>
    </Organization>
  </contained>
  <contained>
    <Flag>
      <id value="aae3d03e-7dd2-46a7-923c-99e9dad3535d"/>
      <meta>
        <profile value="http://helsenorge.no/fhir/StructureDefinition/hn-basis-Flag"/>
      </meta>
      <status value="active"/>
      <code>
        <coding>
          <system value="http://helsenorge.no/fhir/CodeSystem/hn-appointment-flag-code-cs"/>
          <code value="canChangeAppointmentDialog"/>
        </coding>
        <text value="Innbygger kan be om endret time"/>
      </code>
      <subject>
        <identifier>
          <system value="urn:oid:2.16.578.1.12.4.1.4.1"/>
          <value value="22067612345"/>
        </identifier>
      </subject>
    </Flag>
  </contained>
  <contained>
    <Flag>
      <id value="aaaf1b62-cfd7-4e4d-90b1-113f13565a6c"/>
      <meta>
        <profile value="http://helsenorge.no/fhir/StructureDefinition/hn-basis-Flag"/>
      </meta>
      <status value="active"/>
      <code>
        <coding>
          <system value="http://helsenorge.no/fhir/CodeSystem/hn-appointment-flag-code-cs"/>
          <code value="canUseShortNotice"/>
        </coding>
        <text value="Innbygger kan komme på kort varsel"/>
      </code>
      <subject>
        <identifier>
          <system value="urn:oid:2.16.578.1.12.4.1.4.1"/>
          <value value="22067612345"/>
        </identifier>
      </subject>
    </Flag>
  </contained>
  <contained>
    <Flag>
      <id value="aa9bdb59-6343-4b1b-974b-5d652634c55c"/>
      <meta>
        <profile value="http://helsenorge.no/fhir/StructureDefinition/hn-basis-Flag"/>
      </meta>
      <status value="active"/>
      <code>
        <coding>
          <system value="http://helsenorge.no/fhir/CodeSystem/hn-appointment-flag-code-cs"/>
          <code value="canAcknowledge"/>
        </coding>
        <text value="Timen/opphold kan bekreftes av innbygger"/>
      </code>
      <subject>
        <identifier>
          <system value="urn:oid:2.16.578.1.12.4.1.4.1"/>
          <value value="22067612345"/>
        </identifier>
      </subject>
    </Flag>
  </contained>
  <contained>
    <Flag>
      <id value="aa5c6586-f828-4558-ab87-2ee13cfd43fe"/>
      <meta>
        <profile value="http://helsenorge.no/fhir/StructureDefinition/hn-basis-Flag"/>
      </meta>
      <status value="active"/>
      <code>
        <coding>
          <system value="http://helsenorge.no/fhir/CodeSystem/hn-appointment-flag-code-cs"/>
          <code value="canHaveAppointmentDetails"/>
        </coding>
        <text value="Det finnes ytterlige timedetaljer på time/timeavtale som kan hentes"/>
      </code>
      <subject>
        <identifier>
          <system value="urn:oid:2.16.578.1.12.4.1.4.1"/>
          <value value="22067612345"/>
        </identifier>
      </subject>
    </Flag>
  </contained>
  <contained>
    <Flag>
      <id value="aa277876-6677-46cb-b16b-45b633b19777"/>
      <meta>
        <profile value="http://helsenorge.no/fhir/StructureDefinition/hn-basis-Flag"/>
      </meta>
      <status value="active"/>
      <code>
        <coding>
          <system value="http://helsenorge.no/fhir/CodeSystem/hn-appointment-flag-code-cs"/>
          <code value="canInitiateDialog"/>
        </coding>
        <text value="Dialog kan initieres"/>
      </code>
      <subject>
        <identifier>
          <system value="urn:oid:2.16.578.1.12.4.1.4.1"/>
          <value value="22067612345"/>
        </identifier>
      </subject>
    </Flag>
  </contained>
  <extension url="http://hl7.no/fhir/StructureDefinition/no-basis-virtual-service">
    <extension url="channelType">
      <valueCoding>
        <system value="http://hl7.org/fhir/contact-point-system"/>
        <code value="url"/>
      </valueCoding>
    </extension>
    <extension url="virtualAddress">
      <valueUrl value="https://join.nhn.no/webapp2/home"/>
    </extension>
  </extension>
  <identifier>
    <system value="http://dips.no/fhir/namingsystem/dips-bookingid"/>
    <value value="aa4606dd-754a-49b7-aad9-db34dfa30a94"/>
    <assigner>
      <reference value="#aac4b733-c3c9-4b66-bf66-2d8001f19d6b"/>
    </assigner>
  </identifier>
  <status value="booked"/>
  <serviceCategory>
    <coding>
      <system value="http://terminology.hl7.org/CodeSystem/service-category"/>
      <code value="27"/>
    </coding>
  </serviceCategory>
  <appointmentType>
    <coding>
      <system value="http://helsenorge.no/fhir/CodeSystem/Hn-AppointmentTypeProposed-New-Codes-cs"/>
      <code value="Poliklinisktime"/>
    </coding>
  </appointmentType>
  <description value="Videotime for å vurdere om det er videre behov for oppfølging etter operasjon."/>
  <supportingInformation>
    <reference value="#aaf5da36-ab2d-44f1-a78a-64f69351df62"/>
  </supportingInformation>
  <supportingInformation>
    <reference value="#aae3d03e-7dd2-46a7-923c-99e9dad3535d"/>
  </supportingInformation>
  <supportingInformation>
    <reference value="#aaaf1b62-cfd7-4e4d-90b1-113f13565a6c"/>
  </supportingInformation>
  <supportingInformation>
    <reference value="#aa9bdb59-6343-4b1b-974b-5d652634c55c"/>
  </supportingInformation>
  <supportingInformation>
    <reference value="#aa5c6586-f828-4558-ab87-2ee13cfd43fe"/>
  </supportingInformation>
  <supportingInformation>
    <reference value="#aa277876-6677-46cb-b16b-45b633b19777"/>
  </supportingInformation>
  <start value="2023-12-03T12:00:00+02:00"/>
  <end value="2023-12-03T13:00:00+02:00"/>
  <patientInstruction value="Se innkallingsbrev med beskrivelse av måten du bruker video løsningen samt addresse til møterom."/>
  <participant>
    <actor>
      <type value="Patient"/>
      <identifier>
        <system value="urn:oid:2.16.578.1.12.4.1.4.1"/>
        <value value="22067612345"/>
      </identifier>
    </actor>
    <status value="accepted"/>
  </participant>
  <participant>
    <actor>
      <reference value="#aadabd81-457e-4175-8872-ce4ee5db896e"/>
    </actor>
    <status value="accepted"/>
  </participant>
  <participant>
    <actor>
      <reference value="#aaa45fd0-3a85-4549-ad06-09dce6197f93"/>
    </actor>
    <status value="accepted"/>
  </participant>
</Appointment>