<?xml version="1.0" encoding="UTF-8"?>

<Appointment xmlns="http://hl7.org/fhir">
  <id value="34DDC9EC-E84A-EE11-9852-B0074B014ABB"/>
  <meta>
    <profile value="http://helsenorge.no/fhir/StructureDefinition/hn-basis-appointment"/>
    <tag>
      <extension url="http://helsenorge.no/fhir/extension/varselorganisasjon">
        <valueString value="Rikshospitalet"/>
      </extension>
      <system value="http://helsenorge.no/fhir/varsling"/>
      <code value="9"/>
      <display value="Benytt angitt navn som avsender i varsel til innbygger"/>
    </tag>
  </meta>
  <text>
    <status value="generated"/><div xmlns="http://www.w3.org/1999/xhtml"><p><b>Generated Narrative: Appointment</b><a name="34DDC9EC-E84A-EE11-9852-B0074B014ABB"> </a></p><div style="display: inline-block; background-color: #d9e0e7; padding: 6px; margin: 4px; border: 1px solid #8da1b4; border-radius: 5px; line-height: 60%"><p style="margin-bottom: 0px">Resource Appointment &quot;34DDC9EC-E84A-EE11-9852-B0074B014ABB&quot; </p><p style="margin-bottom: 0px">Profile: <a href="StructureDefinition-hn-basis-appointment.html">hn-basis-appointment</a></p><p style="margin-bottom: 0px">Tag: <span title="{http://helsenorge.no/fhir/varsling http://helsenorge.no/fhir/varsling}">http://helsenorge.no/fhir/varsling</span></p></div><p><b>identifier</b>: id: 34DDC9EC-E84A-EE11-9852-B0074B014ABB</p><p><b>status</b>: booked</p><p><b>serviceCategory</b>: Specialist Medical <span style="background: LightGoldenRodYellow; margin: 4px; border: 1px solid khaki"> (<a href="http://terminology.hl7.org/5.3.0/CodeSystem-service-category.html">Service category</a>#27)</span></p><p><b>appointmentType</b>: Behandling som gjøres uten innleggelse <span style="background: LightGoldenRodYellow; margin: 4px; border: 1px solid khaki"> (<a href="CodeSystem-Hn-AppointmentTypeProposed-New-Codes-cs.html">New codes proposed as part of Timetype innbyggerportal </a>#Poliklinisktime)</span></p><p><b>description</b>: Utredning</p><p><b>supportingInformation</b>: </p><ul><li><a href="Organization-833bad1b-e612-4593-9560-c5ea55bce912.html">Organization/833bad1b-e612-4593-9560-c5ea55bce912</a></li><li><a href="Flag-5add71e3-1fcb-4c4d-8065-5ce3c83a5cb8.html">Flag/5add71e3-1fcb-4c4d-8065-5ce3c83a5cb8</a></li></ul><p><b>start</b>: 3. okt. 2023, 10:30:00</p><p><b>end</b>: 3. okt. 2023, 12:00:00</p><p><b>minutesDuration</b>: 90</p><p><b>patientInstruction</b>: Se innkallingsbrev</p><blockquote><p><b>participant</b></p><p><b>type</b>: Participation <span style="background: LightGoldenRodYellow; margin: 4px; border: 1px solid khaki"> (<a href="http://terminology.hl7.org/5.3.0/CodeSystem-v3-ParticipationType.html">ParticipationType</a>#PART)</span></p><p><b>actor</b>: <span>id: 1416601476</span></p><p><b>status</b>: accepted</p></blockquote><blockquote><p><b>participant</b></p><p><b>type</b>: Participation <span style="background: LightGoldenRodYellow; margin: 4px; border: 1px solid khaki"> (<a href="http://terminology.hl7.org/5.3.0/CodeSystem-v3-ParticipationType.html">ParticipationType</a>#PART)</span></p><p><b>actor</b>: <a href="Location-15878c66-d827-4fb9-8528-e234a0de8835.html">Location/15878c66-d827-4fb9-8528-e234a0de8835</a> &quot;Ortopedisk Avdeling, Rikshospitalet&quot;</p><p><b>status</b>: accepted</p></blockquote></div>
  </text>
  <identifier>
    <system value="http://dips.no/fhir/namingsystem/dips-bookingid"/>
    <value value="34DDC9EC-E84A-EE11-9852-B0074B014ABB"/>
  </identifier>
  <status value="booked"/>
  <serviceCategory>
    <coding>
      <system value="http://terminology.hl7.org/CodeSystem/service-category"/>
      <code value="27"/>
      <display value="Specialist Medical"/>
    </coding>
  </serviceCategory>
  <appointmentType>
    <coding>
      <system value="http://helsenorge.no/fhir/CodeSystem/Hn-AppointmentTypeProposed-New-Codes-cs"/>
      <code value="Poliklinisktime"/>
      <display value="Behandling som gjøres uten innleggelse"/>
    </coding>
  </appointmentType>
  <description value="Utredning"/>
  <supportingInformation>
    <reference value="Organization/833bad1b-e612-4593-9560-c5ea55bce912"/>
  </supportingInformation>
  <supportingInformation>
    <reference value="Flag/5add71e3-1fcb-4c4d-8065-5ce3c83a5cb8"/>
  </supportingInformation>
  <start value="2023-10-03T08:30:00Z"/>
  <end value="2023-10-03T10:00:00Z"/>
  <minutesDuration value="90"/>
  <patientInstruction value="Se innkallingsbrev"/>
  <participant>
    <type>
      <coding>
        <system value="http://terminology.hl7.org/CodeSystem/v3-ParticipationType"/>
        <code value="PART"/>
        <display value="Participation"/>
      </coding>
    </type>
    <actor>
      <type value="Patient"/>
      <identifier>
        <system value="urn:oid:2.16.578.1.12.4.1.4.1"/>
        <value value="1416601476"/>
      </identifier>
    </actor>
    <status value="accepted"/>
  </participant>
  <participant>
    <type>
      <coding>
        <system value="http://terminology.hl7.org/CodeSystem/v3-ParticipationType"/>
        <code value="PART"/>
        <display value="Participation"/>
      </coding>
    </type>
    <actor>
      <reference value="Location/15878c66-d827-4fb9-8528-e234a0de8835"/>
      <type value="Location"/>
    </actor>
    <status value="accepted"/>
  </participant>
</Appointment>