<?xml version="1.0" encoding="UTF-8"?>

<CodeSystem xmlns="http://hl7.org/fhir">
  <id value="Hn-AppointmentTypeProposed-New-Codes-cs"/>
  <text>
    <status value="generated"/><div xmlns="http://www.w3.org/1999/xhtml">Placeholder</div>
  </text>
  <url value="http://helsenorge.no/fhir/CodeSystem/Hn-AppointmentTypeProposed-New-Codes-cs"/>
  <version value="0.1.0"/>
  <name value="HnAppointmentTypeProposedNewCodesCS"/>
  <title value="New codes proposed as part of Timetype innbyggerportal "/>
  <status value="draft"/>
  <date value="2023-09-25T15:44:07+02:00"/>
  <publisher value="Example Publisher"/>
  <contact>
    <name value="Example Publisher"/>
    <telecom>
      <system value="url"/>
      <value value="http://example.org/example-publisher"/>
    </telecom>
  </contact>
  <description value="New codes proposed as part of Timetype innbyggerportal."/>
  <content value="complete"/>
  <count value="5"/>
  <concept>
    <code value="Poliklinisktime"/>
    <display value="Behandling som gjøres uten innleggelse"/>
  </concept>
  <concept>
    <code value="Innleggelse"/>
    <display value="Innleggelse"/>
  </concept>
  <concept>
    <code value="Hjemmebesøk"/>
    <display value="Hjemmebesøk"/>
  </concept>
  <concept>
    <code value="Konsultasjon"/>
    <display value="Konsultasjon"/>
  </concept>
  <concept>
    <code value="Bildediagnostikk"/>
    <display value="Bildediagnostikk"/>
  </concept>
</CodeSystem>