<?xml version="1.0" encoding="UTF-8"?>

<ValueSet xmlns="http://hl7.org/fhir">
  <id value="hn-appointment-flag-code-vs"/>
  <text>
    <status value="generated"/><div xmlns="http://www.w3.org/1999/xhtml"><ul><li>Include all codes defined in <a href="CodeSystem-hn-appointment-flag-code-cs.html"><code>http://helsenorge.no/fhir/CodeSystem/hn-appointment-flag-code-cs</code></a></li></ul></div>
  </text>
  <url value="http://helsenorge.no/fhir/ValueSet/hn-appointment-flag-code-vs"/>
  <version value="0.1.0"/>
  <name value="HnAppointmentFlagCodeVS"/>
  <title value="hn-appointment-flag-code-vs"/>
  <status value="draft"/>
  <experimental value="false"/>
  <date value="2023-11-08T01:12:56+01:00"/>
  <publisher value="Example Publisher"/>
  <contact>
    <name value="Example Publisher"/>
    <telecom>
      <system value="url"/>
      <value value="http://example.org/example-publisher"/>
    </telecom>
  </contact>
  <description value="Value set for Flag codes in nytimeløsing"/>
  <compose>
    <include>
      <system value="http://helsenorge.no/fhir/CodeSystem/hn-appointment-flag-code-cs"/>
    </include>
  </compose>
</ValueSet>