<?xml version="1.0" encoding="UTF-8"?>

<ValueSet xmlns="http://hl7.org/fhir">
  <id value="no-basis-virtual-service-type-vs"/>
  <text>
    <status value="generated"/><div xmlns="http://www.w3.org/1999/xhtml">Placeholder</div>
  </text>
  <url value="http://helsenorge.no/fhir/ValueSet/no-basis-virtual-service-type-vs"/>
  <version value="0.1.0"/>
  <name value="NoBasisVirtualServiceTypeVS"/>
  <title value="No Basis VirtualServiceType Value Set"/>
  <status value="draft"/>
  <experimental value="false"/>
  <date value="2023-10-12T00:46:45+02:00"/>
  <publisher value="Example Publisher"/>
  <contact>
    <name value="Example Publisher"/>
    <telecom>
      <system value="url"/>
      <value value="http://example.org/example-publisher"/>
    </telecom>
  </contact>
  <description value="Example codes for possible virtual service connection types."/>
  <compose>
    <include>
      <system value="urn:oid:2.16.840.1.113883.4.642.4.1809"/>
    </include>
    <include>
      <system value="http://hl7.org/fhir/contact-point-system"/>
    </include>
  </compose>
</ValueSet>