<?xml version="1.0" encoding="UTF-8"?>

<ValueSet xmlns="http://hl7.org/fhir">
  <id value="hn-appointment-ServiceCategory-code-vs"/>
  <text>
    <status value="generated"/><div xmlns="http://www.w3.org/1999/xhtml"><ul><li>Include these codes as defined in <a href="http://terminology.hl7.org/5.3.0/CodeSystem-service-category.html"><code>http://terminology.hl7.org/CodeSystem/service-category</code></a><table class="none"><tr><td style="white-space:nowrap"><b>Code</b></td><td><b>Display</b></td></tr><tr><td>10</td><td>Dental</td></tr><tr><td>27</td><td>Specialist Medical</td></tr><tr><td>17</td><td>General Practice</td></tr><tr><td>7</td><td>Community Health Care</td></tr></table></li></ul></div>
  </text>
  <url value="http://helsenorge.no/fhir/ValueSet/hn-appointment-ServiceCategory-code-vs"/>
  <version value="0.1.0"/>
  <name value="HnAppointmentServiceCategoryVS"/>
  <title value="hn-appointment-ServiceCategory-code-vs"/>
  <status value="draft"/>
  <experimental value="true"/>
  <date value="2023-12-19T12:28:54+01:00"/>
  <publisher value="Example Publisher"/>
  <contact>
    <name value="Example Publisher"/>
    <telecom>
      <system value="url"/>
      <value value="http://example.org/example-publisher"/>
    </telecom>
  </contact>
  <description value="Value set for ServiceCategory codes in nytimeløsing"/>
  <compose>
    <include>
      <system value="http://terminology.hl7.org/CodeSystem/service-category"/>
      <concept>
        <code value="10"/>
        <display value="Dental"/>
      </concept>
      <concept>
        <code value="27"/>
        <display value="Specialist Medical"/>
      </concept>
      <concept>
        <code value="17"/>
        <display value="General Practice"/>
      </concept>
      <concept>
        <code value="7"/>
        <display value="Community Health Care"/>
      </concept>
    </include>
  </compose>
</ValueSet>