<?xml version="1.0" encoding="UTF-8"?>

<ValueSet xmlns="http://hl7.org/fhir">
  <id value="hn-appointment-ServiceCategory-code-vs"/>
  <text>
    <status value="extensions"/><div xmlns="http://www.w3.org/1999/xhtml"><p class="res-header-id"><b>Generated Narrative: ValueSet hn-appointment-ServiceCategory-code-vs</b></p><a name="hn-appointment-ServiceCategory-code-vs"> </a><a name="hchn-appointment-ServiceCategory-code-vs"> </a><a name="hn-appointment-ServiceCategory-code-vs-en-US"> </a><ul><li>Include these codes as defined in <a href="http://terminology.hl7.org/6.4.0/CodeSystem-service-category.html"><code>http://terminology.hl7.org/CodeSystem/service-category</code></a><table class="none"><tr><td style="white-space:nowrap"><b>Code</b></td><td><b>Display</b></td><td><b>Definition</b></td></tr><tr><td><a href="http://terminology.hl7.org/6.4.0/CodeSystem-service-category.html#service-category-10">10</a></td><td>Dental</td><td>Dental</td></tr><tr><td><a href="http://terminology.hl7.org/6.4.0/CodeSystem-service-category.html#service-category-27">27</a></td><td>Specialist Medical</td><td>Specialist Medical - requires referral</td></tr><tr><td><a href="http://terminology.hl7.org/6.4.0/CodeSystem-service-category.html#service-category-17">17</a></td><td>General Practice</td><td>General Practice/GP (doctor)</td></tr><tr><td><a href="http://terminology.hl7.org/6.4.0/CodeSystem-service-category.html#service-category-7">7</a></td><td>Community Health Care</td><td>Community Health Care</td></tr></table></li></ul></div>
  </text>
  <url value="http://helsenorge.no/fhir/ValueSet/hn-appointment-ServiceCategory-code-vs"/>
  <version value="1.0.0"/>
  <name value="HnAppointmentServiceCategoryVS"/>
  <title value="hn-appointment-ServiceCategory-code-vs"/>
  <status value="draft"/>
  <experimental value="true"/>
  <date value="2025-06-05T14:31:57+02:00"/>
  <publisher value="Example Publisher"/>
  <contact>
    <name value="Example Publisher"/>
    <telecom>
      <system value="url"/>
      <value value="http://example.org/example-publisher"/>
    </telecom>
  </contact>
  <description value="Value set for ServiceCategory codes in nytimeløsing"/>
  <compose>
    <include>
      <system value="http://terminology.hl7.org/CodeSystem/service-category"/>
      <concept>
        <code value="10"/>
        <display value="Dental"/>
      </concept>
      <concept>
        <code value="27"/>
        <display value="Specialist Medical"/>
      </concept>
      <concept>
        <code value="17"/>
        <display value="General Practice"/>
      </concept>
      <concept>
        <code value="7"/>
        <display value="Community Health Care"/>
      </concept>
    </include>
  </compose>
</ValueSet>