{
  "package": "fhir.example",
  "version": "0.1.0",
  "fhirVersion": "4.0.1",
  "extensions": [
    {
      "url": "http://example.org/StructureDefinition/hn-basis-Recurring",
      "title": "hn-basis-recurring",
      "types": [
        "boolean"
      ]
    },
    {
      "url": "http://example.org/StructureDefinition/hn-basis-changeConferenceType",
      "title": "hn-basis-changeConferenceType",
      "types": [
        "Coding"
      ]
    },
    {
      "url": "http://example.org/StructureDefinition/hn-basis-consultationType",
      "title": "hn-basis-consultationType",
      "types": [
        "Coding",
        "string",
        "Extension",
        "uri",
        "string",
        "code",
        "string",
        "boolean"
      ]
    },
    {
      "url": "http://example.org/StructureDefinition/hn-basis-flagStatusPeriod",
      "title": "hn-basis-flagStatusPeriod",
      "types": [
        "Period"
      ]
    },
    {
      "url": "http://example.org/StructureDefinition/hn-basis-postponementreason",
      "title": "hn-basis-postponementreason",
      "types": [
        "Coding"
      ]
    },
    {
      "url": "http://example.org/StructureDefinition/no-basis-group",
      "title": "no-basis-group",
      "types": [
        "boolean"
      ]
    },
    {
      "url": "http://example.org/StructureDefinition/no-basis-partof",
      "title": "no-basis-partof",
      "types": [
        "Reference"
      ]
    },
    {
      "url": "http://example.org/StructureDefinition/no-basis-shortnotice",
      "title": "no-basis-shortnotice",
      "types": [
        "boolean"
      ]
    },
    {
      "url": "http://example.org/StructureDefinition/no-basis-virtual-service",
      "title": "no-basis-Virtual-Service",
      "types": [
        "Coding",
        "string",
        "url",
        "ContactPoint",
        "url",
        "positiveInt",
        "string",
        "base64Binary",
        "boolean",
        "canonical",
        "code",
        "date",
        "dateTime",
        "decimal",
        "id",
        "instant",
        "integer",
        "markdown",
        "oid",
        "positiveInt",
        "string",
        "time",
        "unsignedInt",
        "uri",
        "url",
        "uuid",
        "Address",
        "Age",
        "Annotation",
        "Attachment",
        "CodeableConcept",
        "Coding",
        "ContactPoint",
        "Count",
        "Distance",
        "Duration",
        "HumanName",
        "Identifier",
        "Money",
        "Period",
        "Quantity",
        "Range",
        "Ratio",
        "Reference",
        "SampledData",
        "Signature",
        "Timing",
        "ContactDetail",
        "Contributor",
        "DataRequirement",
        "Expression",
        "ParameterDefinition",
        "RelatedArtifact",
        "TriggerDefinition",
        "UsageContext",
        "Dosage",
        "Meta"
      ]
    }
  ],
  "profiles": {
    "AppointmentResponse": [
      {
        "url": "http://example.org/StructureDefinition/no-basis-AppointmentResponse",
        "title": "no-basis-AppointmentResponse"
      }
    ],
    "Flag": [
      {
        "url": "http://example.org/StructureDefinition/hn-basis-Flag",
        "title": "hn-basis-Flag"
      }
    ],
    "Appointment": [
      {
        "url": "http://example.org/StructureDefinition/no-basis-Appointment",
        "title": "no-basis-Appointment"
      }
    ],
    "Schedule": [
      {
        "url": "http://example.org/StructureDefinition/hn-basis-schedule",
        "title": "hn-basis-schedule"
      }
    ],
    "Slot": [
      {
        "url": "http://example.org/StructureDefinition/hn-basis-slot",
        "title": "hn-basis-slot"
      }
    ]
  },
  "usage": {
    "http://example.org/StructureDefinition/hn-basis-Recurring": [
      "Appointment"
    ],
    "http://example.org/StructureDefinition/hn-basis-changeConferenceType": [
      "AppointmentResponse"
    ],
    "http://example.org/StructureDefinition/hn-basis-consultationType": [
      "Appointment"
    ],
    "http://example.org/StructureDefinition/hn-basis-flagStatusPeriod": [
      "Flag.status"
    ],
    "http://example.org/StructureDefinition/hn-basis-postponementreason": [
      "Appointment"
    ],
    "http://example.org/StructureDefinition/no-basis-group": [
      "Appointment"
    ],
    "http://example.org/StructureDefinition/no-basis-partof": [
      "Appointment"
    ],
    "http://example.org/StructureDefinition/no-basis-shortnotice": [
      "AppointmentResponse"
    ],
    "http://example.org/StructureDefinition/no-basis-virtual-service": [
      "Appointment"
    ],
    "http://hl7.org/fhir/StructureDefinition/elementdefinition-bestpractice": [
      "StructureDefinition.snapshot.element.constraint"
    ],
    "http://hl7.org/fhir/StructureDefinition/elementdefinition-bestpractice-explanation": [
      "StructureDefinition.snapshot.element.constraint"
    ],
    "http://hl7.org/fhir/StructureDefinition/elementdefinition-bindingName": [
      "StructureDefinition.snapshot.element.binding"
    ],
    "http://hl7.org/fhir/StructureDefinition/elementdefinition-isCommonBinding": [
      "StructureDefinition.snapshot.element.binding"
    ],
    "http://hl7.org/fhir/StructureDefinition/elementdefinition-maxValueSet": [
      "StructureDefinition.snapshot.element.binding"
    ],
    "http://hl7.org/fhir/StructureDefinition/elementdefinition-translatable": [
      "StructureDefinition.snapshot.element"
    ],
    "http://hl7.org/fhir/StructureDefinition/regex": [
      "StructureDefinition.snapshot.element.type"
    ],
    "http://hl7.org/fhir/StructureDefinition/structuredefinition-fhir-type": [
      "StructureDefinition.snapshot.element.type"
    ],
    "http://hl7.org/fhir/tools/StructureDefinition/ig-internal-dependency": [
      "ImplementationGuide.definition"
    ],
    "http://hl7.org/fhir/tools/StructureDefinition/ig-page-name": [
      "ImplementationGuide.definition.page",
      "ImplementationGuide.definition.page.page"
    ],
    "http://hl7.org/fhir/tools/StructureDefinition/ig-parameter": [
      "ImplementationGuide.definition"
    ],
    "http://hl7.org/fhir/tools/StructureDefinition/implementationguide-dependency-comment": [
      "ImplementationGuide.dependsOn"
    ],
    "http://hl7.org/fhir/tools/StructureDefinition/resource-information": [
      "ImplementationGuide.definition.resource"
    ]
  }
}