<?xml version="1.0" encoding="UTF-8"?>

<ValueSet xmlns="http://hl7.org/fhir">
  <id value="hn-appointment-AppointmentType-code-vs"/>
  <text>
    <status value="generated"/><div xmlns="http://www.w3.org/1999/xhtml">Placeholder</div>
  </text>
  <url value="http://example.org/ValueSet/hn-appointment-AppointmentType-code-vs"/>
  <version value="0.1.0"/>
  <name value="HnAppointmentAppointmentTypeVS"/>
  <title value="hn-appointment-AppointmentType-code-vs"/>
  <status value="draft"/>
  <date value="2023-08-23T23:59:47+02:00"/>
  <publisher value="Example Publisher"/>
  <contact>
    <name value="Example Publisher"/>
    <telecom>
      <system value="url"/>
      <value value="http://example.org/example-publisher"/>
    </telecom>
  </contact>
  <description value="Value set for AppointmentType codes in nytimeløsing - from Timetype innbyggerportal and some new codes"/>
  <compose>
    <include>
      <system value="urn:oid:2.16.578.1.12.4.1.1.7617"/>
      <concept>
        <code value="Vaksine"/>
        <display value="Vaksine"/>
      </concept>
      <concept>
        <code value="Lab"/>
        <display value="Lab"/>
      </concept>
    </include>
    <include>
      <system value="http://example.org/CodeSystem/Hn-AppointmentTypeProposed-New-Codes-cs"/>
    </include>
  </compose>
</ValueSet>