{"resourceType":"ValueSet","id":"hn-appointment-ServiceCategory-code-vs","text":{"status":"generated","div":"<div xmlns=\"http://www.w3.org/1999/xhtml\"><ul><li>Include these codes as defined in <code>http://hl7.org/fhir/ValueSet/service-category</code><table class=\"none\"><tr><td style=\"white-space:nowrap\"><b>Code</b></td><td><b>Display</b></td></tr><tr><td>10</td><td>Dental</td></tr><tr><td>27</td><td>Specialist Medical</td></tr><tr><td>17</td><td>General Practice</td></tr><tr><td>7</td><td>Community Health Care</td></tr></table></li></ul></div>"},"url":"http://example.org/ValueSet/hn-appointment-ServiceCategory-code-vs","version":"0.1.0","name":"HnAppointmentServiceCategoryVS","title":"hn-appointment-ServiceCategory-code-vs","status":"draft","date":"2023-09-05T10:10:09+02:00","publisher":"Example Publisher","contact":[{"name":"Example Publisher","telecom":[{"system":"url","value":"http://example.org/example-publisher"}]}],"description":"Value set for ServiceCategory codes in nytimeløsing","compose":{"include":[{"system":"http://hl7.org/fhir/ValueSet/service-category","concept":[{"code":"10","display":"Dental"},{"code":"27","display":"Specialist Medical"},{"code":"17","display":"General Practice"},{"code":"7","display":"Community Health Care"}]}]}}