<?xml version="1.0" encoding="UTF-8"?><CodeSystem xmlns="http://hl7.org/fhir"><id value="hn-appointment-flag-code-cs"/><text><status value="generated"/><div xmlns="http://www.w3.org/1999/xhtml"><p>This  code system <code>http://helsenorge.no/fhir/CodeSystem/hn-appointment-flag-code-cs</code> defines the following codes:</p><table class="codes"><tr><td style="white-space:nowrap"><b>Code</b></td><td><b>Display</b></td></tr><tr><td style="white-space:nowrap">cancel<a name="hn-appointment-flag-code-cs-cancel"> </a></td><td>Innbygger kan kansellere timen</td></tr><tr><td style="white-space:nowrap">canChangeAppointmentDialog<a name="hn-appointment-flag-code-cs-canChangeAppointmentDialog"> </a></td><td>Innbygger kan be om endret time (Dialogmeldinger)</td></tr><tr><td style="white-space:nowrap">canUseShortNotice<a name="hn-appointment-flag-code-cs-canUseShortNotice"> </a></td><td>Innbygger kan komme på kort varsel</td></tr><tr><td style="white-space:nowrap">canCancelServiceRequest<a name="hn-appointment-flag-code-cs-canCancelServiceRequest"> </a></td><td>Innbygger kan be om at behandlingsløp avsluttes</td></tr><tr><td style="white-space:nowrap">canChangeConferenceType<a name="hn-appointment-flag-code-cs-canChangeConferenceType"> </a></td><td>Innbygger kan be om endret konferanse type</td></tr><tr><td style="white-space:nowrap">canAcknowledge<a name="hn-appointment-flag-code-cs-canAcknowledge"> </a></td><td>Timen/opphold kan bekreftes av innbygger</td></tr><tr><td style="white-space:nowrap">canChangeAppointment<a name="hn-appointment-flag-code-cs-canChangeAppointment"> </a></td><td>Innbygger kan be om endret time</td></tr><tr><td style="white-space:nowrap">canHaveAppointmentDetails<a name="hn-appointment-flag-code-cs-canHaveAppointmentDetails"> </a></td><td>Det finnes ytterlege timedetaljer på time/timeavtale som kan hentes</td></tr><tr><td style="white-space:nowrap">canInitateDialog<a name="hn-appointment-flag-code-cs-canInitateDialog"> </a></td><td>Dialog kan inisieres</td></tr></table></div></text><url value="http://helsenorge.no/fhir/CodeSystem/hn-appointment-flag-code-cs"/><version value="0.1.0"/><name value="HnAppointmentFlagCodeCS"/><title value="hn-appointment-flag-code-cs"/><status value="draft"/><date value="2023-09-25T15:44:07+02:00"/><publisher value="Example Publisher"/><contact><name value="Example Publisher"/><telecom><system value="url"/><value value="http://example.org/example-publisher"/></telecom></contact><description value="Code system used for Flag codes in nytimeløsing"/><content value="complete"/><count value="9"/><concept><code value="cancel"/><display value="Innbygger kan kansellere timen"/></concept><concept><code value="canChangeAppointmentDialog"/><display value="Innbygger kan be om endret time (Dialogmeldinger)"/></concept><concept><code value="canUseShortNotice"/><display value="Innbygger kan komme på kort varsel"/></concept><concept><code value="canCancelServiceRequest"/><display value="Innbygger kan be om at behandlingsløp avsluttes"/></concept><concept><code value="canChangeConferenceType"/><display value="Innbygger kan be om endret konferanse type"/></concept><concept><code value="canAcknowledge"/><display value="Timen/opphold kan bekreftes av innbygger"/></concept><concept><code value="canChangeAppointment"/><display value="Innbygger kan be om endret time"/></concept><concept><code value="canHaveAppointmentDetails"/><display value="Det finnes ytterlege timedetaljer på time/timeavtale som kan hentes"/></concept><concept><code value="canInitateDialog"/><display value="Dialog kan inisieres"/></concept></CodeSystem>