<?xml version="1.0" encoding="UTF-8"?>

<Appointment xmlns="http://hl7.org/fhir">
  <id value="TimeSpesialSjukepleier"/>
  <meta>
    <profile value="http://helsenorge.no/fhir/StructureDefinition/hn-basis-appointment"/>
  </meta>
  <text>
    <status value="extensions"/><div xmlns="http://www.w3.org/1999/xhtml"><p><b>Generated Narrative: Appointment</b><a name="TimeSpesialSjukepleier"> </a></p><div style="display: inline-block; background-color: #d9e0e7; padding: 6px; margin: 4px; border: 1px solid #8da1b4; border-radius: 5px; line-height: 60%"><p style="margin-bottom: 0px">Resource Appointment &quot;TimeSpesialSjukepleier&quot; </p><p style="margin-bottom: 0px">Profile: <a href="StructureDefinition-hn-basis-appointment.html">hn-basis-appointment</a></p></div><p><b>no-basis-partof</b>: <a href="Appointment-Timenotifikasjon.html">Appointment/Timenotifikasjon</a></p><p><b>identifier</b>: id: a24606dd-754a-49b7-aad9-db34dfa30a9x</p><p><b>status</b>: booked</p><p><b>serviceCategory</b>: 27 <span style="background: LightGoldenRodYellow; margin: 4px; border: 1px solid khaki"> (<a href="http://terminology.hl7.org/5.3.0/CodeSystem-service-category.html">Service category</a>#27)</span></p><p><b>appointmentType</b>: Poliklinisk time <span style="background: LightGoldenRodYellow; margin: 4px; border: 1px solid khaki"> (<a href="CodeSystem-Hn-AppointmentTypeProposed-New-Codes-cs.html">Default codes for appointmentType.</a>#Poliklinisktime)</span></p><p><b>description</b>: Time med spesialsjukepleier</p><p><b>supportingInformation</b>: <a name="f3f5da36-ab2d-44f1-a78a-64f69351df6x"> </a></p><blockquote><p/><p><a name="f3f5da36-ab2d-44f1-a78a-64f69351df6x"> </a></p><p><b>identifier</b>: id: 23461345</p><p><b>type</b>: Avdeling <span style="background: LightGoldenRodYellow; margin: 4px; border: 1px solid khaki"> (unknown#05)</span></p><p><b>partOf</b>: <a href="#7e120952-a283-4267-b16e-846ca17dc07x">#7e120952-a283-4267-b16e-846ca17dc07x</a></p></blockquote><p><b>start</b>: 3. apr. 2022, 12:10:00</p><p><b>end</b>: 3. apr. 2022, 13:00:00</p><p><b>patientInstruction</b>: Se innkallingsbrev</p><blockquote><p><b>participant</b></p><p><b>type</b>: Participation <span style="background: LightGoldenRodYellow; margin: 4px; border: 1px solid khaki"> (<a href="http://terminology.hl7.org/5.3.0/CodeSystem-v3-ParticipationType.html">ParticipationType</a>#PART)</span></p><p><b>actor</b>: <span>id: 22067612345</span></p><p><b>status</b>: accepted</p></blockquote><blockquote><p><b>participant</b></p><p><b>actor</b>: <a name="49dabd81-457e-4175-8872-ce4ee5db896x"> </a></p><blockquote><p/><p><a name="49dabd81-457e-4175-8872-ce4ee5db896x"> </a></p><p><b>identifier</b>: id: 13578357</p><p><b>name</b>: Ortopedisk poliklinikk</p><p><b>type</b>: Hospital unit <span style="background: LightGoldenRodYellow; margin: 4px; border: 1px solid khaki"> (<a href="http://terminology.hl7.org/5.3.0/CodeSystem-v3-RoleCode.html">RoleCode</a>#HU)</span></p><p><b>address</b>: Addressen til location poliklinikk</p><p><b>managingOrganization</b>: <a href="#208bcc1c-5ea8-46a3-9c2e-23d35306335x">#208bcc1c-5ea8-46a3-9c2e-23d35306335x</a></p></blockquote><p><b>status</b>: accepted</p></blockquote><blockquote><p><b>participant</b></p><p><b>actor</b>: <a name="2ea45fd0-3a85-4549-ad06-09dce6197f9x"> </a></p><blockquote><p/><p><a name="2ea45fd0-3a85-4549-ad06-09dce6197f9x"> </a></p><p><b>identifier</b>: id: 4735683568</p><p><b>name</b>: Rikshospitalet</p><p><b>type</b>: Hospital <span style="background: LightGoldenRodYellow; margin: 4px; border: 1px solid khaki"> (<a href="http://terminology.hl7.org/5.3.0/CodeSystem-v3-RoleCode.html">RoleCode</a>#HOSP)</span></p><p><b>managingOrganization</b>: <a href="#84d1254e-2fa5-4b33-a05f-ab744906ff2x">#84d1254e-2fa5-4b33-a05f-ab744906ff2x</a></p></blockquote><p><b>status</b>: accepted</p></blockquote><blockquote><p><b>participant</b></p><p><b>actor</b>: <a name="e0cb3919-a7b4-4012-a180-c1ab504cfe95"> </a></p><blockquote><p/><p><a name="e0cb3919-a7b4-4012-a180-c1ab504cfe95"> </a></p><p><b>identifier</b>: id: HPR12345678</p><p><b>name</b>: Navn på spesial sjukepleier</p></blockquote><p><b>status</b>: accepted</p></blockquote><hr/><blockquote><p><b>Generated Narrative: Organization #45c4b733-c3c9-4b66-bf66-2d8001f19d6x</b><a name="45c4b733-c3c9-4b66-bf66-2d8001f19d6x"> </a></p><p><b>identifier</b>: id: 993467049, id: 546152152</p><p><b>name</b>: Helseforetak</p></blockquote><hr/><blockquote><p><b>Generated Narrative: Location #2ea45fd0-3a85-4549-ad06-09dce6197f9x</b><a name="2ea45fd0-3a85-4549-ad06-09dce6197f9x"> </a></p><p><b>identifier</b>: id: 4735683568</p><p><b>name</b>: Rikshospitalet</p><p><b>type</b>: Hospital <span style="background: LightGoldenRodYellow; margin: 4px; border: 1px solid khaki"> (<a href="http://terminology.hl7.org/5.3.0/CodeSystem-v3-RoleCode.html">RoleCode</a>#HOSP)</span></p><p><b>managingOrganization</b>: <a href="#84d1254e-2fa5-4b33-a05f-ab744906ff2x">#84d1254e-2fa5-4b33-a05f-ab744906ff2x</a></p></blockquote><hr/><blockquote><p><b>Generated Narrative: Organization #84d1254e-2fa5-4b33-a05f-ab744906ff2x</b><a name="84d1254e-2fa5-4b33-a05f-ab744906ff2x"> </a></p><p><b>identifier</b>: id: 993467049, id: 546152152</p><p><b>name</b>: Rikshospitalet</p></blockquote><hr/><blockquote><p><b>Generated Narrative: Location #49dabd81-457e-4175-8872-ce4ee5db896x</b><a name="49dabd81-457e-4175-8872-ce4ee5db896x"> </a></p><p><b>identifier</b>: id: 13578357</p><p><b>name</b>: Ortopedisk poliklinikk</p><p><b>type</b>: Hospital unit <span style="background: LightGoldenRodYellow; margin: 4px; border: 1px solid khaki"> (<a href="http://terminology.hl7.org/5.3.0/CodeSystem-v3-RoleCode.html">RoleCode</a>#HU)</span></p><p><b>address</b>: Addressen til location poliklinikk</p><p><b>managingOrganization</b>: <a href="#208bcc1c-5ea8-46a3-9c2e-23d35306335x">#208bcc1c-5ea8-46a3-9c2e-23d35306335x</a></p></blockquote><hr/><blockquote><p><b>Generated Narrative: Organization #208bcc1c-5ea8-46a3-9c2e-23d35306335x</b><a name="208bcc1c-5ea8-46a3-9c2e-23d35306335x"> </a></p><p><b>identifier</b>: id: 23461345</p><p><b>name</b>: Ortopedisk avdeling, Rikshospitalet</p><p><b>telecom</b>: ph: 23076080(WORK)</p></blockquote><hr/><blockquote><p><b>Generated Narrative: Organization #f3f5da36-ab2d-44f1-a78a-64f69351df6x</b><a name="f3f5da36-ab2d-44f1-a78a-64f69351df6x"> </a></p><p><b>identifier</b>: id: 23461345</p><p><b>type</b>: Avdeling <span style="background: LightGoldenRodYellow; margin: 4px; border: 1px solid khaki"> (unknown#05)</span></p><p><b>partOf</b>: <a href="#7e120952-a283-4267-b16e-846ca17dc07x">#7e120952-a283-4267-b16e-846ca17dc07x</a></p></blockquote><hr/><blockquote><p><b>Generated Narrative: Organization #7e120952-a283-4267-b16e-846ca17dc07x</b><a name="7e120952-a283-4267-b16e-846ca17dc07x"> </a></p><p><b>identifier</b>: id: 993467049</p></blockquote><hr/><blockquote><p><b>Generated Narrative: Practitioner #e0cb3919-a7b4-4012-a180-c1ab504cfe95</b><a name="e0cb3919-a7b4-4012-a180-c1ab504cfe95"> </a></p><p><b>identifier</b>: id: HPR12345678</p><p><b>name</b>: Navn på spesial sjukepleier</p></blockquote></div>
  </text>
  <contained>
    <Organization>
      <id value="45c4b733-c3c9-4b66-bf66-2d8001f19d6x"/>
      <meta>
        <profile value="http://hl7.no/fhir/StructureDefinition/no-basis-Organization"/>
      </meta>
      <identifier>
        <system value="urn:oid:2.16.578.1.12.4.1.4.101"/>
        <value value="993467049"/>
      </identifier>
      <identifier>
        <system value="urn:oid:2.16.578.1.12.4.1.2"/>
        <value value="546152152"/>
      </identifier>
      <name value="Helseforetak"/>
    </Organization>
  </contained>
  <contained>
    <Location>
      <id value="2ea45fd0-3a85-4549-ad06-09dce6197f9x"/>
      <meta>
        <profile value="http://hl7.no/fhir/StructureDefinition/no-basis-Location"/>
      </meta>
      <identifier>
        <system value="urn:oid:2.16.578.1.12.4.1.4.102"/>
        <value value="4735683568"/>
      </identifier>
      <name value="Rikshospitalet"/>
      <type>
        <coding>
          <system value="http://terminology.hl7.org/CodeSystem/v3-RoleCode"/>
          <code value="HOSP"/>
        </coding>
      </type>
      <managingOrganization>
        <reference value="#84d1254e-2fa5-4b33-a05f-ab744906ff2x"/>
      </managingOrganization>
    </Location>
  </contained>
  <contained>
    <Organization>
      <id value="84d1254e-2fa5-4b33-a05f-ab744906ff2x"/>
      <meta>
        <profile value="http://hl7.no/fhir/StructureDefinition/no-basis-Organization"/>
      </meta>
      <identifier>
        <system value="urn:oid:2.16.578.1.12.4.1.4.101"/>
        <value value="993467049"/>
      </identifier>
      <identifier>
        <system value="urn:oid:2.16.578.1.12.4.1.2"/>
        <value value="546152152"/>
      </identifier>
      <name value="Rikshospitalet"/>
    </Organization>
  </contained>
  <contained>
    <Location>
      <id value="49dabd81-457e-4175-8872-ce4ee5db896x"/>
      <meta>
        <profile value="http://hl7.no/fhir/StructureDefinition/no-basis-Location"/>
      </meta>
      <identifier>
        <system value="urn:oid:2.16.578.1.12.4.1.4.102"/>
        <value value="13578357"/>
      </identifier>
      <name value="Ortopedisk poliklinikk"/>
      <type>
        <coding>
          <system value="http://terminology.hl7.org/CodeSystem/v3-RoleCode"/>
          <code value="HU"/>
        </coding>
      </type>
      <address>
        <text value="Addressen til location poliklinikk"/>
      </address>
      <managingOrganization>
        <reference value="#208bcc1c-5ea8-46a3-9c2e-23d35306335x"/>
      </managingOrganization>
    </Location>
  </contained>
  <contained>
    <Organization>
      <id value="208bcc1c-5ea8-46a3-9c2e-23d35306335x"/>
      <meta>
        <profile value="http://hl7.no/fhir/StructureDefinition/no-basis-Organization"/>
      </meta>
      <identifier>
        <system value="urn:oid:2.16.578.1.12.4.1.4.102"/>
        <value value="23461345"/>
      </identifier>
      <name value="Ortopedisk avdeling, Rikshospitalet"/>
      <telecom>
        <system value="phone"/>
        <value value="23076080"/>
        <use value="work"/>
      </telecom>
    </Organization>
  </contained>
  <contained>
    <Organization>
      <id value="f3f5da36-ab2d-44f1-a78a-64f69351df6x"/>
      <meta>
        <profile value="http://helsenorge.no/fhir/StructureDefinition/kommunikasjonspart-Organization"/>
      </meta>
      <identifier>
        <system value="urn:oid:2.16.578.1.12.4.1.2"/>
        <value value="23461345"/>
      </identifier>
      <type>
        <coding>
          <system value="urn:oid:2.16.578.1.12.4.1.1.8624"/>
          <code value="05"/>
        </coding>
        <text value="Avdeling"/>
      </type>
      <partOf>
        <reference value="#7e120952-a283-4267-b16e-846ca17dc07x"/>
      </partOf>
    </Organization>
  </contained>
  <contained>
    <Organization>
      <id value="7e120952-a283-4267-b16e-846ca17dc07x"/>
      <meta>
        <profile value="http://hl7.no/fhir/StructureDefinition/no-basis-Organization"/>
      </meta>
      <identifier>
        <system value="urn:oid:2.16.578.1.12.4.1.4.101"/>
        <value value="993467049"/>
      </identifier>
    </Organization>
  </contained>
  <contained>
    <Practitioner>
      <id value="e0cb3919-a7b4-4012-a180-c1ab504cfe95"/>
      <meta>
        <profile value="http://hl7.no/fhir/StructureDefinition/no-basis-Practitioner"/>
      </meta>
      <identifier>
        <system value="urn:oid:2.16.578.1.12.4.1.4.4"/>
        <value value="HPR12345678"/>
      </identifier>
      <name>
        <text value="Navn på spesial sjukepleier"/>
      </name>
    </Practitioner>
  </contained>
  <extension url="http://hl7.no/fhir/StructureDefinition/no-basis-partof">
    <valueReference>
      <reference value="Appointment/Timenotifikasjon"/>
    </valueReference>
  </extension>
  <identifier>
    <system value="http://dips.no/fhir/namingsystem/dips-bookingid"/>
    <value value="a24606dd-754a-49b7-aad9-db34dfa30a9x"/>
    <assigner>
      <reference value="#45c4b733-c3c9-4b66-bf66-2d8001f19d6x"/>
    </assigner>
  </identifier>
  <status value="booked"/>
  <serviceCategory>
    <coding>
      <system value="http://terminology.hl7.org/CodeSystem/service-category"/>
      <code value="27"/>
    </coding>
  </serviceCategory>
  <appointmentType>
    <coding>
      <system value="http://helsenorge.no/fhir/CodeSystem/Hn-AppointmentTypeProposed-New-Codes-cs"/>
      <code value="Poliklinisktime"/>
    </coding>
  </appointmentType>
  <description value="Time med spesialsjukepleier"/>
  <supportingInformation>
    <reference value="#f3f5da36-ab2d-44f1-a78a-64f69351df6x"/>
  </supportingInformation>
  <start value="2022-04-03T12:10:00+02:00"/>
  <end value="2022-04-03T13:00:00+02:00"/>
  <patientInstruction value="Se innkallingsbrev"/>
  <participant>
    <type>
      <coding>
        <system value="http://terminology.hl7.org/CodeSystem/v3-ParticipationType"/>
        <code value="PART"/>
      </coding>
      <text value="Participation"/>
    </type>
    <actor>
      <type value="Patient"/>
      <identifier>
        <system value="urn:oid:2.16.578.1.12.4.1.4.1"/>
        <value value="22067612345"/>
      </identifier>
    </actor>
    <status value="accepted"/>
  </participant>
  <participant>
    <actor>
      <reference value="#49dabd81-457e-4175-8872-ce4ee5db896x"/>
    </actor>
    <status value="accepted"/>
  </participant>
  <participant>
    <actor>
      <reference value="#2ea45fd0-3a85-4549-ad06-09dce6197f9x"/>
    </actor>
    <status value="accepted"/>
  </participant>
  <participant>
    <actor>
      <reference value="#e0cb3919-a7b4-4012-a180-c1ab504cfe95"/>
    </actor>
    <status value="accepted"/>
  </participant>
</Appointment>