<?xml version="1.0" encoding="UTF-8"?>

<Bundle xmlns="http://hl7.org/fhir">
  <id value="SearchAllAppointment"/>
  <type value="searchset"/>
  <total value="3"/>
  <entry>
    <fullUrl value="example.com/Appointment-TimeSpesialSjukepleier.html"/>
    <resource>
      <Appointment>
        <id value="TimeSpesialSjukepleier"/>
        <meta>
          <profile value="http://helsenorge.no/fhir/StructureDefinition/hn-basis-appointment"/>
        </meta>
        <text>
          <status value="extensions"/><div xmlns="http://www.w3.org/1999/xhtml"><p><b>Generated Narrative: Appointment</b><a name="TimeSpesialSjukepleier"> </a></p><div style="display: inline-block; background-color: #d9e0e7; padding: 6px; margin: 4px; border: 1px solid #8da1b4; border-radius: 5px; line-height: 60%"><p style="margin-bottom: 0px">Resource Appointment &quot;TimeSpesialSjukepleier&quot; </p><p style="margin-bottom: 0px">Profile: <a href="StructureDefinition-hn-basis-appointment.html">hn-basis-appointment</a></p></div><p><b>no-basis-partof</b>: <a href="#Appointment_Timenotifikasjon">See above (Appointment/Timenotifikasjon)</a></p><p><b>identifier</b>: id: a24606dd-754a-49b7-aad9-db34dfa30a9x</p><p><b>status</b>: booked</p><p><b>serviceCategory</b>: 27 <span style="background: LightGoldenRodYellow; margin: 4px; border: 1px solid khaki"> (<a href="http://terminology.hl7.org/5.3.0/CodeSystem-service-category.html">Service category</a>#27)</span></p><p><b>appointmentType</b>: Poliklinisk time <span style="background: LightGoldenRodYellow; margin: 4px; border: 1px solid khaki"> (<a href="CodeSystem-Hn-AppointmentTypeProposed-New-Codes-cs.html">Default codes for appointmentType.</a>#Poliklinisktime)</span></p><p><b>description</b>: Time med spesialsjukepleier</p><p><b>supportingInformation</b>: <a name="f3f5da36-ab2d-44f1-a78a-64f69351df6x"> </a></p><blockquote><p/><p><a name="f3f5da36-ab2d-44f1-a78a-64f69351df6x"> </a></p><p><b>identifier</b>: id: 23461345</p><p><b>type</b>: Avdeling <span style="background: LightGoldenRodYellow; margin: 4px; border: 1px solid khaki"> (unknown#05)</span></p><p><b>partOf</b>: <a href="#7e120952-a283-4267-b16e-846ca17dc07x">#7e120952-a283-4267-b16e-846ca17dc07x</a></p></blockquote><p><b>start</b>: 3. apr. 2022, 12:10:00</p><p><b>end</b>: 3. apr. 2022, 13:00:00</p><p><b>patientInstruction</b>: Se innkallingsbrev</p><blockquote><p><b>participant</b></p><p><b>type</b>: Participation <span style="background: LightGoldenRodYellow; margin: 4px; border: 1px solid khaki"> (<a href="http://terminology.hl7.org/5.3.0/CodeSystem-v3-ParticipationType.html">ParticipationType</a>#PART)</span></p><p><b>actor</b>: <span>id: 22067612345</span></p><p><b>status</b>: accepted</p></blockquote><blockquote><p><b>participant</b></p><p><b>actor</b>: <a name="49dabd81-457e-4175-8872-ce4ee5db896x"> </a></p><blockquote><p/><p><a name="49dabd81-457e-4175-8872-ce4ee5db896x"> </a></p><p><b>identifier</b>: id: 13578357</p><p><b>name</b>: Ortopedisk poliklinikk</p><p><b>type</b>: Hospital unit <span style="background: LightGoldenRodYellow; margin: 4px; border: 1px solid khaki"> (<a href="http://terminology.hl7.org/5.3.0/CodeSystem-v3-RoleCode.html">RoleCode</a>#HU)</span></p><p><b>address</b>: Addressen til location poliklinikk</p><p><b>managingOrganization</b>: <a href="#208bcc1c-5ea8-46a3-9c2e-23d35306335x">#208bcc1c-5ea8-46a3-9c2e-23d35306335x</a></p></blockquote><p><b>status</b>: accepted</p></blockquote><blockquote><p><b>participant</b></p><p><b>actor</b>: <a name="2ea45fd0-3a85-4549-ad06-09dce6197f9x"> </a></p><blockquote><p/><p><a name="2ea45fd0-3a85-4549-ad06-09dce6197f9x"> </a></p><p><b>identifier</b>: id: 4735683568</p><p><b>name</b>: Rikshospitalet</p><p><b>type</b>: Hospital <span style="background: LightGoldenRodYellow; margin: 4px; border: 1px solid khaki"> (<a href="http://terminology.hl7.org/5.3.0/CodeSystem-v3-RoleCode.html">RoleCode</a>#HOSP)</span></p><p><b>managingOrganization</b>: <a href="#84d1254e-2fa5-4b33-a05f-ab744906ff2x">#84d1254e-2fa5-4b33-a05f-ab744906ff2x</a></p></blockquote><p><b>status</b>: accepted</p></blockquote><blockquote><p><b>participant</b></p><p><b>actor</b>: <a name="e0cb3919-a7b4-4012-a180-c1ab504cfe95"> </a></p><blockquote><p/><p><a name="e0cb3919-a7b4-4012-a180-c1ab504cfe95"> </a></p><p><b>identifier</b>: id: HPR12345678</p><p><b>name</b>: Navn på spesial sjukepleier</p></blockquote><p><b>status</b>: accepted</p></blockquote><hr/><blockquote><p><b>Generated Narrative: Organization #45c4b733-c3c9-4b66-bf66-2d8001f19d6x</b><a name="45c4b733-c3c9-4b66-bf66-2d8001f19d6x"> </a></p><p><b>identifier</b>: id: 993467049, id: 546152152</p><p><b>name</b>: Helseforetak</p></blockquote><hr/><blockquote><p><b>Generated Narrative: Location #2ea45fd0-3a85-4549-ad06-09dce6197f9x</b><a name="2ea45fd0-3a85-4549-ad06-09dce6197f9x"> </a></p><p><b>identifier</b>: id: 4735683568</p><p><b>name</b>: Rikshospitalet</p><p><b>type</b>: Hospital <span style="background: LightGoldenRodYellow; margin: 4px; border: 1px solid khaki"> (<a href="http://terminology.hl7.org/5.3.0/CodeSystem-v3-RoleCode.html">RoleCode</a>#HOSP)</span></p><p><b>managingOrganization</b>: <a href="#84d1254e-2fa5-4b33-a05f-ab744906ff2x">#84d1254e-2fa5-4b33-a05f-ab744906ff2x</a></p></blockquote><hr/><blockquote><p><b>Generated Narrative: Organization #84d1254e-2fa5-4b33-a05f-ab744906ff2x</b><a name="84d1254e-2fa5-4b33-a05f-ab744906ff2x"> </a></p><p><b>identifier</b>: id: 993467049, id: 546152152</p><p><b>name</b>: Rikshospitalet</p></blockquote><hr/><blockquote><p><b>Generated Narrative: Location #49dabd81-457e-4175-8872-ce4ee5db896x</b><a name="49dabd81-457e-4175-8872-ce4ee5db896x"> </a></p><p><b>identifier</b>: id: 13578357</p><p><b>name</b>: Ortopedisk poliklinikk</p><p><b>type</b>: Hospital unit <span style="background: LightGoldenRodYellow; margin: 4px; border: 1px solid khaki"> (<a href="http://terminology.hl7.org/5.3.0/CodeSystem-v3-RoleCode.html">RoleCode</a>#HU)</span></p><p><b>address</b>: Addressen til location poliklinikk</p><p><b>managingOrganization</b>: <a href="#208bcc1c-5ea8-46a3-9c2e-23d35306335x">#208bcc1c-5ea8-46a3-9c2e-23d35306335x</a></p></blockquote><hr/><blockquote><p><b>Generated Narrative: Organization #208bcc1c-5ea8-46a3-9c2e-23d35306335x</b><a name="208bcc1c-5ea8-46a3-9c2e-23d35306335x"> </a></p><p><b>identifier</b>: id: 23461345</p><p><b>name</b>: Ortopedisk avdeling, Rikshospitalet</p><p><b>telecom</b>: ph: 23076080(WORK)</p></blockquote><hr/><blockquote><p><b>Generated Narrative: Organization #f3f5da36-ab2d-44f1-a78a-64f69351df6x</b><a name="f3f5da36-ab2d-44f1-a78a-64f69351df6x"> </a></p><p><b>identifier</b>: id: 23461345</p><p><b>type</b>: Avdeling <span style="background: LightGoldenRodYellow; margin: 4px; border: 1px solid khaki"> (unknown#05)</span></p><p><b>partOf</b>: <a href="#7e120952-a283-4267-b16e-846ca17dc07x">#7e120952-a283-4267-b16e-846ca17dc07x</a></p></blockquote><hr/><blockquote><p><b>Generated Narrative: Organization #7e120952-a283-4267-b16e-846ca17dc07x</b><a name="7e120952-a283-4267-b16e-846ca17dc07x"> </a></p><p><b>identifier</b>: id: 993467049</p></blockquote><hr/><blockquote><p><b>Generated Narrative: Practitioner #e0cb3919-a7b4-4012-a180-c1ab504cfe95</b><a name="e0cb3919-a7b4-4012-a180-c1ab504cfe95"> </a></p><p><b>identifier</b>: id: HPR12345678</p><p><b>name</b>: Navn på spesial sjukepleier</p></blockquote></div>
        </text>
        <contained>
          <Organization>
            <id value="45c4b733-c3c9-4b66-bf66-2d8001f19d6x"/>
            <meta>
              <profile value="http://hl7.no/fhir/StructureDefinition/no-basis-Organization"/>
            </meta>
            <identifier>
              <system value="urn:oid:2.16.578.1.12.4.1.4.101"/>
              <value value="993467049"/>
            </identifier>
            <identifier>
              <system value="urn:oid:2.16.578.1.12.4.1.2"/>
              <value value="546152152"/>
            </identifier>
            <name value="Helseforetak"/>
          </Organization>
        </contained>
        <contained>
          <Location>
            <id value="2ea45fd0-3a85-4549-ad06-09dce6197f9x"/>
            <meta>
              <profile value="http://hl7.no/fhir/StructureDefinition/no-basis-Location"/>
            </meta>
            <identifier>
              <system value="urn:oid:2.16.578.1.12.4.1.4.102"/>
              <value value="4735683568"/>
            </identifier>
            <name value="Rikshospitalet"/>
            <type>
              <coding>
                <system value="http://terminology.hl7.org/CodeSystem/v3-RoleCode"/>
                <code value="HOSP"/>
              </coding>
            </type>
            <managingOrganization>
              <reference value="#84d1254e-2fa5-4b33-a05f-ab744906ff2x"/>
            </managingOrganization>
          </Location>
        </contained>
        <contained>
          <Organization>
            <id value="84d1254e-2fa5-4b33-a05f-ab744906ff2x"/>
            <meta>
              <profile value="http://hl7.no/fhir/StructureDefinition/no-basis-Organization"/>
            </meta>
            <identifier>
              <system value="urn:oid:2.16.578.1.12.4.1.4.101"/>
              <value value="993467049"/>
            </identifier>
            <identifier>
              <system value="urn:oid:2.16.578.1.12.4.1.2"/>
              <value value="546152152"/>
            </identifier>
            <name value="Rikshospitalet"/>
          </Organization>
        </contained>
        <contained>
          <Location>
            <id value="49dabd81-457e-4175-8872-ce4ee5db896x"/>
            <meta>
              <profile value="http://hl7.no/fhir/StructureDefinition/no-basis-Location"/>
            </meta>
            <identifier>
              <system value="urn:oid:2.16.578.1.12.4.1.4.102"/>
              <value value="13578357"/>
            </identifier>
            <name value="Ortopedisk poliklinikk"/>
            <type>
              <coding>
                <system value="http://terminology.hl7.org/CodeSystem/v3-RoleCode"/>
                <code value="HU"/>
              </coding>
            </type>
            <address>
              <text value="Addressen til location poliklinikk"/>
            </address>
            <managingOrganization>
              <reference value="#208bcc1c-5ea8-46a3-9c2e-23d35306335x"/>
            </managingOrganization>
          </Location>
        </contained>
        <contained>
          <Organization>
            <id value="208bcc1c-5ea8-46a3-9c2e-23d35306335x"/>
            <meta>
              <profile value="http://hl7.no/fhir/StructureDefinition/no-basis-Organization"/>
            </meta>
            <identifier>
              <system value="urn:oid:2.16.578.1.12.4.1.4.102"/>
              <value value="23461345"/>
            </identifier>
            <name value="Ortopedisk avdeling, Rikshospitalet"/>
            <telecom>
              <system value="phone"/>
              <value value="23076080"/>
              <use value="work"/>
            </telecom>
          </Organization>
        </contained>
        <contained>
          <Organization>
            <id value="f3f5da36-ab2d-44f1-a78a-64f69351df6x"/>
            <meta>
              <profile value="http://helsenorge.no/fhir/StructureDefinition/kommunikasjonspart-Organization"/>
            </meta>
            <identifier>
              <system value="urn:oid:2.16.578.1.12.4.1.2"/>
              <value value="23461345"/>
            </identifier>
            <type>
              <coding>
                <system value="urn:oid:2.16.578.1.12.4.1.1.8624"/>
                <code value="05"/>
              </coding>
              <text value="Avdeling"/>
            </type>
            <partOf>
              <reference value="#7e120952-a283-4267-b16e-846ca17dc07x"/>
            </partOf>
          </Organization>
        </contained>
        <contained>
          <Organization>
            <id value="7e120952-a283-4267-b16e-846ca17dc07x"/>
            <meta>
              <profile value="http://hl7.no/fhir/StructureDefinition/no-basis-Organization"/>
            </meta>
            <identifier>
              <system value="urn:oid:2.16.578.1.12.4.1.4.101"/>
              <value value="993467049"/>
            </identifier>
          </Organization>
        </contained>
        <contained>
          <Practitioner>
            <id value="e0cb3919-a7b4-4012-a180-c1ab504cfe95"/>
            <meta>
              <profile value="http://hl7.no/fhir/StructureDefinition/no-basis-Practitioner"/>
            </meta>
            <identifier>
              <system value="urn:oid:2.16.578.1.12.4.1.4.4"/>
              <value value="HPR12345678"/>
            </identifier>
            <name>
              <text value="Navn på spesial sjukepleier"/>
            </name>
          </Practitioner>
        </contained>
        <extension url="http://hl7.no/fhir/StructureDefinition/no-basis-partof">
          <valueReference>
            <reference value="Appointment/Timenotifikasjon"/>
          </valueReference>
        </extension>
        <identifier>
          <system value="http://dips.no/fhir/namingsystem/dips-bookingid"/>
          <value value="a24606dd-754a-49b7-aad9-db34dfa30a9x"/>
          <assigner>
            <reference value="#45c4b733-c3c9-4b66-bf66-2d8001f19d6x"/>
          </assigner>
        </identifier>
        <status value="booked"/>
        <serviceCategory>
          <coding>
            <system value="http://terminology.hl7.org/CodeSystem/service-category"/>
            <code value="27"/>
          </coding>
        </serviceCategory>
        <appointmentType>
          <coding>
            <system value="http://helsenorge.no/fhir/CodeSystem/Hn-AppointmentTypeProposed-New-Codes-cs"/>
            <code value="Poliklinisktime"/>
          </coding>
        </appointmentType>
        <description value="Time med spesialsjukepleier"/>
        <supportingInformation>
          <reference value="#f3f5da36-ab2d-44f1-a78a-64f69351df6x"/>
        </supportingInformation>
        <start value="2022-04-03T12:10:00+02:00"/>
        <end value="2022-04-03T13:00:00+02:00"/>
        <patientInstruction value="Se innkallingsbrev"/>
        <participant>
          <type>
            <coding>
              <system value="http://terminology.hl7.org/CodeSystem/v3-ParticipationType"/>
              <code value="PART"/>
            </coding>
            <text value="Participation"/>
          </type>
          <actor>
            <type value="Patient"/>
            <identifier>
              <system value="urn:oid:2.16.578.1.12.4.1.4.1"/>
              <value value="22067612345"/>
            </identifier>
          </actor>
          <status value="accepted"/>
        </participant>
        <participant>
          <actor>
            <reference value="#49dabd81-457e-4175-8872-ce4ee5db896x"/>
          </actor>
          <status value="accepted"/>
        </participant>
        <participant>
          <actor>
            <reference value="#2ea45fd0-3a85-4549-ad06-09dce6197f9x"/>
          </actor>
          <status value="accepted"/>
        </participant>
        <participant>
          <actor>
            <reference value="#e0cb3919-a7b4-4012-a180-c1ab504cfe95"/>
          </actor>
          <status value="accepted"/>
        </participant>
      </Appointment>
    </resource>
  </entry>
  <entry>
    <fullUrl value="example.com/Appointment-TimeLege.html"/>
    <resource>
      <Appointment>
        <id value="TimeLege"/>
        <meta>
          <profile value="http://helsenorge.no/fhir/StructureDefinition/hn-basis-appointment"/>
        </meta>
        <text>
          <status value="extensions"/><div xmlns="http://www.w3.org/1999/xhtml"><p><b>Generated Narrative: Appointment</b><a name="TimeLege"> </a></p><div style="display: inline-block; background-color: #d9e0e7; padding: 6px; margin: 4px; border: 1px solid #8da1b4; border-radius: 5px; line-height: 60%"><p style="margin-bottom: 0px">Resource Appointment &quot;TimeLege&quot; </p><p style="margin-bottom: 0px">Profile: <a href="StructureDefinition-hn-basis-appointment.html">hn-basis-appointment</a></p></div><p><b>no-basis-partof</b>: <a href="#Appointment_Timenotifikasjon">See above (Appointment/Timenotifikasjon)</a></p><p><b>identifier</b>: id: a24606dd-754a-49b7-aad9-db34dfa30a9y</p><p><b>status</b>: booked</p><p><b>serviceCategory</b>: 27 <span style="background: LightGoldenRodYellow; margin: 4px; border: 1px solid khaki"> (<a href="http://terminology.hl7.org/5.3.0/CodeSystem-service-category.html">Service category</a>#27)</span></p><p><b>appointmentType</b>: Poliklinisk time <span style="background: LightGoldenRodYellow; margin: 4px; border: 1px solid khaki"> (<a href="CodeSystem-Hn-AppointmentTypeProposed-New-Codes-cs.html">Default codes for appointmentType.</a>#Poliklinisktime)</span></p><p><b>description</b>: Time med spesialsjukepleier</p><p><b>supportingInformation</b>: <a name="f3f5da36-ab2d-44f1-a78a-64f69351df6y"> </a></p><blockquote><p/><p><a name="f3f5da36-ab2d-44f1-a78a-64f69351df6y"> </a></p><p><b>identifier</b>: id: 23461345</p><p><b>type</b>: Avdeling <span style="background: LightGoldenRodYellow; margin: 4px; border: 1px solid khaki"> (unknown#05)</span></p><p><b>partOf</b>: <a href="#7e120952-a283-4267-b16e-846ca17dc07y">#7e120952-a283-4267-b16e-846ca17dc07y</a></p></blockquote><p><b>start</b>: 3. apr. 2022, 13:10:00</p><p><b>end</b>: 3. apr. 2022, 14:00:00</p><p><b>patientInstruction</b>: Se innkallingsbrev</p><blockquote><p><b>participant</b></p><p><b>type</b>: Participation <span style="background: LightGoldenRodYellow; margin: 4px; border: 1px solid khaki"> (<a href="http://terminology.hl7.org/5.3.0/CodeSystem-v3-ParticipationType.html">ParticipationType</a>#PART)</span></p><p><b>actor</b>: <span>id: 22067612345</span></p><p><b>status</b>: accepted</p></blockquote><blockquote><p><b>participant</b></p><p><b>actor</b>: <a name="49dabd81-457e-4175-8872-ce4ee5db896y"> </a></p><blockquote><p/><p><a name="49dabd81-457e-4175-8872-ce4ee5db896y"> </a></p><p><b>identifier</b>: id: 13578357</p><p><b>name</b>: Ortopedisk poliklinikk</p><p><b>type</b>: Hospital unit <span style="background: LightGoldenRodYellow; margin: 4px; border: 1px solid khaki"> (<a href="http://terminology.hl7.org/5.3.0/CodeSystem-v3-RoleCode.html">RoleCode</a>#HU)</span></p><p><b>address</b>: Addressen til location poliklinikk</p><p><b>managingOrganization</b>: <a href="#208bcc1c-5ea8-46a3-9c2e-23d35306335y">#208bcc1c-5ea8-46a3-9c2e-23d35306335y</a></p></blockquote><p><b>status</b>: accepted</p></blockquote><blockquote><p><b>participant</b></p><p><b>actor</b>: <a name="2ea45fd0-3a85-4549-ad06-09dce6197f9y"> </a></p><blockquote><p/><p><a name="2ea45fd0-3a85-4549-ad06-09dce6197f9y"> </a></p><p><b>identifier</b>: id: 4735683568</p><p><b>name</b>: Rikshospitalet</p><p><b>type</b>: Hospital <span style="background: LightGoldenRodYellow; margin: 4px; border: 1px solid khaki"> (<a href="http://terminology.hl7.org/5.3.0/CodeSystem-v3-RoleCode.html">RoleCode</a>#HOSP)</span></p><p><b>managingOrganization</b>: <a href="#84d1254e-2fa5-4b33-a05f-ab744906ff2y">#84d1254e-2fa5-4b33-a05f-ab744906ff2y</a></p></blockquote><p><b>status</b>: accepted</p></blockquote><blockquote><p><b>participant</b></p><p><b>actor</b>: <a name="e98ad447-ff6e-45ba-b067-1feb67e9c631"> </a></p><blockquote><p/><p><a name="e98ad447-ff6e-45ba-b067-1feb67e9c631"> </a></p><p><b>identifier</b>: id: c9eee3b5-296b-44b3-8129-aa0c0e1d2cee</p><p><b>practitioner</b>: <a href="#a608301d-d999-439a-9b76-0ce1ff475c92">#a608301d-d999-439a-9b76-0ce1ff475c92</a></p><p><b>code</b>: Lege <span style="background: LightGoldenRodYellow; margin: 4px; border: 1px solid khaki"> (unknown#1)</span></p></blockquote><p><b>status</b>: accepted</p></blockquote><hr/><blockquote><p><b>Generated Narrative: Organization #45c4b733-c3c9-4b66-bf66-2d8001f19d6y</b><a name="45c4b733-c3c9-4b66-bf66-2d8001f19d6y"> </a></p><p><b>identifier</b>: id: 993467049, id: 546152152</p><p><b>name</b>: Helseforetak</p></blockquote><hr/><blockquote><p><b>Generated Narrative: Location #2ea45fd0-3a85-4549-ad06-09dce6197f9y</b><a name="2ea45fd0-3a85-4549-ad06-09dce6197f9y"> </a></p><p><b>identifier</b>: id: 4735683568</p><p><b>name</b>: Rikshospitalet</p><p><b>type</b>: Hospital <span style="background: LightGoldenRodYellow; margin: 4px; border: 1px solid khaki"> (<a href="http://terminology.hl7.org/5.3.0/CodeSystem-v3-RoleCode.html">RoleCode</a>#HOSP)</span></p><p><b>managingOrganization</b>: <a href="#84d1254e-2fa5-4b33-a05f-ab744906ff2y">#84d1254e-2fa5-4b33-a05f-ab744906ff2y</a></p></blockquote><hr/><blockquote><p><b>Generated Narrative: Organization #84d1254e-2fa5-4b33-a05f-ab744906ff2y</b><a name="84d1254e-2fa5-4b33-a05f-ab744906ff2y"> </a></p><p><b>identifier</b>: id: 993467049, id: 546152152</p><p><b>name</b>: Rikshospitalet</p></blockquote><hr/><blockquote><p><b>Generated Narrative: Location #49dabd81-457e-4175-8872-ce4ee5db896y</b><a name="49dabd81-457e-4175-8872-ce4ee5db896y"> </a></p><p><b>identifier</b>: id: 13578357</p><p><b>name</b>: Ortopedisk poliklinikk</p><p><b>type</b>: Hospital unit <span style="background: LightGoldenRodYellow; margin: 4px; border: 1px solid khaki"> (<a href="http://terminology.hl7.org/5.3.0/CodeSystem-v3-RoleCode.html">RoleCode</a>#HU)</span></p><p><b>address</b>: Addressen til location poliklinikk</p><p><b>managingOrganization</b>: <a href="#208bcc1c-5ea8-46a3-9c2e-23d35306335y">#208bcc1c-5ea8-46a3-9c2e-23d35306335y</a></p></blockquote><hr/><blockquote><p><b>Generated Narrative: Organization #208bcc1c-5ea8-46a3-9c2e-23d35306335y</b><a name="208bcc1c-5ea8-46a3-9c2e-23d35306335y"> </a></p><p><b>identifier</b>: id: 23461345</p><p><b>name</b>: Ortopedisk avdeling, Rikshospitalet</p><p><b>telecom</b>: ph: 23076080(WORK)</p></blockquote><hr/><blockquote><p><b>Generated Narrative: Organization #f3f5da36-ab2d-44f1-a78a-64f69351df6y</b><a name="f3f5da36-ab2d-44f1-a78a-64f69351df6y"> </a></p><p><b>identifier</b>: id: 23461345</p><p><b>type</b>: Avdeling <span style="background: LightGoldenRodYellow; margin: 4px; border: 1px solid khaki"> (unknown#05)</span></p><p><b>partOf</b>: <a href="#7e120952-a283-4267-b16e-846ca17dc07y">#7e120952-a283-4267-b16e-846ca17dc07y</a></p></blockquote><hr/><blockquote><p><b>Generated Narrative: Organization #7e120952-a283-4267-b16e-846ca17dc07y</b><a name="7e120952-a283-4267-b16e-846ca17dc07y"> </a></p><p><b>identifier</b>: id: 993467049</p></blockquote><hr/><blockquote><p><b>Generated Narrative: Practitioner #a608301d-d999-439a-9b76-0ce1ff475c92</b><a name="a608301d-d999-439a-9b76-0ce1ff475c92"> </a></p><p><b>identifier</b>: id: HPR99889988</p><p><b>name</b>: Navn på lege</p></blockquote><hr/><blockquote><p><b>Generated Narrative: PractitionerRole #e98ad447-ff6e-45ba-b067-1feb67e9c631</b><a name="e98ad447-ff6e-45ba-b067-1feb67e9c631"> </a></p><p><b>identifier</b>: id: c9eee3b5-296b-44b3-8129-aa0c0e1d2cee</p><p><b>practitioner</b>: <a href="#a608301d-d999-439a-9b76-0ce1ff475c92">#a608301d-d999-439a-9b76-0ce1ff475c92</a></p><p><b>code</b>: Lege <span style="background: LightGoldenRodYellow; margin: 4px; border: 1px solid khaki"> (unknown#1)</span></p></blockquote></div>
        </text>
        <contained>
          <Organization>
            <id value="45c4b733-c3c9-4b66-bf66-2d8001f19d6y"/>
            <meta>
              <profile value="http://hl7.no/fhir/StructureDefinition/no-basis-Organization"/>
            </meta>
            <identifier>
              <system value="urn:oid:2.16.578.1.12.4.1.4.101"/>
              <value value="993467049"/>
            </identifier>
            <identifier>
              <system value="urn:oid:2.16.578.1.12.4.1.2"/>
              <value value="546152152"/>
            </identifier>
            <name value="Helseforetak"/>
          </Organization>
        </contained>
        <contained>
          <Location>
            <id value="2ea45fd0-3a85-4549-ad06-09dce6197f9y"/>
            <meta>
              <profile value="http://hl7.no/fhir/StructureDefinition/no-basis-Location"/>
            </meta>
            <identifier>
              <system value="urn:oid:2.16.578.1.12.4.1.4.102"/>
              <value value="4735683568"/>
            </identifier>
            <name value="Rikshospitalet"/>
            <type>
              <coding>
                <system value="http://terminology.hl7.org/CodeSystem/v3-RoleCode"/>
                <code value="HOSP"/>
              </coding>
            </type>
            <managingOrganization>
              <reference value="#84d1254e-2fa5-4b33-a05f-ab744906ff2y"/>
            </managingOrganization>
          </Location>
        </contained>
        <contained>
          <Organization>
            <id value="84d1254e-2fa5-4b33-a05f-ab744906ff2y"/>
            <meta>
              <profile value="http://hl7.no/fhir/StructureDefinition/no-basis-Organization"/>
            </meta>
            <identifier>
              <system value="urn:oid:2.16.578.1.12.4.1.4.101"/>
              <value value="993467049"/>
            </identifier>
            <identifier>
              <system value="urn:oid:2.16.578.1.12.4.1.2"/>
              <value value="546152152"/>
            </identifier>
            <name value="Rikshospitalet"/>
          </Organization>
        </contained>
        <contained>
          <Location>
            <id value="49dabd81-457e-4175-8872-ce4ee5db896y"/>
            <meta>
              <profile value="http://hl7.no/fhir/StructureDefinition/no-basis-Location"/>
            </meta>
            <identifier>
              <system value="urn:oid:2.16.578.1.12.4.1.4.102"/>
              <value value="13578357"/>
            </identifier>
            <name value="Ortopedisk poliklinikk"/>
            <type>
              <coding>
                <system value="http://terminology.hl7.org/CodeSystem/v3-RoleCode"/>
                <code value="HU"/>
              </coding>
            </type>
            <address>
              <text value="Addressen til location poliklinikk"/>
            </address>
            <managingOrganization>
              <reference value="#208bcc1c-5ea8-46a3-9c2e-23d35306335y"/>
            </managingOrganization>
          </Location>
        </contained>
        <contained>
          <Organization>
            <id value="208bcc1c-5ea8-46a3-9c2e-23d35306335y"/>
            <meta>
              <profile value="http://hl7.no/fhir/StructureDefinition/no-basis-Organization"/>
            </meta>
            <identifier>
              <system value="urn:oid:2.16.578.1.12.4.1.4.102"/>
              <value value="23461345"/>
            </identifier>
            <name value="Ortopedisk avdeling, Rikshospitalet"/>
            <telecom>
              <system value="phone"/>
              <value value="23076080"/>
              <use value="work"/>
            </telecom>
          </Organization>
        </contained>
        <contained>
          <Organization>
            <id value="f3f5da36-ab2d-44f1-a78a-64f69351df6y"/>
            <meta>
              <profile value="http://helsenorge.no/fhir/StructureDefinition/kommunikasjonspart-Organization"/>
            </meta>
            <identifier>
              <system value="urn:oid:2.16.578.1.12.4.1.2"/>
              <value value="23461345"/>
            </identifier>
            <type>
              <coding>
                <system value="urn:oid:2.16.578.1.12.4.1.1.8624"/>
                <code value="05"/>
              </coding>
              <text value="Avdeling"/>
            </type>
            <partOf>
              <reference value="#7e120952-a283-4267-b16e-846ca17dc07y"/>
            </partOf>
          </Organization>
        </contained>
        <contained>
          <Organization>
            <id value="7e120952-a283-4267-b16e-846ca17dc07y"/>
            <meta>
              <profile value="http://hl7.no/fhir/StructureDefinition/no-basis-Organization"/>
            </meta>
            <identifier>
              <system value="urn:oid:2.16.578.1.12.4.1.4.101"/>
              <value value="993467049"/>
            </identifier>
          </Organization>
        </contained>
        <contained>
          <Practitioner>
            <id value="a608301d-d999-439a-9b76-0ce1ff475c92"/>
            <meta>
              <profile value="http://hl7.no/fhir/StructureDefinition/no-basis-Practitioner"/>
            </meta>
            <identifier>
              <system value="urn:oid:2.16.578.1.12.4.1.4.4"/>
              <value value="HPR99889988"/>
            </identifier>
            <name>
              <text value="Navn på lege"/>
            </name>
          </Practitioner>
        </contained>
        <contained>
          <PractitionerRole>
            <id value="e98ad447-ff6e-45ba-b067-1feb67e9c631"/>
            <meta>
              <profile value="http://hl7.no/fhir/StructureDefinition/no-basis-PractitionerRole"/>
            </meta>
            <identifier>
              <system value="urn:oid:1.3.6.1.4.1.9038.51.1"/>
              <value value="c9eee3b5-296b-44b3-8129-aa0c0e1d2cee"/>
            </identifier>
            <practitioner>
              <reference value="#a608301d-d999-439a-9b76-0ce1ff475c92"/>
            </practitioner>
            <code>
              <coding>
                <system value="urn:oid:2.16.578.1.12.4.1.1.7317"/>
                <code value="1"/>
                <display value="Lege"/>
              </coding>
            </code>
          </PractitionerRole>
        </contained>
        <extension url="http://hl7.no/fhir/StructureDefinition/no-basis-partof">
          <valueReference>
            <reference value="Appointment/Timenotifikasjon"/>
          </valueReference>
        </extension>
        <identifier>
          <system value="http://dips.no/fhir/namingsystem/dips-bookingid"/>
          <value value="a24606dd-754a-49b7-aad9-db34dfa30a9y"/>
          <assigner>
            <reference value="#45c4b733-c3c9-4b66-bf66-2d8001f19d6y"/>
          </assigner>
        </identifier>
        <status value="booked"/>
        <serviceCategory>
          <coding>
            <system value="http://terminology.hl7.org/CodeSystem/service-category"/>
            <code value="27"/>
          </coding>
        </serviceCategory>
        <appointmentType>
          <coding>
            <system value="http://helsenorge.no/fhir/CodeSystem/Hn-AppointmentTypeProposed-New-Codes-cs"/>
            <code value="Poliklinisktime"/>
          </coding>
        </appointmentType>
        <description value="Time med spesialsjukepleier"/>
        <supportingInformation>
          <reference value="#f3f5da36-ab2d-44f1-a78a-64f69351df6y"/>
        </supportingInformation>
        <start value="2022-04-03T13:10:00+02:00"/>
        <end value="2022-04-03T14:00:00+02:00"/>
        <patientInstruction value="Se innkallingsbrev"/>
        <participant>
          <type>
            <coding>
              <system value="http://terminology.hl7.org/CodeSystem/v3-ParticipationType"/>
              <code value="PART"/>
            </coding>
            <text value="Participation"/>
          </type>
          <actor>
            <type value="Patient"/>
            <identifier>
              <system value="urn:oid:2.16.578.1.12.4.1.4.1"/>
              <value value="22067612345"/>
            </identifier>
          </actor>
          <status value="accepted"/>
        </participant>
        <participant>
          <actor>
            <reference value="#49dabd81-457e-4175-8872-ce4ee5db896y"/>
          </actor>
          <status value="accepted"/>
        </participant>
        <participant>
          <actor>
            <reference value="#2ea45fd0-3a85-4549-ad06-09dce6197f9y"/>
          </actor>
          <status value="accepted"/>
        </participant>
        <participant>
          <actor>
            <reference value="#e98ad447-ff6e-45ba-b067-1feb67e9c631"/>
          </actor>
          <status value="accepted"/>
        </participant>
      </Appointment>
    </resource>
  </entry>
  <entry>
    <fullUrl value="example.com/Appointment-Timenotifikasjon.html"/>
    <resource>
      <Appointment>
        <id value="Timenotifikasjon"/>
        <meta>
          <profile value="http://helsenorge.no/fhir/StructureDefinition/hn-basis-appointment"/>
          <tag>
            <system value="http://helsenorge.no/fhir/paminnelse"/>
            <code value="1"/>
          </tag>
        </meta>
        <text>
          <status value="generated"/><div xmlns="http://www.w3.org/1999/xhtml"><p><b>Generated Narrative: Appointment</b><a name="Timenotifikasjon"> </a></p><div style="display: inline-block; background-color: #d9e0e7; padding: 6px; margin: 4px; border: 1px solid #8da1b4; border-radius: 5px; line-height: 60%"><p style="margin-bottom: 0px">Resource Appointment &quot;Timenotifikasjon&quot; </p><p style="margin-bottom: 0px">Profile: <a href="StructureDefinition-hn-basis-appointment.html">hn-basis-appointment</a></p><p style="margin-bottom: 0px">Tag: <span title="{http://helsenorge.no/fhir/paminnelse http://helsenorge.no/fhir/paminnelse}">http://helsenorge.no/fhir/paminnelse</span></p></div><p><b>identifier</b>: id: a24606dd-754a-49b7-aad9-db34dfa30a9a</p><p><b>status</b>: booked</p><p><b>serviceCategory</b>: 27 <span style="background: LightGoldenRodYellow; margin: 4px; border: 1px solid khaki"> (<a href="http://terminology.hl7.org/5.3.0/CodeSystem-service-category.html">Service category</a>#27)</span></p><p><b>appointmentType</b>: Poliklinisk time <span style="background: LightGoldenRodYellow; margin: 4px; border: 1px solid khaki"> (<a href="CodeSystem-Hn-AppointmentTypeProposed-New-Codes-cs.html">Default codes for appointmentType.</a>#Poliklinisktime)</span></p><p><b>description</b>: Kontrol</p><p><b>supportingInformation</b>: </p><ul><li><a name="f3f5da36-ab2d-44f1-a78a-64f69351df6a"> </a></li><li><a name="85e3d03e-7dd2-46a7-923c-99e9dad3535a"> </a></li><li><a name="3daf1b62-cfd7-4e4d-90b1-113f13565a6a"> </a></li><li><a name="ee9bdb59-6343-4b1b-974b-5d652634c55a"> </a></li><li><a name="bb5c6586-f828-4558-ab87-2ee13cfd43fa"> </a></li><li><a name="6d277876-6677-46cb-b16b-45b633b1977a"> </a></li></ul><blockquote><p/><p><a name="f3f5da36-ab2d-44f1-a78a-64f69351df6a"> </a></p><p><b>identifier</b>: id: 23461345</p><p><b>type</b>: Avdeling <span style="background: LightGoldenRodYellow; margin: 4px; border: 1px solid khaki"> (unknown#05)</span></p><p><b>partOf</b>: <a href="#7e120952-a283-4267-b16e-846ca17dc07a">#7e120952-a283-4267-b16e-846ca17dc07a</a></p></blockquote><blockquote><p/><p><a name="85e3d03e-7dd2-46a7-923c-99e9dad3535a"> </a></p><p><b>status</b>: active</p><p><b>code</b>: Innbygger kan be om endret time <span style="background: LightGoldenRodYellow; margin: 4px; border: 1px solid khaki"> (<a href="CodeSystem-hn-appointment-flag-code-cs.html">hn-appointment-flag-code-cs</a>#canChangeAppointmentDialog)</span></p><p><b>subject</b>: <span>id: 22067612345</span></p></blockquote><blockquote><p/><p><a name="3daf1b62-cfd7-4e4d-90b1-113f13565a6a"> </a></p><p><b>status</b>: active</p><p><b>code</b>: Innbygger kan komme på kort varsel <span style="background: LightGoldenRodYellow; margin: 4px; border: 1px solid khaki"> (<a href="CodeSystem-hn-appointment-flag-code-cs.html">hn-appointment-flag-code-cs</a>#canUseShortNotice)</span></p><p><b>subject</b>: <span>id: 22067612345</span></p></blockquote><blockquote><p/><p><a name="ee9bdb59-6343-4b1b-974b-5d652634c55a"> </a></p><p><b>status</b>: active</p><p><b>code</b>: Timen/opphold kan bekreftes av innbygger <span style="background: LightGoldenRodYellow; margin: 4px; border: 1px solid khaki"> (<a href="CodeSystem-hn-appointment-flag-code-cs.html">hn-appointment-flag-code-cs</a>#canAcknowledge)</span></p><p><b>subject</b>: <span>id: 22067612345</span></p></blockquote><blockquote><p/><p><a name="bb5c6586-f828-4558-ab87-2ee13cfd43fa"> </a></p><p><b>status</b>: active</p><p><b>code</b>: Det finnes ytterlige timedetaljer på time/timeavtale som kan hentes <span style="background: LightGoldenRodYellow; margin: 4px; border: 1px solid khaki"> (<a href="CodeSystem-hn-appointment-flag-code-cs.html">hn-appointment-flag-code-cs</a>#canHaveAppointmentDetails)</span></p><p><b>subject</b>: <span>id: 22067612345</span></p></blockquote><blockquote><p/><p><a name="6d277876-6677-46cb-b16b-45b633b1977a"> </a></p><p><b>status</b>: active</p><p><b>code</b>: Dialog kan initieres <span style="background: LightGoldenRodYellow; margin: 4px; border: 1px solid khaki"> (<a href="CodeSystem-hn-appointment-flag-code-cs.html">hn-appointment-flag-code-cs</a>#canInitiateDialog)</span></p><p><b>subject</b>: <span>id: 22067612345</span></p></blockquote><p><b>start</b>: 3. apr. 2022, 12:00:00</p><p><b>end</b>: 3. apr. 2022, 14:00:00</p><p><b>patientInstruction</b>: Se innkallingsbrev</p><blockquote><p><b>participant</b></p><p><b>type</b>: Participation <span style="background: LightGoldenRodYellow; margin: 4px; border: 1px solid khaki"> (<a href="http://terminology.hl7.org/5.3.0/CodeSystem-v3-ParticipationType.html">ParticipationType</a>#PART)</span></p><p><b>actor</b>: <span>id: 22067612345</span></p><p><b>status</b>: accepted</p></blockquote><blockquote><p><b>participant</b></p><p><b>actor</b>: <a name="49dabd81-457e-4175-8872-ce4ee5db896a"> </a></p><blockquote><p/><p><a name="49dabd81-457e-4175-8872-ce4ee5db896a"> </a></p><p><b>identifier</b>: id: 13578357</p><p><b>name</b>: Ortopedisk poliklinikk</p><p><b>type</b>: Hospital unit <span style="background: LightGoldenRodYellow; margin: 4px; border: 1px solid khaki"> (<a href="http://terminology.hl7.org/5.3.0/CodeSystem-v3-RoleCode.html">RoleCode</a>#HU)</span></p><p><b>address</b>: Addressen til poliklinikk</p><p><b>managingOrganization</b>: <a href="#208bcc1c-5ea8-46a3-9c2e-23d35306335a">#208bcc1c-5ea8-46a3-9c2e-23d35306335a</a></p></blockquote><p><b>status</b>: accepted</p></blockquote><blockquote><p><b>participant</b></p><p><b>actor</b>: <a name="2ea45fd0-3a85-4549-ad06-09dce6197f9a"> </a></p><blockquote><p/><p><a name="2ea45fd0-3a85-4549-ad06-09dce6197f9a"> </a></p><p><b>identifier</b>: id: 4735683568</p><p><b>name</b>: Rikshospitalet</p><p><b>type</b>: Hospital <span style="background: LightGoldenRodYellow; margin: 4px; border: 1px solid khaki"> (<a href="http://terminology.hl7.org/5.3.0/CodeSystem-v3-RoleCode.html">RoleCode</a>#HOSP)</span></p><p><b>managingOrganization</b>: <a href="#84d1254e-2fa5-4b33-a05f-ab744906ff2a">#84d1254e-2fa5-4b33-a05f-ab744906ff2a</a></p></blockquote><p><b>status</b>: accepted</p></blockquote><hr/><blockquote><p><b>Generated Narrative: Organization #45c4b733-c3c9-4b66-bf66-2d8001f19d6a</b><a name="45c4b733-c3c9-4b66-bf66-2d8001f19d6a"> </a></p><p><b>identifier</b>: id: 993467049, id: 546152152</p><p><b>name</b>: Helseforetak</p></blockquote><hr/><blockquote><p><b>Generated Narrative: Location #2ea45fd0-3a85-4549-ad06-09dce6197f9a</b><a name="2ea45fd0-3a85-4549-ad06-09dce6197f9a"> </a></p><p><b>identifier</b>: id: 4735683568</p><p><b>name</b>: Rikshospitalet</p><p><b>type</b>: Hospital <span style="background: LightGoldenRodYellow; margin: 4px; border: 1px solid khaki"> (<a href="http://terminology.hl7.org/5.3.0/CodeSystem-v3-RoleCode.html">RoleCode</a>#HOSP)</span></p><p><b>managingOrganization</b>: <a href="#84d1254e-2fa5-4b33-a05f-ab744906ff2a">#84d1254e-2fa5-4b33-a05f-ab744906ff2a</a></p></blockquote><hr/><blockquote><p><b>Generated Narrative: Organization #84d1254e-2fa5-4b33-a05f-ab744906ff2a</b><a name="84d1254e-2fa5-4b33-a05f-ab744906ff2a"> </a></p><p><b>identifier</b>: id: 993467049, id: 546152152</p><p><b>name</b>: Rikshospitalet</p></blockquote><hr/><blockquote><p><b>Generated Narrative: Location #49dabd81-457e-4175-8872-ce4ee5db896a</b><a name="49dabd81-457e-4175-8872-ce4ee5db896a"> </a></p><p><b>identifier</b>: id: 13578357</p><p><b>name</b>: Ortopedisk poliklinikk</p><p><b>type</b>: Hospital unit <span style="background: LightGoldenRodYellow; margin: 4px; border: 1px solid khaki"> (<a href="http://terminology.hl7.org/5.3.0/CodeSystem-v3-RoleCode.html">RoleCode</a>#HU)</span></p><p><b>address</b>: Addressen til poliklinikk</p><p><b>managingOrganization</b>: <a href="#208bcc1c-5ea8-46a3-9c2e-23d35306335a">#208bcc1c-5ea8-46a3-9c2e-23d35306335a</a></p></blockquote><hr/><blockquote><p><b>Generated Narrative: Organization #208bcc1c-5ea8-46a3-9c2e-23d35306335a</b><a name="208bcc1c-5ea8-46a3-9c2e-23d35306335a"> </a></p><p><b>identifier</b>: id: 23461345</p><p><b>name</b>: Ortopedisk avdeling, Rikshospitalet</p><p><b>telecom</b>: ph: 23076080(WORK)</p></blockquote><hr/><blockquote><p><b>Generated Narrative: Organization #f3f5da36-ab2d-44f1-a78a-64f69351df6a</b><a name="f3f5da36-ab2d-44f1-a78a-64f69351df6a"> </a></p><p><b>identifier</b>: id: 23461345</p><p><b>type</b>: Avdeling <span style="background: LightGoldenRodYellow; margin: 4px; border: 1px solid khaki"> (unknown#05)</span></p><p><b>partOf</b>: <a href="#7e120952-a283-4267-b16e-846ca17dc07a">#7e120952-a283-4267-b16e-846ca17dc07a</a></p></blockquote><hr/><blockquote><p><b>Generated Narrative: Organization #7e120952-a283-4267-b16e-846ca17dc07a</b><a name="7e120952-a283-4267-b16e-846ca17dc07a"> </a></p><p><b>identifier</b>: id: 993467049</p></blockquote><hr/><blockquote><p><b>Generated Narrative: Flag #85e3d03e-7dd2-46a7-923c-99e9dad3535a</b><a name="85e3d03e-7dd2-46a7-923c-99e9dad3535a"> </a></p><p><b>status</b>: active</p><p><b>code</b>: Innbygger kan be om endret time <span style="background: LightGoldenRodYellow; margin: 4px; border: 1px solid khaki"> (<a href="CodeSystem-hn-appointment-flag-code-cs.html">hn-appointment-flag-code-cs</a>#canChangeAppointmentDialog)</span></p><p><b>subject</b>: <span>id: 22067612345</span></p></blockquote><hr/><blockquote><p><b>Generated Narrative: Flag #3daf1b62-cfd7-4e4d-90b1-113f13565a6a</b><a name="3daf1b62-cfd7-4e4d-90b1-113f13565a6a"> </a></p><p><b>status</b>: active</p><p><b>code</b>: Innbygger kan komme på kort varsel <span style="background: LightGoldenRodYellow; margin: 4px; border: 1px solid khaki"> (<a href="CodeSystem-hn-appointment-flag-code-cs.html">hn-appointment-flag-code-cs</a>#canUseShortNotice)</span></p><p><b>subject</b>: <span>id: 22067612345</span></p></blockquote><hr/><blockquote><p><b>Generated Narrative: Flag #ee9bdb59-6343-4b1b-974b-5d652634c55a</b><a name="ee9bdb59-6343-4b1b-974b-5d652634c55a"> </a></p><p><b>status</b>: active</p><p><b>code</b>: Timen/opphold kan bekreftes av innbygger <span style="background: LightGoldenRodYellow; margin: 4px; border: 1px solid khaki"> (<a href="CodeSystem-hn-appointment-flag-code-cs.html">hn-appointment-flag-code-cs</a>#canAcknowledge)</span></p><p><b>subject</b>: <span>id: 22067612345</span></p></blockquote><hr/><blockquote><p><b>Generated Narrative: Flag #bb5c6586-f828-4558-ab87-2ee13cfd43fa</b><a name="bb5c6586-f828-4558-ab87-2ee13cfd43fa"> </a></p><p><b>status</b>: active</p><p><b>code</b>: Det finnes ytterlige timedetaljer på time/timeavtale som kan hentes <span style="background: LightGoldenRodYellow; margin: 4px; border: 1px solid khaki"> (<a href="CodeSystem-hn-appointment-flag-code-cs.html">hn-appointment-flag-code-cs</a>#canHaveAppointmentDetails)</span></p><p><b>subject</b>: <span>id: 22067612345</span></p></blockquote><hr/><blockquote><p><b>Generated Narrative: Flag #6d277876-6677-46cb-b16b-45b633b1977a</b><a name="6d277876-6677-46cb-b16b-45b633b1977a"> </a></p><p><b>status</b>: active</p><p><b>code</b>: Dialog kan initieres <span style="background: LightGoldenRodYellow; margin: 4px; border: 1px solid khaki"> (<a href="CodeSystem-hn-appointment-flag-code-cs.html">hn-appointment-flag-code-cs</a>#canInitiateDialog)</span></p><p><b>subject</b>: <span>id: 22067612345</span></p></blockquote></div>
        </text>
        <contained>
          <Organization>
            <id value="45c4b733-c3c9-4b66-bf66-2d8001f19d6a"/>
            <meta>
              <profile value="http://hl7.no/fhir/StructureDefinition/no-basis-Organization"/>
            </meta>
            <identifier>
              <system value="urn:oid:2.16.578.1.12.4.1.4.101"/>
              <value value="993467049"/>
            </identifier>
            <identifier>
              <system value="urn:oid:2.16.578.1.12.4.1.2"/>
              <value value="546152152"/>
            </identifier>
            <name value="Helseforetak"/>
          </Organization>
        </contained>
        <contained>
          <Location>
            <id value="2ea45fd0-3a85-4549-ad06-09dce6197f9a"/>
            <meta>
              <profile value="http://hl7.no/fhir/StructureDefinition/no-basis-Location"/>
            </meta>
            <identifier>
              <system value="urn:oid:2.16.578.1.12.4.1.4.102"/>
              <value value="4735683568"/>
            </identifier>
            <name value="Rikshospitalet"/>
            <type>
              <coding>
                <system value="http://terminology.hl7.org/CodeSystem/v3-RoleCode"/>
                <code value="HOSP"/>
              </coding>
            </type>
            <managingOrganization>
              <reference value="#84d1254e-2fa5-4b33-a05f-ab744906ff2a"/>
            </managingOrganization>
          </Location>
        </contained>
        <contained>
          <Organization>
            <id value="84d1254e-2fa5-4b33-a05f-ab744906ff2a"/>
            <meta>
              <profile value="http://hl7.no/fhir/StructureDefinition/no-basis-Organization"/>
            </meta>
            <identifier>
              <system value="urn:oid:2.16.578.1.12.4.1.4.101"/>
              <value value="993467049"/>
            </identifier>
            <identifier>
              <system value="urn:oid:2.16.578.1.12.4.1.2"/>
              <value value="546152152"/>
            </identifier>
            <name value="Rikshospitalet"/>
          </Organization>
        </contained>
        <contained>
          <Location>
            <id value="49dabd81-457e-4175-8872-ce4ee5db896a"/>
            <meta>
              <profile value="http://hl7.no/fhir/StructureDefinition/no-basis-Location"/>
            </meta>
            <identifier>
              <system value="urn:oid:2.16.578.1.12.4.1.4.102"/>
              <value value="13578357"/>
            </identifier>
            <name value="Ortopedisk poliklinikk"/>
            <type>
              <coding>
                <system value="http://terminology.hl7.org/CodeSystem/v3-RoleCode"/>
                <code value="HU"/>
              </coding>
            </type>
            <address>
              <text value="Addressen til poliklinikk"/>
            </address>
            <managingOrganization>
              <reference value="#208bcc1c-5ea8-46a3-9c2e-23d35306335a"/>
            </managingOrganization>
          </Location>
        </contained>
        <contained>
          <Organization>
            <id value="208bcc1c-5ea8-46a3-9c2e-23d35306335a"/>
            <meta>
              <profile value="http://hl7.no/fhir/StructureDefinition/no-basis-Organization"/>
            </meta>
            <identifier>
              <system value="urn:oid:2.16.578.1.12.4.1.4.102"/>
              <value value="23461345"/>
            </identifier>
            <name value="Ortopedisk avdeling, Rikshospitalet"/>
            <telecom>
              <system value="phone"/>
              <value value="23076080"/>
              <use value="work"/>
            </telecom>
          </Organization>
        </contained>
        <contained>
          <Organization>
            <id value="f3f5da36-ab2d-44f1-a78a-64f69351df6a"/>
            <meta>
              <profile value="http://helsenorge.no/fhir/StructureDefinition/kommunikasjonspart-Organization"/>
            </meta>
            <identifier>
              <system value="urn:oid:2.16.578.1.12.4.1.2"/>
              <value value="23461345"/>
            </identifier>
            <type>
              <coding>
                <system value="urn:oid:2.16.578.1.12.4.1.1.8624"/>
                <code value="05"/>
              </coding>
              <text value="Avdeling"/>
            </type>
            <partOf>
              <reference value="#7e120952-a283-4267-b16e-846ca17dc07a"/>
            </partOf>
          </Organization>
        </contained>
        <contained>
          <Organization>
            <id value="7e120952-a283-4267-b16e-846ca17dc07a"/>
            <meta>
              <profile value="http://hl7.no/fhir/StructureDefinition/no-basis-Organization"/>
            </meta>
            <identifier>
              <system value="urn:oid:2.16.578.1.12.4.1.4.101"/>
              <value value="993467049"/>
            </identifier>
          </Organization>
        </contained>
        <contained>
          <Flag>
            <id value="85e3d03e-7dd2-46a7-923c-99e9dad3535a"/>
            <meta>
              <profile value="http://helsenorge.no/fhir/StructureDefinition/hn-basis-Flag"/>
            </meta>
            <status value="active"/>
            <code>
              <coding>
                <system value="http://helsenorge.no/fhir/CodeSystem/hn-appointment-flag-code-cs"/>
                <code value="canChangeAppointmentDialog"/>
              </coding>
              <text value="Innbygger kan be om endret time"/>
            </code>
            <subject>
              <identifier>
                <system value="urn:oid:2.16.578.1.12.4.1.4.1"/>
                <value value="22067612345"/>
              </identifier>
            </subject>
          </Flag>
        </contained>
        <contained>
          <Flag>
            <id value="3daf1b62-cfd7-4e4d-90b1-113f13565a6a"/>
            <meta>
              <profile value="http://helsenorge.no/fhir/StructureDefinition/hn-basis-Flag"/>
            </meta>
            <status value="active"/>
            <code>
              <coding>
                <system value="http://helsenorge.no/fhir/CodeSystem/hn-appointment-flag-code-cs"/>
                <code value="canUseShortNotice"/>
              </coding>
              <text value="Innbygger kan komme på kort varsel"/>
            </code>
            <subject>
              <identifier>
                <system value="urn:oid:2.16.578.1.12.4.1.4.1"/>
                <value value="22067612345"/>
              </identifier>
            </subject>
          </Flag>
        </contained>
        <contained>
          <Flag>
            <id value="ee9bdb59-6343-4b1b-974b-5d652634c55a"/>
            <meta>
              <profile value="http://helsenorge.no/fhir/StructureDefinition/hn-basis-Flag"/>
            </meta>
            <status value="active"/>
            <code>
              <coding>
                <system value="http://helsenorge.no/fhir/CodeSystem/hn-appointment-flag-code-cs"/>
                <code value="canAcknowledge"/>
              </coding>
              <text value="Timen/opphold kan bekreftes av innbygger"/>
            </code>
            <subject>
              <identifier>
                <system value="urn:oid:2.16.578.1.12.4.1.4.1"/>
                <value value="22067612345"/>
              </identifier>
            </subject>
          </Flag>
        </contained>
        <contained>
          <Flag>
            <id value="bb5c6586-f828-4558-ab87-2ee13cfd43fa"/>
            <meta>
              <profile value="http://helsenorge.no/fhir/StructureDefinition/hn-basis-Flag"/>
            </meta>
            <status value="active"/>
            <code>
              <coding>
                <system value="http://helsenorge.no/fhir/CodeSystem/hn-appointment-flag-code-cs"/>
                <code value="canHaveAppointmentDetails"/>
              </coding>
              <text value="Det finnes ytterlige timedetaljer på time/timeavtale som kan hentes"/>
            </code>
            <subject>
              <identifier>
                <system value="urn:oid:2.16.578.1.12.4.1.4.1"/>
                <value value="22067612345"/>
              </identifier>
            </subject>
          </Flag>
        </contained>
        <contained>
          <Flag>
            <id value="6d277876-6677-46cb-b16b-45b633b1977a"/>
            <meta>
              <profile value="http://helsenorge.no/fhir/StructureDefinition/hn-basis-Flag"/>
            </meta>
            <status value="active"/>
            <code>
              <coding>
                <system value="http://helsenorge.no/fhir/CodeSystem/hn-appointment-flag-code-cs"/>
                <code value="canInitiateDialog"/>
              </coding>
              <text value="Dialog kan initieres"/>
            </code>
            <subject>
              <identifier>
                <system value="urn:oid:2.16.578.1.12.4.1.4.1"/>
                <value value="22067612345"/>
              </identifier>
            </subject>
          </Flag>
        </contained>
        <identifier>
          <system value="http://dips.no/fhir/namingsystem/dips-bookingid"/>
          <value value="a24606dd-754a-49b7-aad9-db34dfa30a9a"/>
          <assigner>
            <reference value="#45c4b733-c3c9-4b66-bf66-2d8001f19d6a"/>
          </assigner>
        </identifier>
        <status value="booked"/>
        <serviceCategory>
          <coding>
            <system value="http://terminology.hl7.org/CodeSystem/service-category"/>
            <code value="27"/>
          </coding>
        </serviceCategory>
        <appointmentType>
          <coding>
            <system value="http://helsenorge.no/fhir/CodeSystem/Hn-AppointmentTypeProposed-New-Codes-cs"/>
            <code value="Poliklinisktime"/>
          </coding>
        </appointmentType>
        <description value="Kontrol"/>
        <supportingInformation>
          <reference value="#f3f5da36-ab2d-44f1-a78a-64f69351df6a"/>
        </supportingInformation>
        <supportingInformation>
          <reference value="#85e3d03e-7dd2-46a7-923c-99e9dad3535a"/>
        </supportingInformation>
        <supportingInformation>
          <reference value="#3daf1b62-cfd7-4e4d-90b1-113f13565a6a"/>
        </supportingInformation>
        <supportingInformation>
          <reference value="#ee9bdb59-6343-4b1b-974b-5d652634c55a"/>
        </supportingInformation>
        <supportingInformation>
          <reference value="#bb5c6586-f828-4558-ab87-2ee13cfd43fa"/>
        </supportingInformation>
        <supportingInformation>
          <reference value="#6d277876-6677-46cb-b16b-45b633b1977a"/>
        </supportingInformation>
        <start value="2022-04-03T12:00:00+02:00"/>
        <end value="2022-04-03T14:00:00+02:00"/>
        <patientInstruction value="Se innkallingsbrev"/>
        <participant>
          <type>
            <coding>
              <system value="http://terminology.hl7.org/CodeSystem/v3-ParticipationType"/>
              <code value="PART"/>
            </coding>
            <text value="Participation"/>
          </type>
          <actor>
            <type value="Patient"/>
            <identifier>
              <system value="urn:oid:2.16.578.1.12.4.1.4.1"/>
              <value value="22067612345"/>
            </identifier>
          </actor>
          <status value="accepted"/>
        </participant>
        <participant>
          <actor>
            <reference value="#49dabd81-457e-4175-8872-ce4ee5db896a"/>
          </actor>
          <status value="accepted"/>
        </participant>
        <participant>
          <actor>
            <reference value="#2ea45fd0-3a85-4549-ad06-09dce6197f9a"/>
          </actor>
          <status value="accepted"/>
        </participant>
      </Appointment>
    </resource>
  </entry>
</Bundle>