<?xml version="1.0" encoding="UTF-8"?>

<Bundle xmlns="http://hl7.org/fhir">
  <id value="PolikliniskEksempelBundle"/>
  <type value="transaction"/>
  <entry>
    <fullUrl value="http://dips.no/fhir/Flag/5add71e3-1fcb-4c4d-8065-5ce3c83a5cb8"/>
    <resource>
      <Flag>
        <id value="5add71e3-1fcb-4c4d-8065-5ce3c83a5cb8"/>
        <meta>
          <profile value="http://helsenorge.no/fhir/StructureDefinition/hn-basis-Flag"/>
        </meta>
        <text>
          <status value="generated"/><div xmlns="http://www.w3.org/1999/xhtml"><p><b>Generated Narrative: Flag</b><a name="5add71e3-1fcb-4c4d-8065-5ce3c83a5cb8"> </a></p><div style="display: inline-block; background-color: #d9e0e7; padding: 6px; margin: 4px; border: 1px solid #8da1b4; border-radius: 5px; line-height: 60%"><p style="margin-bottom: 0px">Resource Flag &quot;5add71e3-1fcb-4c4d-8065-5ce3c83a5cb8&quot; </p><p style="margin-bottom: 0px">Profile: <a href="StructureDefinition-hn-basis-Flag.html">hn-basis-Flag</a></p></div><p><b>identifier</b>: id: 77ffceb0-4710-4241-949c-b02e1aee1385</p><p><b>status</b>: active</p><p><b>code</b>: Timen/opphold kan bekreftes av innbygger <span style="background: LightGoldenRodYellow; margin: 4px; border: 1px solid khaki"> (<a href="CodeSystem-hn-appointment-flag-code-cs.html">hn-appointment-flag-code-cs</a>#canAcknowledge)</span></p><p><b>subject</b>: <span>id: 1416601476</span></p></div>
        </text>
        <identifier>
          <value value="77ffceb0-4710-4241-949c-b02e1aee1385"/>
        </identifier>
        <status value="active"/>
        <code>
          <coding>
            <system value="http://helsenorge.no/fhir/CodeSystem/hn-appointment-flag-code-cs"/>
            <code value="canAcknowledge"/>
            <display value="Timen/opphold kan bekreftes av innbygger"/>
          </coding>
        </code>
        <subject>
          <identifier>
            <system value="urn:oid:2.16.578.1.12.4.1.4.1"/>
            <value value="1416601476"/>
          </identifier>
        </subject>
      </Flag>
    </resource>
    <request>
      <method value="POST"/>
      <url value="Flag"/>
    </request>
  </entry>
  <entry>
    <fullUrl value="http://dips.no/fhir/Organization/833bad1b-e612-4593-9560-c5ea55bce912"/>
    <resource>
      <Organization>
        <id value="833bad1b-e612-4593-9560-c5ea55bce912"/>
        <meta>
          <profile value="http://helsenorge.no/fhir/StructureDefinition/no-basis-Organization"/>
        </meta>
        <text>
          <status value="generated"/><div xmlns="http://www.w3.org/1999/xhtml"><p><b>Generated Narrative: Organization</b><a name="833bad1b-e612-4593-9560-c5ea55bce912"> </a></p><div style="display: inline-block; background-color: #d9e0e7; padding: 6px; margin: 4px; border: 1px solid #8da1b4; border-radius: 5px; line-height: 60%"><p style="margin-bottom: 0px">Resource Organization &quot;833bad1b-e612-4593-9560-c5ea55bce912&quot; </p><p style="margin-bottom: 0px">Profile: <a href="StructureDefinition-no-basis-Organization.html">no-basis-Organization</a></p></div><p><b>identifier</b>: id: HerIdn2_123456</p><p><b>type</b>: Avdeling <span style="background: LightGoldenRodYellow; margin: 4px; border: 1px solid khaki"> (unknown#05)</span></p><p><b>partOf</b>: <a href="#Organization_df89a675-febe-44b9-8fe7-027169cb05a3">See above (Organization/df89a675-febe-44b9-8fe7-027169cb05a3)</a></p></div>
        </text>
        <identifier>
          <system value="urn:oid:2.16.578.1.12.4.1.2"/>
          <value value="HerIdn2_123456"/>
        </identifier>
        <type>
          <coding>
            <system value="urn:oid:2.16.578.1.12.4.1.1.8628"/>
            <code value="05"/>
            <display value="Avdeling"/>
          </coding>
        </type>
        <partOf>
          <reference value="Organization/df89a675-febe-44b9-8fe7-027169cb05a3"/>
        </partOf>
      </Organization>
    </resource>
    <request>
      <method value="POST"/>
      <url value="Organization"/>
    </request>
  </entry>
  <entry>
    <fullUrl value="http://dips.no/fhir/Organization/df89a675-febe-44b9-8fe7-027169cb05a3"/>
    <resource>
      <Organization>
        <id value="df89a675-febe-44b9-8fe7-027169cb05a3"/>
        <meta>
          <profile value="http://helsenorge.no/fhir/StructureDefinition/no-basis-Organization"/>
        </meta>
        <text>
          <status value="generated"/><div xmlns="http://www.w3.org/1999/xhtml"><p><b>Generated Narrative: Organization</b><a name="df89a675-febe-44b9-8fe7-027169cb05a3"> </a></p><div style="display: inline-block; background-color: #d9e0e7; padding: 6px; margin: 4px; border: 1px solid #8da1b4; border-radius: 5px; line-height: 60%"><p style="margin-bottom: 0px">Resource Organization &quot;df89a675-febe-44b9-8fe7-027169cb05a3&quot; </p><p style="margin-bottom: 0px">Profile: <a href="StructureDefinition-no-basis-Organization.html">no-basis-Organization</a></p></div><p><b>identifier</b>: id: 993467048</p><p><b>type</b>: Helseforetak <span style="background: LightGoldenRodYellow; margin: 4px; border: 1px solid khaki"> (unknown#2)</span></p><p><b>name</b>: Oslo Universitetssykehus HF</p></div>
        </text>
        <identifier>
          <system value="urn:oid:2.16.578.1.12.4.1.4.101"/>
          <value value="993467048"/>
        </identifier>
        <type>
          <coding>
            <system value="urn:oid:2.16.578.1.12.4.1.1.8628"/>
            <code value="2"/>
            <display value="Helseforetak"/>
          </coding>
        </type>
        <name value="Oslo Universitetssykehus HF"/>
      </Organization>
    </resource>
    <request>
      <method value="POST"/>
      <url value="Organization"/>
    </request>
  </entry>
  <entry>
    <fullUrl value="http://dips.no/fhir/Appointment/34DDC9EC-E84A-EE11-9852-B0074B014ABB"/>
    <resource>
      <Appointment>
        <id value="34DDC9EC-E84A-EE11-9852-B0074B014ABB"/>
        <meta>
          <profile value="http://helsenorge.no/fhir/StructureDefinition/hn-basis-appointment"/>
          <tag>
            <extension url="http://helsenorge.no/fhir/extension/varselorganisasjon">
              <valueString value="Rikshospitalet"/>
            </extension>
            <system value="http://helsenorge.no/fhir/varsling"/>
            <code value="9"/>
            <display value="Benytt angitt navn som avsender i varsel til innbygger"/>
          </tag>
        </meta>
        <text>
          <status value="generated"/><div xmlns="http://www.w3.org/1999/xhtml"><p><b>Generated Narrative: Appointment</b><a name="34DDC9EC-E84A-EE11-9852-B0074B014ABB"> </a></p><div style="display: inline-block; background-color: #d9e0e7; padding: 6px; margin: 4px; border: 1px solid #8da1b4; border-radius: 5px; line-height: 60%"><p style="margin-bottom: 0px">Resource Appointment &quot;34DDC9EC-E84A-EE11-9852-B0074B014ABB&quot; </p><p style="margin-bottom: 0px">Profile: <a href="StructureDefinition-hn-basis-appointment.html">hn-basis-appointment</a></p><p style="margin-bottom: 0px">Tag: <span title="{http://helsenorge.no/fhir/varsling http://helsenorge.no/fhir/varsling}">http://helsenorge.no/fhir/varsling</span></p></div><p><b>identifier</b>: id: 34DDC9EC-E84A-EE11-9852-B0074B014ABB</p><p><b>status</b>: booked</p><p><b>serviceCategory</b>: Specialist Medical <span style="background: LightGoldenRodYellow; margin: 4px; border: 1px solid khaki"> (<a href="http://terminology.hl7.org/5.3.0/CodeSystem-service-category.html">Service category</a>#27)</span></p><p><b>appointmentType</b>: Behandling som gjøres uten innleggelse <span style="background: LightGoldenRodYellow; margin: 4px; border: 1px solid khaki"> (<a href="CodeSystem-Hn-AppointmentTypeProposed-New-Codes-cs.html">New codes proposed as part of Timetype innbyggerportal </a>#Poliklinisktime)</span></p><p><b>description</b>: Utredning</p><p><b>supportingInformation</b>: </p><ul><li><a href="#Organization_833bad1b-e612-4593-9560-c5ea55bce912">See above (Organization/833bad1b-e612-4593-9560-c5ea55bce912)</a></li><li><a href="#Flag_5add71e3-1fcb-4c4d-8065-5ce3c83a5cb8">See above (Flag/5add71e3-1fcb-4c4d-8065-5ce3c83a5cb8)</a></li></ul><p><b>start</b>: 3. okt. 2023, 10:30:00</p><p><b>end</b>: 3. okt. 2023, 12:00:00</p><p><b>minutesDuration</b>: 90</p><p><b>patientInstruction</b>: Se innkallingsbrev</p><h3>Participants</h3><table class="grid"><tr><td style="display: none">-</td><td><b>Type</b></td><td><b>Actor</b></td><td><b>Status</b></td></tr><tr><td style="display: none">*</td><td>Participation <span style="background: LightGoldenRodYellow; margin: 4px; border: 1px solid khaki"> (<a href="http://terminology.hl7.org/5.3.0/CodeSystem-v3-ParticipationType.html">ParticipationType</a>#PART)</span></td><td><span>id: 1416601476</span></td><td>accepted</td></tr></table></div>
        </text>
        <identifier>
          <system value="http://dips.no/fhir/namingsystem/dips-bookingid"/>
          <value value="34DDC9EC-E84A-EE11-9852-B0074B014ABB"/>
        </identifier>
        <status value="booked"/>
        <serviceCategory>
          <coding>
            <system value="http://terminology.hl7.org/CodeSystem/service-category"/>
            <code value="27"/>
            <display value="Specialist Medical"/>
          </coding>
        </serviceCategory>
        <appointmentType>
          <coding>
            <system value="http://helsenorge.no/fhir/CodeSystem/Hn-AppointmentTypeProposed-New-Codes-cs"/>
            <code value="Poliklinisktime"/>
            <display value="Behandling som gjøres uten innleggelse"/>
          </coding>
        </appointmentType>
        <description value="Utredning"/>
        <supportingInformation>
          <reference value="Organization/833bad1b-e612-4593-9560-c5ea55bce912"/>
        </supportingInformation>
        <supportingInformation>
          <reference value="Flag/5add71e3-1fcb-4c4d-8065-5ce3c83a5cb8"/>
        </supportingInformation>
        <start value="2023-10-03T08:30:00Z"/>
        <end value="2023-10-03T10:00:00Z"/>
        <minutesDuration value="90"/>
        <patientInstruction value="Se innkallingsbrev"/>
        <participant>
          <type>
            <coding>
              <system value="http://terminology.hl7.org/CodeSystem/v3-ParticipationType"/>
              <code value="PART"/>
              <display value="Participation"/>
            </coding>
          </type>
          <actor>
            <type value="Patient"/>
            <identifier>
              <system value="urn:oid:2.16.578.1.12.4.1.4.1"/>
              <value value="1416601476"/>
            </identifier>
          </actor>
          <status value="accepted"/>
        </participant>
      </Appointment>
    </resource>
    <request>
      <method value="POST"/>
      <url value="Appointment"/>
    </request>
  </entry>
</Bundle>