[
  {
    "id" : "Hn-AppointmentTypeProposed-New-Codes-cs",
    "type" : "CodeSystem",
    "url" : "http://helsenorge.no/fhir/CodeSystem/Hn-AppointmentTypeProposed-New-Codes-cs",
    "version" : "0.1.0",
    "name" : "HnAppointmentTypeProposedNewCodesCS"
  },
  {
    "id" : "hn-appointment-flag-code-cs",
    "type" : "CodeSystem",
    "url" : "http://helsenorge.no/fhir/CodeSystem/hn-appointment-flag-code-cs",
    "version" : "0.1.0",
    "name" : "HnAppointmentFlagCodeCS"
  },
  {
    "id" : "fhir.example",
    "type" : "ImplementationGuide",
    "url" : "http://helsenorge.no/fhir/ImplementationGuide/fhir.example",
    "version" : "0.1.0",
    "name" : "NyTimelosingIG"
  },
  {
    "id" : "hn-basis-AppointmentResponse",
    "type" : "StructureDefinition",
    "url" : "http://helsenorge.no/fhir/StructureDefinition/hn-basis-AppointmentResponse",
    "version" : "0.1.0",
    "name" : "HnBasisAppointmentResponse"
  },
  {
    "id" : "hn-basis-Flag",
    "type" : "StructureDefinition",
    "url" : "http://helsenorge.no/fhir/StructureDefinition/hn-basis-Flag",
    "version" : "0.1.0",
    "name" : "HnBasisFlag"
  },
  {
    "id" : "hn-basis-Recurring",
    "type" : "StructureDefinition",
    "url" : "http://helsenorge.no/fhir/StructureDefinition/hn-basis-Recurring",
    "version" : "0.1.0",
    "name" : "HnBasisRecurring"
  },
  {
    "id" : "hn-basis-appointment",
    "type" : "StructureDefinition",
    "url" : "http://helsenorge.no/fhir/StructureDefinition/hn-basis-appointment",
    "version" : "0.1.0",
    "name" : "HnBasisAppointment"
  },
  {
    "id" : "hn-basis-changeConferenceType",
    "type" : "StructureDefinition",
    "url" : "http://helsenorge.no/fhir/StructureDefinition/hn-basis-changeConferenceType",
    "version" : "0.1.0",
    "name" : "HnBasisChangeConferenceType"
  },
  {
    "id" : "hn-basis-consultationType",
    "type" : "StructureDefinition",
    "url" : "http://helsenorge.no/fhir/StructureDefinition/hn-basis-consultationType",
    "version" : "0.1.0",
    "name" : "HnBasisConsultationType"
  },
  {
    "id" : "hn-basis-flagStatusPeriod",
    "type" : "StructureDefinition",
    "url" : "http://helsenorge.no/fhir/StructureDefinition/hn-basis-flagStatusPeriod",
    "version" : "0.1.0",
    "name" : "HnBasisFlagStatusPeriod"
  },
  {
    "id" : "hn-basis-postponementreason",
    "type" : "StructureDefinition",
    "url" : "http://helsenorge.no/fhir/StructureDefinition/hn-basis-postponementreason",
    "version" : "0.1.0",
    "name" : "HnBasisPostponementReason"
  },
  {
    "id" : "hn-basis-schedule",
    "type" : "StructureDefinition",
    "url" : "http://helsenorge.no/fhir/StructureDefinition/hn-basis-schedule",
    "version" : "0.1.0",
    "name" : "HnBasisSchedule"
  },
  {
    "id" : "hn-basis-slot",
    "type" : "StructureDefinition",
    "url" : "http://helsenorge.no/fhir/StructureDefinition/hn-basis-slot",
    "version" : "0.1.0",
    "name" : "HnBasisSlot"
  },
  {
    "id" : "hn-appointment-AppointmentType-code-vs",
    "type" : "ValueSet",
    "url" : "http://helsenorge.no/fhir/ValueSet/hn-appointment-AppointmentType-code-vs",
    "version" : "0.1.0",
    "name" : "HnAppointmentAppointmentTypeVS"
  },
  {
    "id" : "hn-appointment-ServiceCategory-code-vs",
    "type" : "ValueSet",
    "url" : "http://helsenorge.no/fhir/ValueSet/hn-appointment-ServiceCategory-code-vs",
    "version" : "0.1.0",
    "name" : "HnAppointmentServiceCategoryVS"
  },
  {
    "id" : "hn-appointment-flag-code-vs",
    "type" : "ValueSet",
    "url" : "http://helsenorge.no/fhir/ValueSet/hn-appointment-flag-code-vs",
    "version" : "0.1.0",
    "name" : "HnAppointmentFlagCodeVS"
  },
  {
    "id" : "no-basis-virtual-service-type-vs",
    "type" : "ValueSet",
    "url" : "http://helsenorge.no/fhir/ValueSet/no-basis-virtual-service-type-vs",
    "version" : "0.1.0",
    "name" : "NoBasisVirtualServiceTypeVS"
  }
]
