{
  "codeSystems" : [
    {
      "url" : "http://helsenorge.no/fhir/CodeSystem/Hn-AppointmentTypeProposed-New-Codes-cs",
      "version" : "0.1.0",
      "status" : "draft",
      "name" : "HnAppointmentTypeProposedNewCodesCS",
      "title" : "New codes proposed as part of Timetype innbyggerportal.",
      "description" : "New codes proposed as part of Timetype innbyggerportal."
    },
    {
      "url" : "http://helsenorge.no/fhir/CodeSystem/hn-appointment-flag-code-cs",
      "version" : "0.1.0",
      "status" : "draft",
      "name" : "HnAppointmentFlagCodeCS",
      "title" : "hn-appointment-flag-code-cs",
      "description" : "Code system used for Flag codes in nytimeløsing"
    }
  ]
}
