{
  "resourceType" : "CodeSystem",
  "id" : "hn-appointment-flag-code-cs",
  "text" : {
    "status" : "generated",
    "div" : "<div xmlns=\"http://www.w3.org/1999/xhtml\"><p>This case-sensitive code system <code>http://helsenorge.no/fhir/CodeSystem/hn-appointment-flag-code-cs</code> defines the following codes:</p><table class=\"codes\"><tr><td style=\"white-space:nowrap\"><b>Code</b></td><td><b>Display</b></td></tr><tr><td style=\"white-space:nowrap\">cancel<a name=\"hn-appointment-flag-code-cs-cancel\"> </a></td><td>Innbygger kan kansellere timen</td></tr><tr><td style=\"white-space:nowrap\">canChangeAppointmentDialog<a name=\"hn-appointment-flag-code-cs-canChangeAppointmentDialog\"> </a></td><td>Innbygger kan be om endret time (Dialogmeldinger)</td></tr><tr><td style=\"white-space:nowrap\">canUseShortNotice<a name=\"hn-appointment-flag-code-cs-canUseShortNotice\"> </a></td><td>Innbygger kan komme på kort varsel</td></tr><tr><td style=\"white-space:nowrap\">canCancelServiceRequest<a name=\"hn-appointment-flag-code-cs-canCancelServiceRequest\"> </a></td><td>Innbygger kan be om at behandlingsløp avsluttes</td></tr><tr><td style=\"white-space:nowrap\">canChangeConferenceType<a name=\"hn-appointment-flag-code-cs-canChangeConferenceType\"> </a></td><td>Innbygger kan be om endret konferanse type</td></tr><tr><td style=\"white-space:nowrap\">canAcknowledge<a name=\"hn-appointment-flag-code-cs-canAcknowledge\"> </a></td><td>Timen/opphold kan bekreftes av innbygger</td></tr><tr><td style=\"white-space:nowrap\">canChangeAppointment<a name=\"hn-appointment-flag-code-cs-canChangeAppointment\"> </a></td><td>Innbygger kan be om endret time</td></tr><tr><td style=\"white-space:nowrap\">canHaveAppointmentDetails<a name=\"hn-appointment-flag-code-cs-canHaveAppointmentDetails\"> </a></td><td>Det finnes ytterlege timedetaljer på time/timeavtale som kan hentes</td></tr><tr><td style=\"white-space:nowrap\">canInitiateDialog<a name=\"hn-appointment-flag-code-cs-canInitiateDialog\"> </a></td><td>Dialog kan inisieres</td></tr></table></div>"
  },
  "url" : "http://helsenorge.no/fhir/CodeSystem/hn-appointment-flag-code-cs",
  "version" : "0.1.0",
  "name" : "HnAppointmentFlagCodeCS",
  "title" : "hn-appointment-flag-code-cs",
  "status" : "draft",
  "experimental" : false,
  "date" : "2024-06-01T10:49:22+02:00",
  "publisher" : "Example Publisher",
  "contact" : [{
    "name" : "Example Publisher",
    "telecom" : [{
      "system" : "url",
      "value" : "http://example.org/example-publisher"
    }]
  }],
  "description" : "Code system used for Flag codes in nytimeløsing",
  "caseSensitive" : true,
  "content" : "complete",
  "count" : 9,
  "concept" : [{
    "code" : "cancel",
    "display" : "Innbygger kan kansellere timen"
  },
  {
    "code" : "canChangeAppointmentDialog",
    "display" : "Innbygger kan be om endret time (Dialogmeldinger)"
  },
  {
    "code" : "canUseShortNotice",
    "display" : "Innbygger kan komme på kort varsel"
  },
  {
    "code" : "canCancelServiceRequest",
    "display" : "Innbygger kan be om at behandlingsløp avsluttes"
  },
  {
    "code" : "canChangeConferenceType",
    "display" : "Innbygger kan be om endret konferanse type"
  },
  {
    "code" : "canAcknowledge",
    "display" : "Timen/opphold kan bekreftes av innbygger"
  },
  {
    "code" : "canChangeAppointment",
    "display" : "Innbygger kan be om endret time"
  },
  {
    "code" : "canHaveAppointmentDetails",
    "display" : "Det finnes ytterlege timedetaljer på time/timeavtale som kan hentes"
  },
  {
    "code" : "canInitiateDialog",
    "display" : "Dialog kan inisieres"
  }]
}