<?xml version="1.0" encoding="UTF-8"?>

<CodeSystem xmlns="http://hl7.org/fhir">
  <id value="hn-appointment-flag-code-cs"/>
  <text>
    <status value="generated"/><div xmlns="http://www.w3.org/1999/xhtml">Placeholder</div>
  </text>
  <url value="http://helsenorge.no/fhir/CodeSystem/hn-appointment-flag-code-cs"/>
  <version value="0.1.0"/>
  <name value="HnAppointmentFlagCodeCS"/>
  <title value="hn-appointment-flag-code-cs"/>
  <status value="draft"/>
  <date value="2023-09-20T09:32:23+02:00"/>
  <publisher value="Example Publisher"/>
  <contact>
    <name value="Example Publisher"/>
    <telecom>
      <system value="url"/>
      <value value="http://example.org/example-publisher"/>
    </telecom>
  </contact>
  <description value="Code system used for Flag codes in nytimeløsing"/>
  <content value="complete"/>
  <count value="7"/>
  <concept>
    <code value="cancel"/>
    <display value="Innbygger kan kansellere timen"/>
  </concept>
  <concept>
    <code value="canChangeAppointmentDialog"/>
    <display value="Innbygger kan be om endret time (Dialogmeldinger)"/>
  </concept>
  <concept>
    <code value="canUseShortNotice"/>
    <display value="Innbygger kan komme på kort varsel"/>
  </concept>
  <concept>
    <code value="canCancelServiceRequest"/>
    <display value="Innbygger kan be om at behandlingsløp avsluttes"/>
  </concept>
  <concept>
    <code value="canChangeConferenceType"/>
    <display value="Innbygger kan be om endret konferanse type"/>
  </concept>
  <concept>
    <code value="canAcknowledge"/>
    <display value="Timen/opphold kan bekreftes av innbygger"/>
  </concept>
  <concept>
    <code value="canChangeAppointment"/>
    <display value="Innbygger kan be om endret time"/>
  </concept>
</CodeSystem>