URL,Version,Status,OIDs,Name,Title,Descriptino,Used
http://helsenorge.no/fhir/CodeSystem/Hn-AppointmentTypeProposed-New-Codes-cs,0.1.0,draft,,HnAppointmentTypeProposedNewCodesCS,New codes that shold be used as default for appointmentType.,"New codes that shold be used as default for appointmentType.","ValueSet/hn-appointment-AppointmentType-code-vs"
http://helsenorge.no/fhir/CodeSystem/hn-appointment-flag-code-cs,0.1.0,draft,,HnAppointmentFlagCodeCS,hn-appointment-flag-code-cs,"Code system used for Flag codes in nytimeløsing","ValueSet/hn-appointment-flag-code-vs"
http://hl7.no/fhir/CodeSystem/no-basis-connection-type,2.0.8,active,,NoBasisConnectionType,no-basis-connection-type.codesystem,"Codes to describe Norwegian message based communication protocols.","ValueSet/no-basis-connection-type.valueset"
http://hl7.org/fhir/contact-point-system,4.0.1,active,"2.16.840.1.113883.4.642.4.72",ContactPointSystem,ContactPointSystem,"Telecommunications form for contact point.","ValueSet/no-basis-virtual-service-type.valueset,ValueSet/hn-basis-virtual-service-type.valueset"
http://terminology.hl7.org/CodeSystem/endpoint-connection-type,1.0.0,draft,"2.16.840.1.113883.4.642.1.1140",EndpointConnectionType,Endpoint Connection Type,"This is an example value set defined by the FHIR project, that could be used to represent possible connection type profile values.","ValueSet/no-basis-connection-type.valueset"
http://terminology.hl7.org/CodeSystem/organization-type,0.1.0,draft,"2.16.840.1.113883.4.642.1.1128",OrganizationType,Organization type,"This example value set defines a set of codes that can be used to indicate a type of organization.","ValueSet/organization-type"
http://terminology.hl7.org/CodeSystem/service-category,0.1.0,draft,"2.16.840.1.113883.4.642.1.1144",ServiceCategory,Service category,"This value set defines an example set of codes that can be used to classify groupings of service-types/specialties.","ValueSet/hn-appointment-ServiceCategory-code-vs"
