{
  "codeSystems" : [
    {
      "url" : "http://helsenorge.no/fhir/CodeSystem/Hn-AppointmentTypeProposed-New-Codes-cs",
      "version" : "0.1.0",
      "status" : "draft",
      "name" : "HnAppointmentTypeProposedNewCodesCS",
      "title" : "Default codes for appointmentType.",
      "description" : "New codes that should be used as default for appointmentType.",
      "uses" : {
      },
      "ValueSet-hn-appointment-AppointmentType-code-vs.html" : "hn-appointment-AppointmentType-code-vs"
    },
    {
      "url" : "http://helsenorge.no/fhir/CodeSystem/hn-appointment-flag-code-cs",
      "version" : "0.1.0",
      "status" : "draft",
      "name" : "HnAppointmentFlagCodeCS",
      "title" : "hn-appointment-flag-code-cs",
      "description" : "Code system used for Flag codes in nytimeløsing",
      "uses" : {
      },
      "ValueSet-hn-appointment-flag-code-vs.html" : "hn-appointment-flag-code-vs"
    },
    {
      "url" : "http://hl7.org/fhir/appointmentstatus",
      "version" : "4.0.1",
      "status" : "draft",
      "name" : "AppointmentStatus",
      "title" : "AppointmentStatus",
      "description" : "The free/busy status of an appointment.",
      "oids" : ["2.16.840.1.113883.4.642.4.485"],
      "uses" : {
      },
      "http://hl7.org/fhir/R4/valueset-appointmentstatus.html" : "AppointmentStatus"
    },
    {
      "url" : "http://hl7.org/fhir/contact-point-system",
      "version" : "4.0.1",
      "status" : "active",
      "name" : "ContactPointSystem",
      "title" : "ContactPointSystem",
      "description" : "Telecommunications form for contact point.",
      "oids" : ["2.16.840.1.113883.4.642.4.72"],
      "uses" : {
      },
      "https://simplifier.net/resolve?scope=hl7.fhir.no.basis@2.2.0&canonical=http://hl7.no/fhir/ValueSet/no-basis-virtual-service-type" : "No Basis VirtualServiceType Value Set",
      "ValueSet-hn-basis-virtual-service-type.valueset.html" : "Hn Basis VirtualServiceType Value Set"
    },
    {
      "url" : "http://hl7.org/fhir/fhir-types",
      "version" : "5.0.0",
      "status" : "active",
      "name" : "FHIRTypes",
      "title" : "All FHIR Types",
      "description" : "One of the types defined as part of this version of FHIR.",
      "oids" : ["2.16.840.1.113883.4.642.4.1802"],
      "uses" : {
      },
      "http://hl7.org/fhir/R5/valueset-resource-types.html" : "Resource Types"
    },
    {
      "url" : "http://hl7.org/fhir/flag-status",
      "version" : "4.0.1",
      "status" : "draft",
      "name" : "FlagStatus",
      "title" : "FlagStatus",
      "description" : "Indicates whether this flag is active and needs to be displayed to a user, or whether it is no longer needed or was entered in error.",
      "oids" : ["2.16.840.1.113883.4.642.4.121"],
      "uses" : {
      },
      "http://hl7.org/fhir/R4/valueset-flag-status.html" : "FlagStatus"
    },
    {
      "url" : "http://hl7.org/fhir/identifier-use",
      "version" : "4.0.1",
      "status" : "active",
      "name" : "IdentifierUse",
      "title" : "IdentifierUse",
      "description" : "Identifies the purpose for this identifier, if known .",
      "oids" : ["2.16.840.1.113883.4.642.4.58"],
      "uses" : {
      },
      "http://hl7.org/fhir/R4/valueset-identifier-use.html" : "IdentifierUse"
    },
    {
      "url" : "http://hl7.org/fhir/participantrequired",
      "version" : "4.0.1",
      "status" : "draft",
      "name" : "ParticipantRequired",
      "title" : "ParticipantRequired",
      "description" : "Is the Participant required to attend the appointment.",
      "oids" : ["2.16.840.1.113883.4.642.4.489"],
      "uses" : {
      },
      "http://hl7.org/fhir/R4/valueset-participantrequired.html" : "ParticipantRequired"
    },
    {
      "url" : "http://hl7.org/fhir/participationstatus",
      "version" : "4.0.1",
      "status" : "draft",
      "name" : "ParticipationStatus",
      "title" : "ParticipationStatus",
      "description" : "The Participation status of an appointment.",
      "oids" : ["2.16.840.1.113883.4.642.4.487"],
      "uses" : {
      },
      "http://hl7.org/fhir/R4/valueset-participationstatus.html" : "ParticipationStatus"
    },
    {
      "url" : "http://snomed.info/sct",
      "version" : null,
      "status" : "active",
      "name" : "SNOMED_CT",
      "title" : "SNOMED CT (all versions)",
      "description" : "SNOMED CT is the most comprehensive and precise clinical health terminology product in the world, owned and distributed around the world by The International Health Terminology Standards Development Organisation (IHTSDO).",
      "oids" : ["2.16.840.1.113883.6.96"],
      "uses" : {
      },
      "http://hl7.org/fhir/R4/valueset-c80-practice-codes.html" : "Practice Setting Code Value Set",
      "http://hl7.org/fhir/R4/valueset-encounter-reason.html" : "Encounter Reason Codes"
    },
    {
      "url" : "http://terminology.hl7.org/CodeSystem/contactentity-type",
      "version" : "0.5.0",
      "status" : "draft",
      "name" : "ContactEntityType",
      "title" : "Contact entity type",
      "description" : "This example value set defines a set of codes that can be used to indicate the purpose for which you would contact a contact party.",
      "oids" : ["2.16.840.1.113883.4.642.1.1129"],
      "uses" : {
      },
      "http://hl7.org/fhir/R4/valueset-contactentity-type.html" : "Contact entity type"
    },
    {
      "url" : "http://terminology.hl7.org/CodeSystem/flag-category",
      "version" : "0.1.0",
      "status" : "draft",
      "name" : "FlagCategory",
      "title" : "Flag Category",
      "description" : "Example list of general categories for flagged issues. (Not complete or necessarily appropriate.)",
      "oids" : ["2.16.840.1.113883.4.642.1.1071"],
      "uses" : {
      },
      "http://hl7.org/fhir/R4/valueset-flag-category.html" : "Flag Category"
    },
    {
      "url" : "http://terminology.hl7.org/CodeSystem/organization-type",
      "version" : "0.1.0",
      "status" : "draft",
      "name" : "OrganizationType",
      "title" : "Organization type",
      "description" : "This example value set defines a set of codes that can be used to indicate a type of organization.",
      "oids" : ["2.16.840.1.113883.4.642.1.1128"],
      "uses" : {
      },
      "http://hl7.org/fhir/R4/valueset-organization-type.html" : "Organization type"
    },
    {
      "url" : "http://terminology.hl7.org/CodeSystem/participant-type",
      "version" : "0.5.0",
      "status" : "draft",
      "name" : "ParticipantType",
      "title" : "Participant type",
      "description" : "This value set defines a set of codes that can be used to indicate how an individual participates in an encounter.",
      "oids" : ["2.16.840.1.113883.4.642.1.1089"],
      "uses" : {
      },
      "http://hl7.org/fhir/R4/valueset-encounter-participant-type.html" : "Participant type"
    },
    {
      "url" : "http://terminology.hl7.org/CodeSystem/service-category",
      "version" : "0.1.0",
      "status" : "draft",
      "name" : "ServiceCategory",
      "title" : "Service category",
      "description" : "This value set defines an example set of codes that can be used to classify groupings of service-types/specialties.",
      "oids" : ["2.16.840.1.113883.4.642.1.1144"],
      "uses" : {
      },
      "ValueSet-hn-appointment-ServiceCategory-code-vs.html" : "hn-appointment-ServiceCategory-code-vs"
    },
    {
      "url" : "http://terminology.hl7.org/CodeSystem/service-type",
      "version" : "0.1.0",
      "status" : "draft",
      "name" : "ServiceType",
      "title" : "Service type",
      "description" : "This value set defines an example set of codes of service-types.",
      "oids" : ["2.16.840.1.113883.4.642.1.1145"],
      "uses" : {
      },
      "http://hl7.org/fhir/R4/valueset-service-type.html" : "Service type"
    },
    {
      "url" : "http://terminology.hl7.org/CodeSystem/v2-0203",
      "version" : "3.0.0",
      "status" : "active",
      "name" : "IdentifierType",
      "title" : "identifierType",
      "description" : "HL7-defined code system of concepts specifying type of identifier. Used in HL7 Version 2.x messaging data types CX, PLN, PPN, XCN and XON.",
      "oids" : ["2.16.840.1.113883.18.108"],
      "uses" : {
      },
      "http://hl7.org/fhir/R4/valueset-identifier-type.html" : "IdentifierType"
    },
    {
      "url" : "http://terminology.hl7.org/CodeSystem/v2-0276",
      "version" : "2.1.0",
      "status" : "active",
      "name" : "AppointmentReason",
      "title" : "appointmentReason",
      "description" : "Code system of concepts used to describe the kind of appointment or the reason why an appointment has been scheduled.  Used in HL7 Version 2.x messaging in the ARQ segment.",
      "oids" : ["2.16.840.1.113883.18.169"],
      "uses" : {
      },
      "http://terminology.hl7.org/5.3.0/ValueSet-v2-0276.html" : "hl7VS-appointmentReasonCodes"
    },
    {
      "url" : "http://terminology.hl7.org/CodeSystem/v3-ParticipationType",
      "version" : "4.0.0",
      "status" : "active",
      "name" : "ParticipationType",
      "title" : "ParticipationType",
      "description" : "A code specifying the meaning and purpose of every Participation instance. Each of its values implies specific constraints on the Roles undertaking the participation.",
      "oids" : ["2.16.840.1.113883.5.90"],
      "uses" : {
      },
      "http://hl7.org/fhir/R4/valueset-encounter-participant-type.html" : "Participant type"
    },
    {
      "url" : "urn:ietf:bcp:47",
      "version" : "2.0.1",
      "status" : "active",
      "name" : "Ietf3066",
      "title" : "Tags for the Identification of Languages",
      "description" : "Older value from OID registry.  Superceded; see recommendations in BCP-47.",
      "oids" : ["2.16.840.1.113883.6.121"],
      "uses" : {
      },
      "http://hl7.org/fhir/R4/valueset-languages.html" : "Common Languages"
    }
  ]
}
