<?xml version="1.0" encoding="UTF-8"?>

<CodeSystem xmlns="http://hl7.org/fhir">
  <id value="Hn-AppointmentTypeProposed-New-Codes-cs"/>
  <text>
    <status value="generated"/><div xmlns="http://www.w3.org/1999/xhtml"><p>This case-sensitive code system <code>http://helsenorge.no/fhir/CodeSystem/Hn-AppointmentTypeProposed-New-Codes-cs</code> defines the following codes:</p><table class="codes"><tr><td style="white-space:nowrap"><b>Code</b></td><td><b>Display</b></td></tr><tr><td style="white-space:nowrap">Poliklinisktime<a name="Hn-AppointmentTypeProposed-New-Codes-cs-Poliklinisktime"> </a></td><td>Poliklinisk time</td></tr><tr><td style="white-space:nowrap">Innleggelse<a name="Hn-AppointmentTypeProposed-New-Codes-cs-Innleggelse"> </a></td><td>Innleggelse</td></tr><tr><td style="white-space:nowrap">Dagbehandling<a name="Hn-AppointmentTypeProposed-New-Codes-cs-Dagbehandling"> </a></td><td>Dagbehandling</td></tr><tr><td style="white-space:nowrap">Hjemmebesøk<a name="Hn-AppointmentTypeProposed-New-Codes-cs-Hjemmebes.248k"> </a></td><td>Hjemmebesøk</td></tr><tr><td style="white-space:nowrap">Konsultasjon<a name="Hn-AppointmentTypeProposed-New-Codes-cs-Konsultasjon"> </a></td><td>Konsultasjon</td></tr><tr><td style="white-space:nowrap">Bildediagnostikk<a name="Hn-AppointmentTypeProposed-New-Codes-cs-Bildediagnostikk"> </a></td><td>Bildediagnostikk</td></tr></table></div>
  </text>
  <url value="http://helsenorge.no/fhir/CodeSystem/Hn-AppointmentTypeProposed-New-Codes-cs"/>
  <version value="0.1.0"/>
  <name value="HnAppointmentTypeProposedNewCodesCS"/>
  <title value="New codes that shold be used as default for appointmentType."/>
  <status value="draft"/>
  <experimental value="true"/>
  <date value="2023-12-08T15:31:30+01:00"/>
  <publisher value="Example Publisher"/>
  <contact>
    <name value="Example Publisher"/>
    <telecom>
      <system value="url"/>
      <value value="http://example.org/example-publisher"/>
    </telecom>
  </contact>
  <description value="New codes that shold be used as default for appointmentType."/>
  <caseSensitive value="true"/>
  <content value="complete"/>
  <count value="6"/>
  <concept>
    <code value="Poliklinisktime"/>
    <display value="Poliklinisk time"/>
  </concept>
  <concept>
    <code value="Innleggelse"/>
    <display value="Innleggelse"/>
  </concept>
  <concept>
    <code value="Dagbehandling"/>
    <display value="Dagbehandling"/>
  </concept>
  <concept>
    <code value="Hjemmebesøk"/>
    <display value="Hjemmebesøk"/>
  </concept>
  <concept>
    <code value="Konsultasjon"/>
    <display value="Konsultasjon"/>
  </concept>
  <concept>
    <code value="Bildediagnostikk"/>
    <display value="Bildediagnostikk"/>
  </concept>
</CodeSystem>