<?xml version="1.0" encoding="UTF-8"?>

<Flag xmlns="http://hl7.org/fhir">
  <id value="5add71e3-1fcb-4c4d-8065-5ce3c83a5cb8"/>
  <meta>
    <profile value="http://helsenorge.no/fhir/StructureDefinition/hn-basis-Flag"/>
  </meta>
  <text>
    <status value="generated"/><div xmlns="http://www.w3.org/1999/xhtml"><p><b>Generated Narrative: Flag</b><a name="5add71e3-1fcb-4c4d-8065-5ce3c83a5cb8"> </a></p><div style="display: inline-block; background-color: #d9e0e7; padding: 6px; margin: 4px; border: 1px solid #8da1b4; border-radius: 5px; line-height: 60%"><p style="margin-bottom: 0px">Resource Flag &quot;5add71e3-1fcb-4c4d-8065-5ce3c83a5cb8&quot; </p><p style="margin-bottom: 0px">Profile: <a href="StructureDefinition-hn-basis-Flag.html">hn-basis-Flag</a></p></div><p><b>identifier</b>: id: 5add71e3-1fcb-4c4d-8065-5ce3c83a5cb8</p><p><b>status</b>: active</p><p><b>code</b>: Timen/opphold kan bekreftes av innbygger <span style="background: LightGoldenRodYellow; margin: 4px; border: 1px solid khaki"> (<a href="CodeSystem-hn-appointment-flag-code-cs.html">hn-appointment-flag-code-cs</a>#canAcknowledge)</span></p><p><b>subject</b>: <span>id: 1416601476</span></p></div>
  </text>
  <identifier>
    <value value="5add71e3-1fcb-4c4d-8065-5ce3c83a5cb8"/>
  </identifier>
  <status value="active"/>
  <code>
    <coding>
      <system value="http://helsenorge.no/fhir/CodeSystem/hn-appointment-flag-code-cs"/>
      <code value="canAcknowledge"/>
      <display value="Timen/opphold kan bekreftes av innbygger"/>
    </coding>
  </code>
  <subject>
    <identifier>
      <system value="urn:oid:2.16.578.1.12.4.1.4.1"/>
      <value value="1416601476"/>
    </identifier>
  </subject>
</Flag>