<?xml version="1.0" encoding="UTF-8"?>

<Organization xmlns="http://hl7.org/fhir">
  <id value="175befc3-6f87-4db0-92ee-90e7a8c67960"/>
  <meta>
    <profile value="http://helsenorge.no/fhir/StructureDefinition/no-basis-Organization"/>
  </meta>
  <text>
    <status value="generated"/><div xmlns="http://www.w3.org/1999/xhtml"><p><b>Generated Narrative: Organization</b><a name="175befc3-6f87-4db0-92ee-90e7a8c67960"> </a></p><div style="display: inline-block; background-color: #d9e0e7; padding: 6px; margin: 4px; border: 1px solid #8da1b4; border-radius: 5px; line-height: 60%"><p style="margin-bottom: 0px">Resource Organization &quot;175befc3-6f87-4db0-92ee-90e7a8c67960&quot; </p><p style="margin-bottom: 0px">Profile: <a href="StructureDefinition-no-basis-Organization.html">no-basis-Organization</a></p></div><p><b>identifier</b>: id: resh111111</p><p><b>type</b>: Institusjon <span style="background: LightGoldenRodYellow; margin: 4px; border: 1px solid khaki"> (unknown#3)</span></p><p><b>name</b>: Hjertemedisinsk Avdeling</p></div>
  </text>
  <identifier>
    <system value="urn:oid:2.16.578.1.12.4.1.4.103"/>
    <value value="resh111111"/>
  </identifier>
  <type>
    <coding>
      <system value="urn:oid:2.16.578.1.12.4.1.1.8628"/>
      <code value="3"/>
      <display value="Institusjon"/>
    </coding>
  </type>
  <name value="Hjertemedisinsk Avdeling"/>
</Organization>