{
  "resourceType" : "Organization",
  "id" : "833bad1b-e612-4593-9560-c5ea55bce912",
  "meta" : {
    "profile" : ["http://helsenorge.no/fhir/StructureDefinition/no-basis-Organization"]
  },
  "text" : {
    "status" : "generated",
    "div" : "<div xmlns=\"http://www.w3.org/1999/xhtml\"><p><b>Generated Narrative: Organization</b><a name=\"833bad1b-e612-4593-9560-c5ea55bce912\"> </a></p><div style=\"display: inline-block; background-color: #d9e0e7; padding: 6px; margin: 4px; border: 1px solid #8da1b4; border-radius: 5px; line-height: 60%\"><p style=\"margin-bottom: 0px\">Resource Organization &quot;833bad1b-e612-4593-9560-c5ea55bce912&quot; </p><p style=\"margin-bottom: 0px\">Profile: <a href=\"StructureDefinition-no-basis-Organization.html\">no-basis-Organization</a></p></div><p><b>identifier</b>: id:\u00a0HerIdn2_123456</p><p><b>type</b>: Avdeling <span style=\"background: LightGoldenRodYellow; margin: 4px; border: 1px solid khaki\"> (unknown#05)</span></p><p><b>partOf</b>: <a href=\"Organization-df89a675-febe-44b9-8fe7-027169cb05a3.html\">Organization/df89a675-febe-44b9-8fe7-027169cb05a3</a> &quot;Oslo Universitetssykehus HF&quot;</p></div>"
  },
  "identifier" : [{
    "system" : "urn:oid:2.16.578.1.12.4.1.2",
    "value" : "HerIdn2_123456"
  }],
  "type" : [{
    "coding" : [{
      "system" : "urn:oid:2.16.578.1.12.4.1.1.8628",
      "code" : "05",
      "display" : "Avdeling"
    }]
  }],
  "partOf" : {
    "reference" : "Organization/df89a675-febe-44b9-8fe7-027169cb05a3"
  }
}