<?xml version="1.0" encoding="UTF-8"?>

<PractitionerRole xmlns="http://hl7.org/fhir">
  <id value="d6325177-bcfb-4d2d-b507-5d5f65066abb"/>
  <meta>
    <profile value="http://helsenorge.no/fhir/StructureDefinition/no-basis-PractitionerRole"/>
  </meta>
  <text>
    <status value="generated"/><div xmlns="http://www.w3.org/1999/xhtml"><p><b>Generated Narrative: PractitionerRole</b><a name="d6325177-bcfb-4d2d-b507-5d5f65066abb"> </a></p><div style="display: inline-block; background-color: #d9e0e7; padding: 6px; margin: 4px; border: 1px solid #8da1b4; border-radius: 5px; line-height: 60%"><p style="margin-bottom: 0px">Resource PractitionerRole &quot;d6325177-bcfb-4d2d-b507-5d5f65066abb&quot; </p><p style="margin-bottom: 0px">Profile: <a href="StructureDefinition-no-basis-PractitionerRole.html">no-basis-PractitionerRole</a></p></div><p><b>organization</b>: <a href="Organization-175befc3-6f87-4db0-92ee-90e7a8c67960.html">Organization/175befc3-6f87-4db0-92ee-90e7a8c67960</a> &quot;Hjertemedisinsk Avdeling&quot;</p><p><b>code</b>: Behandlingsansvarlig lege <span style="background: LightGoldenRodYellow; margin: 4px; border: 1px solid khaki"> (unknown#3)</span></p><p><b>specialty</b>: Hjertesykdommer <span style="background: LightGoldenRodYellow; margin: 4px; border: 1px solid khaki"> (unknown#150)</span></p><p><b>location</b>: <a href="Location-15878c66-d827-4fb9-8528-e234a0dr4535.html">Location/15878c66-d827-4fb9-8528-e234a0dr4535</a> &quot;Hjertemedisinsk avdeling&quot;</p></div>
  </text>
  <organization>
    <reference value="Organization/175befc3-6f87-4db0-92ee-90e7a8c67960"/>
  </organization>
  <code>
    <coding>
      <system value="urn:oid:2.16.578.1.12.4.1.1.9034"/>
      <code value="3"/>
      <display value="Behandlingsansvarlig lege"/>
    </coding>
  </code>
  <specialty>
    <coding>
      <system value="urn:oid:2.16.578.1.12.4.1.1.8451"/>
      <code value="150"/>
      <display value="Hjertesykdommer"/>
    </coding>
  </specialty>
  <location>
    <reference value="Location/15878c66-d827-4fb9-8528-e234a0dr4535"/>
  </location>
</PractitionerRole>