{
  "resourceType" : "StructureDefinition",
  "id" : "hn-basis-slot",
  "text" : {
    "status" : "extensions",
    "div" : "<div xmlns=\"http://www.w3.org/1999/xhtml\">Placeholder</div>"
  },
  "url" : "http://helsenorge.no/fhir/StructureDefinition/hn-basis-slot",
  "version" : "0.1.0",
  "name" : "HnBasisSlot",
  "title" : "hn-basis-slot",
  "status" : "draft",
  "date" : "2023-09-25T00:16:31+02:00",
  "publisher" : "Example Publisher",
  "contact" : [{
    "name" : "Example Publisher",
    "telecom" : [{
      "system" : "url",
      "value" : "http://example.org/example-publisher"
    }]
  }],
  "description" : "Profile used for Slot in HN. Based on FHIR Slot (R4)",
  "fhirVersion" : "4.0.1",
  "mapping" : [{
    "identity" : "rim",
    "uri" : "http://hl7.org/v3",
    "name" : "RIM Mapping"
  },
  {
    "identity" : "ical",
    "uri" : "http://ietf.org/rfc/2445",
    "name" : "iCalendar"
  },
  {
    "identity" : "w5",
    "uri" : "http://hl7.org/fhir/fivews",
    "name" : "FiveWs Pattern Mapping"
  }],
  "kind" : "resource",
  "abstract" : false,
  "type" : "Slot",
  "baseDefinition" : "http://hl7.org/fhir/StructureDefinition/Slot",
  "derivation" : "constraint",
  "snapshot" : {
    "element" : [{
      "id" : "Slot",
      "path" : "Slot",
      "short" : "A slot of time on a schedule that may be available for booking appointments",
      "definition" : "A slot of time on a schedule that may be available for booking appointments.",
      "min" : 0,
      "max" : "*",
      "base" : {
        "path" : "Slot",
        "min" : 0,
        "max" : "*"
      },
      "constraint" : [{
        "key" : "dom-2",
        "severity" : "error",
        "human" : "If the resource is contained in another resource, it SHALL NOT contain nested Resources",
        "expression" : "contained.contained.empty()",
        "xpath" : "not(parent::f:contained and f:contained)",
        "source" : "http://hl7.org/fhir/StructureDefinition/DomainResource"
      },
      {
        "key" : "dom-3",
        "severity" : "error",
        "human" : "If the resource is contained in another resource, it SHALL be referred to from elsewhere in the resource or SHALL refer to the containing resource",
        "expression" : "contained.where((('#'+id in (%resource.descendants().reference | %resource.descendants().as(canonical) | %resource.descendants().as(uri) | %resource.descendants().as(url))) or descendants().where(reference = '#').exists() or descendants().where(as(canonical) = '#').exists() or descendants().where(as(canonical) = '#').exists()).not()).trace('unmatched', id).empty()",
        "xpath" : "not(exists(for $id in f:contained/*/f:id/@value return $contained[not(parent::*/descendant::f:reference/@value=concat('#', $contained/*/id/@value) or descendant::f:reference[@value='#'])]))",
        "source" : "http://hl7.org/fhir/StructureDefinition/DomainResource"
      },
      {
        "key" : "dom-4",
        "severity" : "error",
        "human" : "If a resource is contained in another resource, it SHALL NOT have a meta.versionId or a meta.lastUpdated",
        "expression" : "contained.meta.versionId.empty() and contained.meta.lastUpdated.empty()",
        "xpath" : "not(exists(f:contained/*/f:meta/f:versionId)) and not(exists(f:contained/*/f:meta/f:lastUpdated))",
        "source" : "http://hl7.org/fhir/StructureDefinition/DomainResource"
      },
      {
        "key" : "dom-5",
        "severity" : "error",
        "human" : "If a resource is contained in another resource, it SHALL NOT have a security label",
        "expression" : "contained.meta.security.empty()",
        "xpath" : "not(exists(f:contained/*/f:meta/f:security))",
        "source" : "http://hl7.org/fhir/StructureDefinition/DomainResource"
      },
      {
        "extension" : [{
          "url" : "http://hl7.org/fhir/StructureDefinition/elementdefinition-bestpractice",
          "valueBoolean" : true
        },
        {
          "url" : "http://hl7.org/fhir/StructureDefinition/elementdefinition-bestpractice-explanation",
          "valueMarkdown" : "When a resource has no narrative, only systems that fully understand the data can display the resource to a human safely. Including a human readable representation in the resource makes for a much more robust eco-system and cheaper handling of resources by intermediary systems. Some ecosystems restrict distribution of resources to only those systems that do fully understand the resources, and as a consequence implementers may believe that the narrative is superfluous. However experience shows that such eco-systems often open up to new participants over time."
        }],
        "key" : "dom-6",
        "severity" : "warning",
        "human" : "A resource should have narrative for robust management",
        "expression" : "text.`div`.exists()",
        "xpath" : "exists(f:text/h:div)",
        "source" : "http://hl7.org/fhir/StructureDefinition/DomainResource"
      }],
      "isModifier" : false,
      "isSummary" : false,
      "mapping" : [{
        "identity" : "rim",
        "map" : "Entity. Role, or Act"
      },
      {
        "identity" : "rim",
        "map" : "n/a"
      },
      {
        "identity" : "ical",
        "map" : "(refer to the Availability resource for the header mapping details)"
      }]
    },
    {
      "id" : "Slot.id",
      "path" : "Slot.id",
      "short" : "Logical id of this artifact",
      "definition" : "The logical id of the resource, as used in the URL for the resource. Once assigned, this value never changes.",
      "comment" : "The only time that a resource does not have an id is when it is being submitted to the server using a create operation.",
      "min" : 0,
      "max" : "1",
      "base" : {
        "path" : "Resource.id",
        "min" : 0,
        "max" : "1"
      },
      "type" : [{
        "extension" : [{
          "url" : "http://hl7.org/fhir/StructureDefinition/structuredefinition-fhir-type",
          "valueUrl" : "id"
        }],
        "code" : "http://hl7.org/fhirpath/System.String"
      }],
      "isModifier" : false,
      "isSummary" : true
    },
    {
      "id" : "Slot.meta",
      "path" : "Slot.meta",
      "short" : "Metadata about the resource",
      "definition" : "The metadata about the resource. This is content that is maintained by the infrastructure. Changes to the content might not always be associated with version changes to the resource.",
      "min" : 0,
      "max" : "1",
      "base" : {
        "path" : "Resource.meta",
        "min" : 0,
        "max" : "1"
      },
      "type" : [{
        "code" : "Meta"
      }],
      "constraint" : [{
        "key" : "ele-1",
        "severity" : "error",
        "human" : "All FHIR elements must have a @value or children",
        "expression" : "hasValue() or (children().count() > id.count())",
        "xpath" : "@value|f:*|h:div",
        "source" : "http://hl7.org/fhir/StructureDefinition/Element"
      }],
      "isModifier" : false,
      "isSummary" : true
    },
    {
      "id" : "Slot.implicitRules",
      "path" : "Slot.implicitRules",
      "short" : "A set of rules under which this content was created",
      "definition" : "A reference to a set of rules that were followed when the resource was constructed, and which must be understood when processing the content. Often, this is a reference to an implementation guide that defines the special rules along with other profiles etc.",
      "comment" : "Asserting this rule set restricts the content to be only understood by a limited set of trading partners. This inherently limits the usefulness of the data in the long term. However, the existing health eco-system is highly fractured, and not yet ready to define, collect, and exchange data in a generally computable sense. Wherever possible, implementers and/or specification writers should avoid using this element. Often, when used, the URL is a reference to an implementation guide that defines these special rules as part of it's narrative along with other profiles, value sets, etc.",
      "min" : 0,
      "max" : "1",
      "base" : {
        "path" : "Resource.implicitRules",
        "min" : 0,
        "max" : "1"
      },
      "type" : [{
        "code" : "uri"
      }],
      "constraint" : [{
        "key" : "ele-1",
        "severity" : "error",
        "human" : "All FHIR elements must have a @value or children",
        "expression" : "hasValue() or (children().count() > id.count())",
        "xpath" : "@value|f:*|h:div",
        "source" : "http://hl7.org/fhir/StructureDefinition/Element"
      }],
      "isModifier" : true,
      "isModifierReason" : "This element is labeled as a modifier because the implicit rules may provide additional knowledge about the resource that modifies it's meaning or interpretation",
      "isSummary" : true
    },
    {
      "id" : "Slot.language",
      "path" : "Slot.language",
      "short" : "Language of the resource content",
      "definition" : "The base language in which the resource is written.",
      "comment" : "Language is provided to support indexing and accessibility (typically, services such as text to speech use the language tag). The html language tag in the narrative applies  to the narrative. The language tag on the resource may be used to specify the language of other presentations generated from the data in the resource. Not all the content has to be in the base language. The Resource.language should not be assumed to apply to the narrative automatically. If a language is specified, it should it also be specified on the div element in the html (see rules in HTML5 for information about the relationship between xml:lang and the html lang attribute).",
      "min" : 0,
      "max" : "1",
      "base" : {
        "path" : "Resource.language",
        "min" : 0,
        "max" : "1"
      },
      "type" : [{
        "code" : "code"
      }],
      "constraint" : [{
        "key" : "ele-1",
        "severity" : "error",
        "human" : "All FHIR elements must have a @value or children",
        "expression" : "hasValue() or (children().count() > id.count())",
        "xpath" : "@value|f:*|h:div",
        "source" : "http://hl7.org/fhir/StructureDefinition/Element"
      }],
      "isModifier" : false,
      "isSummary" : false,
      "binding" : {
        "extension" : [{
          "url" : "http://hl7.org/fhir/StructureDefinition/elementdefinition-maxValueSet",
          "valueCanonical" : "http://hl7.org/fhir/ValueSet/all-languages"
        },
        {
          "url" : "http://hl7.org/fhir/StructureDefinition/elementdefinition-bindingName",
          "valueString" : "Language"
        },
        {
          "url" : "http://hl7.org/fhir/StructureDefinition/elementdefinition-isCommonBinding",
          "valueBoolean" : true
        }],
        "strength" : "preferred",
        "description" : "A human language.",
        "valueSet" : "http://hl7.org/fhir/ValueSet/languages"
      }
    },
    {
      "id" : "Slot.text",
      "path" : "Slot.text",
      "short" : "Text summary of the resource, for human interpretation",
      "definition" : "A human-readable narrative that contains a summary of the resource and can be used to represent the content of the resource to a human. The narrative need not encode all the structured data, but is required to contain sufficient detail to make it \"clinically safe\" for a human to just read the narrative. Resource definitions may define what content should be represented in the narrative to ensure clinical safety.",
      "comment" : "Contained resources do not have narrative. Resources that are not contained SHOULD have a narrative. In some cases, a resource may only have text with little or no additional discrete data (as long as all minOccurs=1 elements are satisfied).  This may be necessary for data from legacy systems where information is captured as a \"text blob\" or where text is additionally entered raw or narrated and encoded information is added later.",
      "alias" : ["narrative",
      "html",
      "xhtml",
      "display"],
      "min" : 0,
      "max" : "1",
      "base" : {
        "path" : "DomainResource.text",
        "min" : 0,
        "max" : "1"
      },
      "type" : [{
        "code" : "Narrative"
      }],
      "constraint" : [{
        "key" : "ele-1",
        "severity" : "error",
        "human" : "All FHIR elements must have a @value or children",
        "expression" : "hasValue() or (children().count() > id.count())",
        "xpath" : "@value|f:*|h:div",
        "source" : "http://hl7.org/fhir/StructureDefinition/Element"
      }],
      "isModifier" : false,
      "isSummary" : false,
      "mapping" : [{
        "identity" : "rim",
        "map" : "Act.text?"
      }]
    },
    {
      "id" : "Slot.contained",
      "path" : "Slot.contained",
      "short" : "Contained, inline Resources",
      "definition" : "These resources do not have an independent existence apart from the resource that contains them - they cannot be identified independently, and nor can they have their own independent transaction scope.",
      "comment" : "This should never be done when the content can be identified properly, as once identification is lost, it is extremely difficult (and context dependent) to restore it again. Contained resources may have profiles and tags In their meta elements, but SHALL NOT have security labels.",
      "alias" : ["inline resources",
      "anonymous resources",
      "contained resources"],
      "min" : 0,
      "max" : "0",
      "base" : {
        "path" : "DomainResource.contained",
        "min" : 0,
        "max" : "*"
      },
      "type" : [{
        "code" : "Resource"
      }],
      "isModifier" : false,
      "isSummary" : false,
      "mapping" : [{
        "identity" : "rim",
        "map" : "N/A"
      }]
    },
    {
      "id" : "Slot.extension",
      "path" : "Slot.extension",
      "short" : "Additional content defined by implementations",
      "definition" : "May be used to represent additional information that is not part of the basic definition of the resource. To make the use of extensions safe and manageable, there is a strict set of governance  applied to the definition and use of extensions. Though any implementer can define an extension, there is a set of requirements that SHALL be met as part of the definition of the extension.",
      "comment" : "There can be no stigma associated with the use of extensions by any application, project, or standard - regardless of the institution or jurisdiction that uses or defines the extensions.  The use of extensions is what allows the FHIR specification to retain a core level of simplicity for everyone.",
      "alias" : ["extensions",
      "user content"],
      "min" : 0,
      "max" : "*",
      "base" : {
        "path" : "DomainResource.extension",
        "min" : 0,
        "max" : "*"
      },
      "type" : [{
        "code" : "Extension"
      }],
      "constraint" : [{
        "key" : "ele-1",
        "severity" : "error",
        "human" : "All FHIR elements must have a @value or children",
        "expression" : "hasValue() or (children().count() > id.count())",
        "xpath" : "@value|f:*|h:div",
        "source" : "http://hl7.org/fhir/StructureDefinition/Element"
      },
      {
        "key" : "ext-1",
        "severity" : "error",
        "human" : "Must have either extensions or value[x], not both",
        "expression" : "extension.exists() != value.exists()",
        "xpath" : "exists(f:extension)!=exists(f:*[starts-with(local-name(.), \"value\")])",
        "source" : "http://hl7.org/fhir/StructureDefinition/Extension"
      }],
      "isModifier" : false,
      "isSummary" : false,
      "mapping" : [{
        "identity" : "rim",
        "map" : "N/A"
      }]
    },
    {
      "id" : "Slot.modifierExtension",
      "path" : "Slot.modifierExtension",
      "short" : "Extensions that cannot be ignored",
      "definition" : "May be used to represent additional information that is not part of the basic definition of the resource and that modifies the understanding of the element that contains it and/or the understanding of the containing element's descendants. Usually modifier elements provide negation or qualification. To make the use of extensions safe and manageable, there is a strict set of governance applied to the definition and use of extensions. Though any implementer is allowed to define an extension, there is a set of requirements that SHALL be met as part of the definition of the extension. Applications processing a resource are required to check for modifier extensions.\n\nModifier extensions SHALL NOT change the meaning of any elements on Resource or DomainResource (including cannot change the meaning of modifierExtension itself).",
      "comment" : "There can be no stigma associated with the use of extensions by any application, project, or standard - regardless of the institution or jurisdiction that uses or defines the extensions.  The use of extensions is what allows the FHIR specification to retain a core level of simplicity for everyone.",
      "requirements" : "Modifier extensions allow for extensions that *cannot* be safely ignored to be clearly distinguished from the vast majority of extensions which can be safely ignored.  This promotes interoperability by eliminating the need for implementers to prohibit the presence of extensions. For further information, see the [definition of modifier extensions](http://hl7.org/fhir/R4/extensibility.html#modifierExtension).",
      "alias" : ["extensions",
      "user content"],
      "min" : 0,
      "max" : "*",
      "base" : {
        "path" : "DomainResource.modifierExtension",
        "min" : 0,
        "max" : "*"
      },
      "type" : [{
        "code" : "Extension"
      }],
      "constraint" : [{
        "key" : "ele-1",
        "severity" : "error",
        "human" : "All FHIR elements must have a @value or children",
        "expression" : "hasValue() or (children().count() > id.count())",
        "xpath" : "@value|f:*|h:div",
        "source" : "http://hl7.org/fhir/StructureDefinition/Element"
      },
      {
        "key" : "ext-1",
        "severity" : "error",
        "human" : "Must have either extensions or value[x], not both",
        "expression" : "extension.exists() != value.exists()",
        "xpath" : "exists(f:extension)!=exists(f:*[starts-with(local-name(.), \"value\")])",
        "source" : "http://hl7.org/fhir/StructureDefinition/Extension"
      }],
      "isModifier" : true,
      "isModifierReason" : "Modifier extensions are expected to modify the meaning or interpretation of the resource that contains them",
      "isSummary" : false,
      "mapping" : [{
        "identity" : "rim",
        "map" : "N/A"
      }]
    },
    {
      "id" : "Slot.identifier",
      "path" : "Slot.identifier",
      "short" : "External Ids for this item",
      "definition" : "External Ids for this item.",
      "min" : 1,
      "max" : "*",
      "base" : {
        "path" : "Slot.identifier",
        "min" : 0,
        "max" : "*"
      },
      "type" : [{
        "code" : "Identifier"
      }],
      "constraint" : [{
        "key" : "ele-1",
        "severity" : "error",
        "human" : "All FHIR elements must have a @value or children",
        "expression" : "hasValue() or (children().count() > id.count())",
        "xpath" : "@value|f:*|h:div",
        "source" : "http://hl7.org/fhir/StructureDefinition/Element"
      }],
      "isModifier" : false,
      "isSummary" : true,
      "mapping" : [{
        "identity" : "w5",
        "map" : "FiveWs.identifier"
      }]
    },
    {
      "id" : "Slot.identifier.id",
      "path" : "Slot.identifier.id",
      "representation" : ["xmlAttr"],
      "short" : "Unique id for inter-element referencing",
      "definition" : "Unique id for the element within a resource (for internal references). This may be any string value that does not contain spaces.",
      "min" : 0,
      "max" : "1",
      "base" : {
        "path" : "Element.id",
        "min" : 0,
        "max" : "1"
      },
      "type" : [{
        "extension" : [{
          "url" : "http://hl7.org/fhir/StructureDefinition/structuredefinition-fhir-type",
          "valueUrl" : "string"
        }],
        "code" : "http://hl7.org/fhirpath/System.String"
      }],
      "isModifier" : false,
      "isSummary" : false,
      "mapping" : [{
        "identity" : "rim",
        "map" : "n/a"
      }]
    },
    {
      "id" : "Slot.identifier.extension",
      "path" : "Slot.identifier.extension",
      "slicing" : {
        "discriminator" : [{
          "type" : "value",
          "path" : "url"
        }],
        "description" : "Extensions are always sliced by (at least) url",
        "rules" : "open"
      },
      "short" : "Additional content defined by implementations",
      "definition" : "May be used to represent additional information that is not part of the basic definition of the element. To make the use of extensions safe and manageable, there is a strict set of governance  applied to the definition and use of extensions. Though any implementer can define an extension, there is a set of requirements that SHALL be met as part of the definition of the extension.",
      "comment" : "There can be no stigma associated with the use of extensions by any application, project, or standard - regardless of the institution or jurisdiction that uses or defines the extensions.  The use of extensions is what allows the FHIR specification to retain a core level of simplicity for everyone.",
      "alias" : ["extensions",
      "user content"],
      "min" : 0,
      "max" : "*",
      "base" : {
        "path" : "Element.extension",
        "min" : 0,
        "max" : "*"
      },
      "type" : [{
        "code" : "Extension"
      }],
      "constraint" : [{
        "key" : "ele-1",
        "severity" : "error",
        "human" : "All FHIR elements must have a @value or children",
        "expression" : "hasValue() or (children().count() > id.count())",
        "xpath" : "@value|f:*|h:div",
        "source" : "http://hl7.org/fhir/StructureDefinition/Element"
      },
      {
        "key" : "ext-1",
        "severity" : "error",
        "human" : "Must have either extensions or value[x], not both",
        "expression" : "extension.exists() != value.exists()",
        "xpath" : "exists(f:extension)!=exists(f:*[starts-with(local-name(.), \"value\")])",
        "source" : "http://hl7.org/fhir/StructureDefinition/Extension"
      }],
      "isModifier" : false,
      "isSummary" : false,
      "mapping" : [{
        "identity" : "rim",
        "map" : "n/a"
      }]
    },
    {
      "id" : "Slot.identifier.use",
      "path" : "Slot.identifier.use",
      "short" : "usual | official | temp | secondary | old (If known)",
      "definition" : "The purpose of this identifier.",
      "comment" : "Applications can assume that an identifier is permanent unless it explicitly says that it is temporary.",
      "requirements" : "Allows the appropriate identifier for a particular context of use to be selected from among a set of identifiers.",
      "min" : 0,
      "max" : "1",
      "base" : {
        "path" : "Identifier.use",
        "min" : 0,
        "max" : "1"
      },
      "type" : [{
        "code" : "code"
      }],
      "constraint" : [{
        "key" : "ele-1",
        "severity" : "error",
        "human" : "All FHIR elements must have a @value or children",
        "expression" : "hasValue() or (children().count() > id.count())",
        "xpath" : "@value|f:*|h:div",
        "source" : "http://hl7.org/fhir/StructureDefinition/Element"
      }],
      "isModifier" : true,
      "isModifierReason" : "This is labeled as \"Is Modifier\" because applications should not mistake a temporary id for a permanent one.",
      "isSummary" : true,
      "binding" : {
        "extension" : [{
          "url" : "http://hl7.org/fhir/StructureDefinition/elementdefinition-bindingName",
          "valueString" : "IdentifierUse"
        }],
        "strength" : "required",
        "description" : "Identifies the purpose for this identifier, if known .",
        "valueSet" : "http://hl7.org/fhir/ValueSet/identifier-use|4.0.1"
      },
      "mapping" : [{
        "identity" : "v2",
        "map" : "N/A"
      },
      {
        "identity" : "rim",
        "map" : "Role.code or implied by context"
      }]
    },
    {
      "id" : "Slot.identifier.type",
      "path" : "Slot.identifier.type",
      "short" : "Description of identifier",
      "definition" : "A coded type for the identifier that can be used to determine which identifier to use for a specific purpose.",
      "comment" : "This element deals only with general categories of identifiers.  It SHOULD not be used for codes that correspond 1..1 with the Identifier.system. Some identifiers may fall into multiple categories due to common usage.   Where the system is known, a type is unnecessary because the type is always part of the system definition. However systems often need to handle identifiers where the system is not known. There is not a 1:1 relationship between type and system, since many different systems have the same type.",
      "requirements" : "Allows users to make use of identifiers when the identifier system is not known.",
      "min" : 0,
      "max" : "1",
      "base" : {
        "path" : "Identifier.type",
        "min" : 0,
        "max" : "1"
      },
      "type" : [{
        "code" : "CodeableConcept"
      }],
      "constraint" : [{
        "key" : "ele-1",
        "severity" : "error",
        "human" : "All FHIR elements must have a @value or children",
        "expression" : "hasValue() or (children().count() > id.count())",
        "xpath" : "@value|f:*|h:div",
        "source" : "http://hl7.org/fhir/StructureDefinition/Element"
      }],
      "isModifier" : false,
      "isSummary" : true,
      "binding" : {
        "extension" : [{
          "url" : "http://hl7.org/fhir/StructureDefinition/elementdefinition-bindingName",
          "valueString" : "IdentifierType"
        },
        {
          "url" : "http://hl7.org/fhir/StructureDefinition/elementdefinition-isCommonBinding",
          "valueBoolean" : true
        }],
        "strength" : "extensible",
        "description" : "A coded type for an identifier that can be used to determine which identifier to use for a specific purpose.",
        "valueSet" : "http://hl7.org/fhir/ValueSet/identifier-type"
      },
      "mapping" : [{
        "identity" : "v2",
        "map" : "CX.5"
      },
      {
        "identity" : "rim",
        "map" : "Role.code or implied by context"
      }]
    },
    {
      "id" : "Slot.identifier.system",
      "path" : "Slot.identifier.system",
      "short" : "The namespace for the identifier value",
      "definition" : "Establishes the namespace for the value - that is, a URL that describes a set values that are unique.",
      "comment" : "Identifier.system is always case sensitive.",
      "requirements" : "There are many sets  of identifiers.  To perform matching of two identifiers, we need to know what set we're dealing with. The system identifies a particular set of unique identifiers.",
      "min" : 0,
      "max" : "1",
      "base" : {
        "path" : "Identifier.system",
        "min" : 0,
        "max" : "1"
      },
      "type" : [{
        "code" : "uri"
      }],
      "example" : [{
        "label" : "General",
        "valueUri" : "http://www.acme.com/identifiers/patient"
      }],
      "constraint" : [{
        "key" : "ele-1",
        "severity" : "error",
        "human" : "All FHIR elements must have a @value or children",
        "expression" : "hasValue() or (children().count() > id.count())",
        "xpath" : "@value|f:*|h:div",
        "source" : "http://hl7.org/fhir/StructureDefinition/Element"
      }],
      "isModifier" : false,
      "isSummary" : true,
      "mapping" : [{
        "identity" : "v2",
        "map" : "CX.4 / EI-2-4"
      },
      {
        "identity" : "rim",
        "map" : "II.root or Role.id.root"
      },
      {
        "identity" : "servd",
        "map" : "./IdentifierType"
      }]
    },
    {
      "id" : "Slot.identifier.value",
      "path" : "Slot.identifier.value",
      "short" : "The value that is unique",
      "definition" : "The portion of the identifier typically relevant to the user and which is unique within the context of the system.",
      "comment" : "If the value is a full URI, then the system SHALL be urn:ietf:rfc:3986.  The value's primary purpose is computational mapping.  As a result, it may be normalized for comparison purposes (e.g. removing non-significant whitespace, dashes, etc.)  A value formatted for human display can be conveyed using the [Rendered Value extension](http://hl7.org/fhir/R4/extension-rendered-value.html). Identifier.value is to be treated as case sensitive unless knowledge of the Identifier.system allows the processer to be confident that non-case-sensitive processing is safe.",
      "min" : 1,
      "max" : "1",
      "base" : {
        "path" : "Identifier.value",
        "min" : 0,
        "max" : "1"
      },
      "type" : [{
        "code" : "string"
      }],
      "example" : [{
        "label" : "General",
        "valueString" : "123456"
      }],
      "constraint" : [{
        "key" : "ele-1",
        "severity" : "error",
        "human" : "All FHIR elements must have a @value or children",
        "expression" : "hasValue() or (children().count() > id.count())",
        "xpath" : "@value|f:*|h:div",
        "source" : "http://hl7.org/fhir/StructureDefinition/Element"
      }],
      "isModifier" : false,
      "isSummary" : true,
      "mapping" : [{
        "identity" : "v2",
        "map" : "CX.1 / EI.1"
      },
      {
        "identity" : "rim",
        "map" : "II.extension or II.root if system indicates OID or GUID (Or Role.id.extension or root)"
      },
      {
        "identity" : "servd",
        "map" : "./Value"
      }]
    },
    {
      "id" : "Slot.identifier.period",
      "path" : "Slot.identifier.period",
      "short" : "Time period when id is/was valid for use",
      "definition" : "Time period during which identifier is/was valid for use.",
      "min" : 0,
      "max" : "1",
      "base" : {
        "path" : "Identifier.period",
        "min" : 0,
        "max" : "1"
      },
      "type" : [{
        "code" : "Period"
      }],
      "constraint" : [{
        "key" : "ele-1",
        "severity" : "error",
        "human" : "All FHIR elements must have a @value or children",
        "expression" : "hasValue() or (children().count() > id.count())",
        "xpath" : "@value|f:*|h:div",
        "source" : "http://hl7.org/fhir/StructureDefinition/Element"
      }],
      "isModifier" : false,
      "isSummary" : true,
      "mapping" : [{
        "identity" : "v2",
        "map" : "CX.7 + CX.8"
      },
      {
        "identity" : "rim",
        "map" : "Role.effectiveTime or implied by context"
      },
      {
        "identity" : "servd",
        "map" : "./StartDate and ./EndDate"
      }]
    },
    {
      "id" : "Slot.identifier.assigner",
      "path" : "Slot.identifier.assigner",
      "short" : "Organization that issued id (may be just text)",
      "definition" : "Organization that issued/manages the identifier.",
      "comment" : "The Identifier.assigner may omit the .reference element and only contain a .display element reflecting the name or other textual information about the assigning organization.",
      "min" : 0,
      "max" : "1",
      "base" : {
        "path" : "Identifier.assigner",
        "min" : 0,
        "max" : "1"
      },
      "type" : [{
        "code" : "Reference",
        "targetProfile" : ["http://hl7.org/fhir/StructureDefinition/Organization"]
      }],
      "constraint" : [{
        "key" : "ele-1",
        "severity" : "error",
        "human" : "All FHIR elements must have a @value or children",
        "expression" : "hasValue() or (children().count() > id.count())",
        "xpath" : "@value|f:*|h:div",
        "source" : "http://hl7.org/fhir/StructureDefinition/Element"
      }],
      "isModifier" : false,
      "isSummary" : true,
      "mapping" : [{
        "identity" : "v2",
        "map" : "CX.4 / (CX.4,CX.9,CX.10)"
      },
      {
        "identity" : "rim",
        "map" : "II.assigningAuthorityName but note that this is an improper use by the definition of the field.  Also Role.scoper"
      },
      {
        "identity" : "servd",
        "map" : "./IdentifierIssuingAuthority"
      }]
    },
    {
      "id" : "Slot.serviceCategory",
      "path" : "Slot.serviceCategory",
      "short" : "A broad categorization of the service that is to be performed during this appointment",
      "definition" : "A broad categorization of the service that is to be performed during this appointment.",
      "min" : 0,
      "max" : "*",
      "base" : {
        "path" : "Slot.serviceCategory",
        "min" : 0,
        "max" : "*"
      },
      "type" : [{
        "code" : "CodeableConcept"
      }],
      "constraint" : [{
        "key" : "ele-1",
        "severity" : "error",
        "human" : "All FHIR elements must have a @value or children",
        "expression" : "hasValue() or (children().count() > id.count())",
        "xpath" : "@value|f:*|h:div",
        "source" : "http://hl7.org/fhir/StructureDefinition/Element"
      }],
      "isModifier" : false,
      "isSummary" : true,
      "binding" : {
        "strength" : "required",
        "valueSet" : "http://helsenorge.no/fhir/ValueSet/hn-appointment-ServiceCategory-code-vs"
      },
      "mapping" : [{
        "identity" : "w5",
        "map" : "FiveWs.class"
      }]
    },
    {
      "id" : "Slot.serviceCategory.id",
      "path" : "Slot.serviceCategory.id",
      "representation" : ["xmlAttr"],
      "short" : "Unique id for inter-element referencing",
      "definition" : "Unique id for the element within a resource (for internal references). This may be any string value that does not contain spaces.",
      "min" : 0,
      "max" : "1",
      "base" : {
        "path" : "Element.id",
        "min" : 0,
        "max" : "1"
      },
      "type" : [{
        "extension" : [{
          "url" : "http://hl7.org/fhir/StructureDefinition/structuredefinition-fhir-type",
          "valueUrl" : "string"
        }],
        "code" : "http://hl7.org/fhirpath/System.String"
      }],
      "isModifier" : false,
      "isSummary" : false,
      "mapping" : [{
        "identity" : "rim",
        "map" : "n/a"
      }]
    },
    {
      "id" : "Slot.serviceCategory.extension",
      "path" : "Slot.serviceCategory.extension",
      "slicing" : {
        "discriminator" : [{
          "type" : "value",
          "path" : "url"
        }],
        "description" : "Extensions are always sliced by (at least) url",
        "rules" : "open"
      },
      "short" : "Additional content defined by implementations",
      "definition" : "May be used to represent additional information that is not part of the basic definition of the element. To make the use of extensions safe and manageable, there is a strict set of governance  applied to the definition and use of extensions. Though any implementer can define an extension, there is a set of requirements that SHALL be met as part of the definition of the extension.",
      "comment" : "There can be no stigma associated with the use of extensions by any application, project, or standard - regardless of the institution or jurisdiction that uses or defines the extensions.  The use of extensions is what allows the FHIR specification to retain a core level of simplicity for everyone.",
      "alias" : ["extensions",
      "user content"],
      "min" : 0,
      "max" : "*",
      "base" : {
        "path" : "Element.extension",
        "min" : 0,
        "max" : "*"
      },
      "type" : [{
        "code" : "Extension"
      }],
      "constraint" : [{
        "key" : "ele-1",
        "severity" : "error",
        "human" : "All FHIR elements must have a @value or children",
        "expression" : "hasValue() or (children().count() > id.count())",
        "xpath" : "@value|f:*|h:div",
        "source" : "http://hl7.org/fhir/StructureDefinition/Element"
      },
      {
        "key" : "ext-1",
        "severity" : "error",
        "human" : "Must have either extensions or value[x], not both",
        "expression" : "extension.exists() != value.exists()",
        "xpath" : "exists(f:extension)!=exists(f:*[starts-with(local-name(.), \"value\")])",
        "source" : "http://hl7.org/fhir/StructureDefinition/Extension"
      }],
      "isModifier" : false,
      "isSummary" : false,
      "mapping" : [{
        "identity" : "rim",
        "map" : "n/a"
      }]
    },
    {
      "id" : "Slot.serviceCategory.coding",
      "path" : "Slot.serviceCategory.coding",
      "short" : "Code defined by a terminology system",
      "definition" : "A reference to a code defined by a terminology system.",
      "comment" : "Codes may be defined very casually in enumerations, or code lists, up to very formal definitions such as SNOMED CT - see the HL7 v3 Core Principles for more information.  Ordering of codings is undefined and SHALL NOT be used to infer meaning. Generally, at most only one of the coding values will be labeled as UserSelected = true.",
      "requirements" : "Allows for alternative encodings within a code system, and translations to other code systems.",
      "min" : 0,
      "max" : "*",
      "base" : {
        "path" : "CodeableConcept.coding",
        "min" : 0,
        "max" : "*"
      },
      "type" : [{
        "code" : "Coding"
      }],
      "constraint" : [{
        "key" : "ele-1",
        "severity" : "error",
        "human" : "All FHIR elements must have a @value or children",
        "expression" : "hasValue() or (children().count() > id.count())",
        "xpath" : "@value|f:*|h:div",
        "source" : "http://hl7.org/fhir/StructureDefinition/Element"
      },
      {
        "key" : "inv-4",
        "severity" : "error",
        "human" : "If code is used in a codable consept the system and description must be used",
        "expression" : "code > '' implies (system > '' and display > '')",
        "source" : "http://helsenorge.no/fhir/StructureDefinition/hn-basis-slot"
      }],
      "isModifier" : false,
      "isSummary" : true,
      "mapping" : [{
        "identity" : "v2",
        "map" : "C*E.1-8, C*E.10-22"
      },
      {
        "identity" : "rim",
        "map" : "union(., ./translation)"
      },
      {
        "identity" : "orim",
        "map" : "fhir:CodeableConcept.coding rdfs:subPropertyOf dt:CD.coding"
      }]
    },
    {
      "id" : "Slot.serviceCategory.text",
      "extension" : [{
        "url" : "http://hl7.org/fhir/StructureDefinition/elementdefinition-translatable",
        "valueBoolean" : true
      }],
      "path" : "Slot.serviceCategory.text",
      "short" : "Plain text representation of the concept",
      "definition" : "A human language representation of the concept as seen/selected/uttered by the user who entered the data and/or which represents the intended meaning of the user.",
      "comment" : "Very often the text is the same as a displayName of one of the codings.",
      "requirements" : "The codes from the terminologies do not always capture the correct meaning with all the nuances of the human using them, or sometimes there is no appropriate code at all. In these cases, the text is used to capture the full meaning of the source.",
      "min" : 0,
      "max" : "1",
      "base" : {
        "path" : "CodeableConcept.text",
        "min" : 0,
        "max" : "1"
      },
      "type" : [{
        "code" : "string"
      }],
      "constraint" : [{
        "key" : "ele-1",
        "severity" : "error",
        "human" : "All FHIR elements must have a @value or children",
        "expression" : "hasValue() or (children().count() > id.count())",
        "xpath" : "@value|f:*|h:div",
        "source" : "http://hl7.org/fhir/StructureDefinition/Element"
      }],
      "isModifier" : false,
      "isSummary" : true,
      "mapping" : [{
        "identity" : "v2",
        "map" : "C*E.9. But note many systems use C*E.2 for this"
      },
      {
        "identity" : "rim",
        "map" : "./originalText[mediaType/code=\"text/plain\"]/data"
      },
      {
        "identity" : "orim",
        "map" : "fhir:CodeableConcept.text rdfs:subPropertyOf dt:CD.originalText"
      }]
    },
    {
      "id" : "Slot.serviceType",
      "path" : "Slot.serviceType",
      "short" : "The type of appointments that can be booked into this slot (ideally this would be an identifiable service - which is at a location, rather than the location itself). If provided then this overrides the value provided on the availability resource",
      "definition" : "The type of appointments that can be booked into this slot (ideally this would be an identifiable service - which is at a location, rather than the location itself). If provided then this overrides the value provided on the availability resource.",
      "min" : 0,
      "max" : "*",
      "base" : {
        "path" : "Slot.serviceType",
        "min" : 0,
        "max" : "*"
      },
      "type" : [{
        "code" : "CodeableConcept"
      }],
      "constraint" : [{
        "key" : "ele-1",
        "severity" : "error",
        "human" : "All FHIR elements must have a @value or children",
        "expression" : "hasValue() or (children().count() > id.count())",
        "xpath" : "@value|f:*|h:div",
        "source" : "http://hl7.org/fhir/StructureDefinition/Element"
      }],
      "isModifier" : false,
      "isSummary" : true,
      "binding" : {
        "extension" : [{
          "url" : "http://hl7.org/fhir/StructureDefinition/elementdefinition-bindingName",
          "valueString" : "service-type"
        }],
        "strength" : "example",
        "valueSet" : "http://hl7.org/fhir/ValueSet/service-type"
      },
      "mapping" : [{
        "identity" : "w5",
        "map" : "FiveWs.class"
      }]
    },
    {
      "id" : "Slot.serviceType.id",
      "path" : "Slot.serviceType.id",
      "representation" : ["xmlAttr"],
      "short" : "Unique id for inter-element referencing",
      "definition" : "Unique id for the element within a resource (for internal references). This may be any string value that does not contain spaces.",
      "min" : 0,
      "max" : "1",
      "base" : {
        "path" : "Element.id",
        "min" : 0,
        "max" : "1"
      },
      "type" : [{
        "extension" : [{
          "url" : "http://hl7.org/fhir/StructureDefinition/structuredefinition-fhir-type",
          "valueUrl" : "string"
        }],
        "code" : "http://hl7.org/fhirpath/System.String"
      }],
      "isModifier" : false,
      "isSummary" : false,
      "mapping" : [{
        "identity" : "rim",
        "map" : "n/a"
      }]
    },
    {
      "id" : "Slot.serviceType.extension",
      "path" : "Slot.serviceType.extension",
      "slicing" : {
        "discriminator" : [{
          "type" : "value",
          "path" : "url"
        }],
        "description" : "Extensions are always sliced by (at least) url",
        "rules" : "open"
      },
      "short" : "Additional content defined by implementations",
      "definition" : "May be used to represent additional information that is not part of the basic definition of the element. To make the use of extensions safe and manageable, there is a strict set of governance  applied to the definition and use of extensions. Though any implementer can define an extension, there is a set of requirements that SHALL be met as part of the definition of the extension.",
      "comment" : "There can be no stigma associated with the use of extensions by any application, project, or standard - regardless of the institution or jurisdiction that uses or defines the extensions.  The use of extensions is what allows the FHIR specification to retain a core level of simplicity for everyone.",
      "alias" : ["extensions",
      "user content"],
      "min" : 0,
      "max" : "*",
      "base" : {
        "path" : "Element.extension",
        "min" : 0,
        "max" : "*"
      },
      "type" : [{
        "code" : "Extension"
      }],
      "constraint" : [{
        "key" : "ele-1",
        "severity" : "error",
        "human" : "All FHIR elements must have a @value or children",
        "expression" : "hasValue() or (children().count() > id.count())",
        "xpath" : "@value|f:*|h:div",
        "source" : "http://hl7.org/fhir/StructureDefinition/Element"
      },
      {
        "key" : "ext-1",
        "severity" : "error",
        "human" : "Must have either extensions or value[x], not both",
        "expression" : "extension.exists() != value.exists()",
        "xpath" : "exists(f:extension)!=exists(f:*[starts-with(local-name(.), \"value\")])",
        "source" : "http://hl7.org/fhir/StructureDefinition/Extension"
      }],
      "isModifier" : false,
      "isSummary" : false,
      "mapping" : [{
        "identity" : "rim",
        "map" : "n/a"
      }]
    },
    {
      "id" : "Slot.serviceType.coding",
      "path" : "Slot.serviceType.coding",
      "short" : "Code defined by a terminology system",
      "definition" : "A reference to a code defined by a terminology system.",
      "comment" : "Codes may be defined very casually in enumerations, or code lists, up to very formal definitions such as SNOMED CT - see the HL7 v3 Core Principles for more information.  Ordering of codings is undefined and SHALL NOT be used to infer meaning. Generally, at most only one of the coding values will be labeled as UserSelected = true.",
      "requirements" : "Allows for alternative encodings within a code system, and translations to other code systems.",
      "min" : 0,
      "max" : "*",
      "base" : {
        "path" : "CodeableConcept.coding",
        "min" : 0,
        "max" : "*"
      },
      "type" : [{
        "code" : "Coding"
      }],
      "constraint" : [{
        "key" : "ele-1",
        "severity" : "error",
        "human" : "All FHIR elements must have a @value or children",
        "expression" : "hasValue() or (children().count() > id.count())",
        "xpath" : "@value|f:*|h:div",
        "source" : "http://hl7.org/fhir/StructureDefinition/Element"
      },
      {
        "key" : "inv-4",
        "severity" : "error",
        "human" : "If code is used in a codable consept the system and description must be used",
        "expression" : "code > '' implies (system > '' and display > '')",
        "source" : "http://helsenorge.no/fhir/StructureDefinition/hn-basis-slot"
      }],
      "isModifier" : false,
      "isSummary" : true,
      "mapping" : [{
        "identity" : "v2",
        "map" : "C*E.1-8, C*E.10-22"
      },
      {
        "identity" : "rim",
        "map" : "union(., ./translation)"
      },
      {
        "identity" : "orim",
        "map" : "fhir:CodeableConcept.coding rdfs:subPropertyOf dt:CD.coding"
      }]
    },
    {
      "id" : "Slot.serviceType.text",
      "extension" : [{
        "url" : "http://hl7.org/fhir/StructureDefinition/elementdefinition-translatable",
        "valueBoolean" : true
      }],
      "path" : "Slot.serviceType.text",
      "short" : "Plain text representation of the concept",
      "definition" : "A human language representation of the concept as seen/selected/uttered by the user who entered the data and/or which represents the intended meaning of the user.",
      "comment" : "Very often the text is the same as a displayName of one of the codings.",
      "requirements" : "The codes from the terminologies do not always capture the correct meaning with all the nuances of the human using them, or sometimes there is no appropriate code at all. In these cases, the text is used to capture the full meaning of the source.",
      "min" : 0,
      "max" : "1",
      "base" : {
        "path" : "CodeableConcept.text",
        "min" : 0,
        "max" : "1"
      },
      "type" : [{
        "code" : "string"
      }],
      "constraint" : [{
        "key" : "ele-1",
        "severity" : "error",
        "human" : "All FHIR elements must have a @value or children",
        "expression" : "hasValue() or (children().count() > id.count())",
        "xpath" : "@value|f:*|h:div",
        "source" : "http://hl7.org/fhir/StructureDefinition/Element"
      }],
      "isModifier" : false,
      "isSummary" : true,
      "mapping" : [{
        "identity" : "v2",
        "map" : "C*E.9. But note many systems use C*E.2 for this"
      },
      {
        "identity" : "rim",
        "map" : "./originalText[mediaType/code=\"text/plain\"]/data"
      },
      {
        "identity" : "orim",
        "map" : "fhir:CodeableConcept.text rdfs:subPropertyOf dt:CD.originalText"
      }]
    },
    {
      "id" : "Slot.specialty",
      "path" : "Slot.specialty",
      "short" : "The specialty of a practitioner that would be required to perform the service requested in this appointment",
      "definition" : "The specialty of a practitioner that would be required to perform the service requested in this appointment.",
      "min" : 0,
      "max" : "*",
      "base" : {
        "path" : "Slot.specialty",
        "min" : 0,
        "max" : "*"
      },
      "type" : [{
        "code" : "CodeableConcept"
      }],
      "constraint" : [{
        "key" : "ele-1",
        "severity" : "error",
        "human" : "All FHIR elements must have a @value or children",
        "expression" : "hasValue() or (children().count() > id.count())",
        "xpath" : "@value|f:*|h:div",
        "source" : "http://hl7.org/fhir/StructureDefinition/Element"
      }],
      "isModifier" : false,
      "isSummary" : true,
      "binding" : {
        "extension" : [{
          "url" : "http://hl7.org/fhir/StructureDefinition/elementdefinition-bindingName",
          "valueString" : "specialty"
        }],
        "strength" : "preferred",
        "description" : "Additional details about where the content was created (e.g. clinical specialty).",
        "valueSet" : "http://hl7.org/fhir/ValueSet/c80-practice-codes"
      },
      "mapping" : [{
        "identity" : "w5",
        "map" : "FiveWs.class"
      }]
    },
    {
      "id" : "Slot.specialty.id",
      "path" : "Slot.specialty.id",
      "representation" : ["xmlAttr"],
      "short" : "Unique id for inter-element referencing",
      "definition" : "Unique id for the element within a resource (for internal references). This may be any string value that does not contain spaces.",
      "min" : 0,
      "max" : "1",
      "base" : {
        "path" : "Element.id",
        "min" : 0,
        "max" : "1"
      },
      "type" : [{
        "extension" : [{
          "url" : "http://hl7.org/fhir/StructureDefinition/structuredefinition-fhir-type",
          "valueUrl" : "string"
        }],
        "code" : "http://hl7.org/fhirpath/System.String"
      }],
      "isModifier" : false,
      "isSummary" : false,
      "mapping" : [{
        "identity" : "rim",
        "map" : "n/a"
      }]
    },
    {
      "id" : "Slot.specialty.extension",
      "path" : "Slot.specialty.extension",
      "slicing" : {
        "discriminator" : [{
          "type" : "value",
          "path" : "url"
        }],
        "description" : "Extensions are always sliced by (at least) url",
        "rules" : "open"
      },
      "short" : "Additional content defined by implementations",
      "definition" : "May be used to represent additional information that is not part of the basic definition of the element. To make the use of extensions safe and manageable, there is a strict set of governance  applied to the definition and use of extensions. Though any implementer can define an extension, there is a set of requirements that SHALL be met as part of the definition of the extension.",
      "comment" : "There can be no stigma associated with the use of extensions by any application, project, or standard - regardless of the institution or jurisdiction that uses or defines the extensions.  The use of extensions is what allows the FHIR specification to retain a core level of simplicity for everyone.",
      "alias" : ["extensions",
      "user content"],
      "min" : 0,
      "max" : "*",
      "base" : {
        "path" : "Element.extension",
        "min" : 0,
        "max" : "*"
      },
      "type" : [{
        "code" : "Extension"
      }],
      "constraint" : [{
        "key" : "ele-1",
        "severity" : "error",
        "human" : "All FHIR elements must have a @value or children",
        "expression" : "hasValue() or (children().count() > id.count())",
        "xpath" : "@value|f:*|h:div",
        "source" : "http://hl7.org/fhir/StructureDefinition/Element"
      },
      {
        "key" : "ext-1",
        "severity" : "error",
        "human" : "Must have either extensions or value[x], not both",
        "expression" : "extension.exists() != value.exists()",
        "xpath" : "exists(f:extension)!=exists(f:*[starts-with(local-name(.), \"value\")])",
        "source" : "http://hl7.org/fhir/StructureDefinition/Extension"
      }],
      "isModifier" : false,
      "isSummary" : false,
      "mapping" : [{
        "identity" : "rim",
        "map" : "n/a"
      }]
    },
    {
      "id" : "Slot.specialty.coding",
      "path" : "Slot.specialty.coding",
      "short" : "Code defined by a terminology system",
      "definition" : "A reference to a code defined by a terminology system.",
      "comment" : "Codes may be defined very casually in enumerations, or code lists, up to very formal definitions such as SNOMED CT - see the HL7 v3 Core Principles for more information.  Ordering of codings is undefined and SHALL NOT be used to infer meaning. Generally, at most only one of the coding values will be labeled as UserSelected = true.",
      "requirements" : "Allows for alternative encodings within a code system, and translations to other code systems.",
      "min" : 0,
      "max" : "*",
      "base" : {
        "path" : "CodeableConcept.coding",
        "min" : 0,
        "max" : "*"
      },
      "type" : [{
        "code" : "Coding"
      }],
      "constraint" : [{
        "key" : "ele-1",
        "severity" : "error",
        "human" : "All FHIR elements must have a @value or children",
        "expression" : "hasValue() or (children().count() > id.count())",
        "xpath" : "@value|f:*|h:div",
        "source" : "http://hl7.org/fhir/StructureDefinition/Element"
      },
      {
        "key" : "inv-4",
        "severity" : "error",
        "human" : "If code is used in a codable consept the system and description must be used",
        "expression" : "code > '' implies (system > '' and display > '')",
        "source" : "http://helsenorge.no/fhir/StructureDefinition/hn-basis-slot"
      }],
      "isModifier" : false,
      "isSummary" : true,
      "mapping" : [{
        "identity" : "v2",
        "map" : "C*E.1-8, C*E.10-22"
      },
      {
        "identity" : "rim",
        "map" : "union(., ./translation)"
      },
      {
        "identity" : "orim",
        "map" : "fhir:CodeableConcept.coding rdfs:subPropertyOf dt:CD.coding"
      }]
    },
    {
      "id" : "Slot.specialty.text",
      "extension" : [{
        "url" : "http://hl7.org/fhir/StructureDefinition/elementdefinition-translatable",
        "valueBoolean" : true
      }],
      "path" : "Slot.specialty.text",
      "short" : "Plain text representation of the concept",
      "definition" : "A human language representation of the concept as seen/selected/uttered by the user who entered the data and/or which represents the intended meaning of the user.",
      "comment" : "Very often the text is the same as a displayName of one of the codings.",
      "requirements" : "The codes from the terminologies do not always capture the correct meaning with all the nuances of the human using them, or sometimes there is no appropriate code at all. In these cases, the text is used to capture the full meaning of the source.",
      "min" : 0,
      "max" : "1",
      "base" : {
        "path" : "CodeableConcept.text",
        "min" : 0,
        "max" : "1"
      },
      "type" : [{
        "code" : "string"
      }],
      "constraint" : [{
        "key" : "ele-1",
        "severity" : "error",
        "human" : "All FHIR elements must have a @value or children",
        "expression" : "hasValue() or (children().count() > id.count())",
        "xpath" : "@value|f:*|h:div",
        "source" : "http://hl7.org/fhir/StructureDefinition/Element"
      }],
      "isModifier" : false,
      "isSummary" : true,
      "mapping" : [{
        "identity" : "v2",
        "map" : "C*E.9. But note many systems use C*E.2 for this"
      },
      {
        "identity" : "rim",
        "map" : "./originalText[mediaType/code=\"text/plain\"]/data"
      },
      {
        "identity" : "orim",
        "map" : "fhir:CodeableConcept.text rdfs:subPropertyOf dt:CD.originalText"
      }]
    },
    {
      "id" : "Slot.appointmentType",
      "path" : "Slot.appointmentType",
      "short" : "The style of appointment or patient that may be booked in the slot (not service type)",
      "definition" : "The style of appointment or patient that may be booked in the slot (not service type).",
      "min" : 0,
      "max" : "1",
      "base" : {
        "path" : "Slot.appointmentType",
        "min" : 0,
        "max" : "1"
      },
      "type" : [{
        "code" : "CodeableConcept"
      }],
      "constraint" : [{
        "key" : "ele-1",
        "severity" : "error",
        "human" : "All FHIR elements must have a @value or children",
        "expression" : "hasValue() or (children().count() > id.count())",
        "xpath" : "@value|f:*|h:div",
        "source" : "http://hl7.org/fhir/StructureDefinition/Element"
      }],
      "isModifier" : false,
      "isSummary" : true,
      "binding" : {
        "strength" : "required",
        "valueSet" : "http://helsenorge.no/fhir/ValueSet/hn-appointment-AppointmentType-code-vs"
      },
      "mapping" : [{
        "identity" : "w5",
        "map" : "FiveWs.class"
      }]
    },
    {
      "id" : "Slot.schedule",
      "path" : "Slot.schedule",
      "short" : "The schedule resource that this slot defines an interval of status information",
      "definition" : "The schedule resource that this slot defines an interval of status information.",
      "min" : 1,
      "max" : "1",
      "base" : {
        "path" : "Slot.schedule",
        "min" : 1,
        "max" : "1"
      },
      "type" : [{
        "code" : "Reference",
        "targetProfile" : ["http://hl7.org/fhir/StructureDefinition/Schedule"]
      }],
      "constraint" : [{
        "key" : "ele-1",
        "severity" : "error",
        "human" : "All FHIR elements must have a @value or children",
        "expression" : "hasValue() or (children().count() > id.count())",
        "xpath" : "@value|f:*|h:div",
        "source" : "http://hl7.org/fhir/StructureDefinition/Element"
      }],
      "isModifier" : false,
      "isSummary" : true
    },
    {
      "id" : "Slot.status",
      "path" : "Slot.status",
      "short" : "busy | free | busy-unavailable | busy-tentative | entered-in-error",
      "definition" : "busy | free | busy-unavailable | busy-tentative | entered-in-error.",
      "min" : 1,
      "max" : "1",
      "base" : {
        "path" : "Slot.status",
        "min" : 1,
        "max" : "1"
      },
      "type" : [{
        "code" : "code"
      }],
      "constraint" : [{
        "key" : "ele-1",
        "severity" : "error",
        "human" : "All FHIR elements must have a @value or children",
        "expression" : "hasValue() or (children().count() > id.count())",
        "xpath" : "@value|f:*|h:div",
        "source" : "http://hl7.org/fhir/StructureDefinition/Element"
      }],
      "isModifier" : false,
      "isSummary" : true,
      "binding" : {
        "extension" : [{
          "url" : "http://hl7.org/fhir/StructureDefinition/elementdefinition-bindingName",
          "valueString" : "SlotStatus"
        }],
        "strength" : "required",
        "description" : "The free/busy status of the slot.",
        "valueSet" : "http://hl7.org/fhir/ValueSet/slotstatus|4.0.1"
      },
      "mapping" : [{
        "identity" : "ical",
        "map" : "FREEBUSY;FBTYPE=(freeBusyType):19980314T233000Z/19980315T003000Z If the freeBusyType is BUSY, then this value can be excluded"
      }]
    },
    {
      "id" : "Slot.start",
      "path" : "Slot.start",
      "short" : "Date/Time that the slot is to begin",
      "definition" : "Date/Time that the slot is to begin.",
      "min" : 1,
      "max" : "1",
      "base" : {
        "path" : "Slot.start",
        "min" : 1,
        "max" : "1"
      },
      "type" : [{
        "code" : "instant"
      }],
      "constraint" : [{
        "key" : "ele-1",
        "severity" : "error",
        "human" : "All FHIR elements must have a @value or children",
        "expression" : "hasValue() or (children().count() > id.count())",
        "xpath" : "@value|f:*|h:div",
        "source" : "http://hl7.org/fhir/StructureDefinition/Element"
      }],
      "isModifier" : false,
      "isSummary" : true,
      "mapping" : [{
        "identity" : "w5",
        "map" : "FiveWs.planned"
      },
      {
        "identity" : "ical",
        "map" : "FREEBUSY;FBTYPE=FREE:(start)/19980315T003000Z If the freeBusyType is BUSY, then this value can be excluded"
      }]
    },
    {
      "id" : "Slot.end",
      "path" : "Slot.end",
      "short" : "Date/Time that the slot is to conclude",
      "definition" : "Date/Time that the slot is to conclude.",
      "min" : 1,
      "max" : "1",
      "base" : {
        "path" : "Slot.end",
        "min" : 1,
        "max" : "1"
      },
      "type" : [{
        "code" : "instant"
      }],
      "constraint" : [{
        "key" : "ele-1",
        "severity" : "error",
        "human" : "All FHIR elements must have a @value or children",
        "expression" : "hasValue() or (children().count() > id.count())",
        "xpath" : "@value|f:*|h:div",
        "source" : "http://hl7.org/fhir/StructureDefinition/Element"
      }],
      "isModifier" : false,
      "isSummary" : true,
      "mapping" : [{
        "identity" : "w5",
        "map" : "FiveWs.planned"
      },
      {
        "identity" : "ical",
        "map" : "FREEBUSY:19980314T233000Z/(end) If the freeBusyType is BUSY, then this value can be excluded (as shown)"
      }]
    },
    {
      "id" : "Slot.overbooked",
      "path" : "Slot.overbooked",
      "short" : "This slot has already been overbooked, appointments are unlikely to be accepted for this time",
      "definition" : "This slot has already been overbooked, appointments are unlikely to be accepted for this time.",
      "min" : 0,
      "max" : "1",
      "base" : {
        "path" : "Slot.overbooked",
        "min" : 0,
        "max" : "1"
      },
      "type" : [{
        "code" : "boolean"
      }],
      "meaningWhenMissing" : "If overbooked is missing, systems may assume that there are still appointments available",
      "constraint" : [{
        "key" : "ele-1",
        "severity" : "error",
        "human" : "All FHIR elements must have a @value or children",
        "expression" : "hasValue() or (children().count() > id.count())",
        "xpath" : "@value|f:*|h:div",
        "source" : "http://hl7.org/fhir/StructureDefinition/Element"
      }],
      "isModifier" : false,
      "isSummary" : false
    },
    {
      "id" : "Slot.comment",
      "path" : "Slot.comment",
      "short" : "Comments on the slot to describe any extended information. Such as custom constraints on the slot",
      "definition" : "Comments on the slot to describe any extended information. Such as custom constraints on the slot.",
      "min" : 0,
      "max" : "1",
      "base" : {
        "path" : "Slot.comment",
        "min" : 0,
        "max" : "1"
      },
      "type" : [{
        "code" : "string"
      }],
      "constraint" : [{
        "key" : "ele-1",
        "severity" : "error",
        "human" : "All FHIR elements must have a @value or children",
        "expression" : "hasValue() or (children().count() > id.count())",
        "xpath" : "@value|f:*|h:div",
        "source" : "http://hl7.org/fhir/StructureDefinition/Element"
      }],
      "isModifier" : false,
      "isSummary" : false
    }]
  },
  "differential" : {
    "element" : [{
      "id" : "Slot",
      "path" : "Slot"
    },
    {
      "id" : "Slot.contained",
      "path" : "Slot.contained",
      "max" : "0"
    },
    {
      "id" : "Slot.identifier",
      "path" : "Slot.identifier",
      "min" : 1
    },
    {
      "id" : "Slot.identifier.value",
      "path" : "Slot.identifier.value",
      "min" : 1
    },
    {
      "id" : "Slot.serviceCategory",
      "path" : "Slot.serviceCategory",
      "binding" : {
        "strength" : "required",
        "valueSet" : "http://helsenorge.no/fhir/ValueSet/hn-appointment-ServiceCategory-code-vs"
      }
    },
    {
      "id" : "Slot.serviceCategory.coding",
      "path" : "Slot.serviceCategory.coding",
      "constraint" : [{
        "key" : "inv-4",
        "severity" : "error",
        "human" : "If code is used in a codable consept the system and description must be used",
        "expression" : "code > '' implies (system > '' and display > '')",
        "source" : "http://helsenorge.no/fhir/StructureDefinition/hn-basis-slot"
      }]
    },
    {
      "id" : "Slot.serviceType.coding",
      "path" : "Slot.serviceType.coding",
      "constraint" : [{
        "key" : "inv-4",
        "severity" : "error",
        "human" : "If code is used in a codable consept the system and description must be used",
        "expression" : "code > '' implies (system > '' and display > '')",
        "source" : "http://helsenorge.no/fhir/StructureDefinition/hn-basis-slot"
      }]
    },
    {
      "id" : "Slot.specialty.coding",
      "path" : "Slot.specialty.coding",
      "constraint" : [{
        "key" : "inv-4",
        "severity" : "error",
        "human" : "If code is used in a codable consept the system and description must be used",
        "expression" : "code > '' implies (system > '' and display > '')",
        "source" : "http://helsenorge.no/fhir/StructureDefinition/hn-basis-slot"
      }]
    },
    {
      "id" : "Slot.appointmentType",
      "path" : "Slot.appointmentType",
      "binding" : {
        "strength" : "required",
        "valueSet" : "http://helsenorge.no/fhir/ValueSet/hn-appointment-AppointmentType-code-vs"
      }
    }]
  }
}