{
  "package": "fhir.example",
  "version": "0.9.0",
  "fhirVersion": "4.0.1",
  "extensions": [
    {
      "url": "http://helsenorge.no/fhir/StructureDefinition/hn-basis-Recurring",
      "title": "hn-basis-recurring",
      "types": [
        "boolean"
      ]
    },
    {
      "url": "http://helsenorge.no/fhir/StructureDefinition/hn-basis-changeConferenceType",
      "title": "hn-basis-changeConferenceType",
      "types": [
        "Coding"
      ]
    },
    {
      "url": "http://helsenorge.no/fhir/StructureDefinition/hn-basis-consultationType",
      "title": "hn-basis-consultationType",
      "types": [
        "Coding",
        "string",
        "Extension",
        "uri",
        "string",
        "code",
        "string",
        "boolean"
      ]
    },
    {
      "url": "http://helsenorge.no/fhir/StructureDefinition/hn-basis-flagStatusPeriod",
      "title": "hn-basis-flagStatusPeriod",
      "types": [
        "Period"
      ]
    },
    {
      "url": "http://helsenorge.no/fhir/StructureDefinition/hn-basis-postponementreason",
      "title": "hn-basis-postponementreason",
      "types": [
        "Coding"
      ]
    },
    {
      "url": "http://helsenorge.no/fhir/StructureDefinition/tba-organizationcoverage",
      "title": "TbaOrganizationcoverage",
      "types": [
        "Reference"
      ]
    }
  ],
  "profiles": {
    "AppointmentResponse": [
      {
        "url": "http://helsenorge.no/fhir/StructureDefinition/hn-basis-AppointmentResponse",
        "title": "hn-basis-AppointmentResponse"
      }
    ],
    "Flag": [
      {
        "url": "http://helsenorge.no/fhir/StructureDefinition/hn-basis-Flag",
        "title": "hn-basis-flag"
      }
    ],
    "Appointment": [
      {
        "url": "http://helsenorge.no/fhir/StructureDefinition/hn-basis-appointment",
        "title": "hn-basis-appointment"
      }
    ],
    "Organization": [
      {
        "url": "http://helsenorge.no/fhir/StructureDefinition/kommunikasjonspart-Organization",
        "title": "kommunikasjonspart-Organization"
      }
    ]
  },
  "usage": {
    "http://helsenorge.no/fhir/StructureDefinition/hn-basis-Recurring": [
      "Appointment"
    ],
    "http://helsenorge.no/fhir/StructureDefinition/hn-basis-changeConferenceType": [
      "AppointmentResponse"
    ],
    "http://helsenorge.no/fhir/StructureDefinition/hn-basis-consultationType": [
      "Appointment"
    ],
    "http://helsenorge.no/fhir/StructureDefinition/hn-basis-flagStatusPeriod": [
      "Flag.status"
    ],
    "http://helsenorge.no/fhir/StructureDefinition/hn-basis-postponementreason": [
      "Appointment"
    ],
    "http://helsenorge.no/fhir/StructureDefinition/tba-organizationcoverage": [
      "Organization"
    ],
    "http://hl7.no/fhir/StructureDefinition/no-basis-group": [
      "Appointment"
    ],
    "http://hl7.no/fhir/StructureDefinition/no-basis-partof": [
      "Appointment"
    ],
    "http://hl7.no/fhir/StructureDefinition/no-basis-shortnotice": [
      "AppointmentResponse"
    ],
    "http://hl7.no/fhir/StructureDefinition/no-basis-virtual-service": [
      "Appointment"
    ],
    "http://hl7.org/fhir/StructureDefinition/elementdefinition-bestpractice": [
      "StructureDefinition.snapshot.element.constraint"
    ],
    "http://hl7.org/fhir/StructureDefinition/elementdefinition-bestpractice-explanation": [
      "StructureDefinition.snapshot.element.constraint"
    ],
    "http://hl7.org/fhir/StructureDefinition/elementdefinition-bindingName": [
      "StructureDefinition.differential.element.binding",
      "StructureDefinition.snapshot.element.binding"
    ],
    "http://hl7.org/fhir/StructureDefinition/elementdefinition-maxValueSet": [
      "StructureDefinition.snapshot.element.binding"
    ],
    "http://hl7.org/fhir/StructureDefinition/elementdefinition-translatable": [
      "StructureDefinition.snapshot.element"
    ],
    "http://hl7.org/fhir/StructureDefinition/regex": [
      "StructureDefinition.snapshot.element.type"
    ],
    "http://hl7.org/fhir/StructureDefinition/structuredefinition-fhir-type": [
      "StructureDefinition.snapshot.element.type"
    ],
    "http://hl7.org/fhir/StructureDefinition/structuredefinition-hierarchy": [
      "StructureDefinition.snapshot.element.type"
    ],
    "http://hl7.org/fhir/StructureDefinition/structuredefinition-normative-version": [
      "StructureDefinition.snapshot.element"
    ],
    "http://hl7.org/fhir/StructureDefinition/structuredefinition-standards-status": [
      "StructureDefinition.snapshot.element"
    ],
    "http://hl7.org/fhir/tools/StructureDefinition/ig-internal-dependency": [
      "ImplementationGuide.definition"
    ],
    "http://hl7.org/fhir/tools/StructureDefinition/ig-page-name": [
      "ImplementationGuide.definition.page",
      "ImplementationGuide.definition.page.page"
    ],
    "http://hl7.org/fhir/tools/StructureDefinition/ig-parameter": [
      "ImplementationGuide.definition"
    ],
    "http://hl7.org/fhir/tools/StructureDefinition/implementationguide-dependency-comment": [
      "ImplementationGuide.dependsOn"
    ],
    "http://hl7.org/fhir/tools/StructureDefinition/resource-information": [
      "ImplementationGuide.definition.resource"
    ]
  }
}