URL,Version,Status,OIDs,Name,Title,Descriptino,Uses,Used,Sources
http://helsenorge.no/fhir/ValueSet/hn-appointment-AppointmentType-code-vs,0.1.0,draft,,HnAppointmentAppointmentTypeVS,hn-appointment-AppointmentType-code-vs,"Value set for AppointmentType codes in nytimeløsing that includes set of codes from diferent code systems","StructureDefinition/hn-basis-appointment","Internal,Other"
http://helsenorge.no/fhir/ValueSet/hn-appointment-ServiceCategory-code-vs,0.1.0,draft,,HnAppointmentServiceCategoryVS,hn-appointment-ServiceCategory-code-vs,"Value set for ServiceCategory codes in nytimeløsing","StructureDefinition/hn-basis-appointment","THO"
http://helsenorge.no/fhir/ValueSet/hn-appointment-flag-code-vs,0.1.0,draft,,HnAppointmentFlagCodeVS,hn-appointment-flag-code-vs,"Value set for Flag codes in nytimeløsing","StructureDefinition/hn-basis-Flag","Internal"
http://helsenorge.no/fhir/ValueSet/hn-basis-virtual-service-type.valueset,0.1.0,draft,,HnBasisVirtualServiceType,Hn Basis VirtualServiceType Value Set,"Codes for virtual service connection types. Any other codes or codesystem should be added to this valueSet. Currently only one code from http://hl7.org/fhir/contact-point-system","StructureDefinition/hn-basis-appointment","hl7.fhir.r4.core"
http://hl7.no/fhir/ValueSet/no-basis-virtual-service-type,2.2.0,active,,NoBasisVirtualServiceType,No Basis VirtualServiceType Value Set,"Example codes for virtual service connection types. Any other codes or codesystem should be added to this valueSet","StructureDefinition/hn-basis-changeConferenceType","hl7.fhir.r4.core,Other"
http://hl7.org/fhir/ValueSet/organization-type,4.0.1,draft,"2.16.840.1.113883.4.642.3.414",OrganizationType,Organization type,"This example value set defines a set of codes that can be used to indicate a type of organization.","StructureDefinition/kommunikasjonspart-Organization","THO"
