{"resourceType":"CodeSystem","id":"Hn-AppointmentTypeProposed-New-Codes-cs","text":{"status":"generated","div":"<div xmlns=\"http://www.w3.org/1999/xhtml\"><p class=\"res-header-id\"><b>Generated Narrative: CodeSystem Hn-AppointmentTypeProposed-New-Codes-cs</b></p><a name=\"Hn-AppointmentTypeProposed-New-Codes-cs\"> </a><a name=\"hcHn-AppointmentTypeProposed-New-Codes-cs\"> </a><a name=\"Hn-AppointmentTypeProposed-New-Codes-cs-en-US\"> </a><p>This case-sensitive code system <code>http://helsenorge.no/fhir/CodeSystem/Hn-AppointmentTypeProposed-New-Codes-cs</code> defines the following codes:</p><table class=\"codes\"><tr><td style=\"white-space:nowrap\"><b>Code</b></td><td><b>Display</b></td></tr><tr><td style=\"white-space:nowrap\">Poliklinisktime<a name=\"Hn-AppointmentTypeProposed-New-Codes-cs-Poliklinisktime\"> </a></td><td>Poliklinisk time</td></tr><tr><td style=\"white-space:nowrap\">Innleggelse<a name=\"Hn-AppointmentTypeProposed-New-Codes-cs-Innleggelse\"> </a></td><td>Innleggelse</td></tr><tr><td style=\"white-space:nowrap\">Dagbehandling<a name=\"Hn-AppointmentTypeProposed-New-Codes-cs-Dagbehandling\"> </a></td><td>Dagbehandling</td></tr><tr><td style=\"white-space:nowrap\">Hjemmebesøk<a name=\"Hn-AppointmentTypeProposed-New-Codes-cs-Hjemmebes.248k\"> </a></td><td>Hjemmebesøk</td></tr><tr><td style=\"white-space:nowrap\">Konsultasjon<a name=\"Hn-AppointmentTypeProposed-New-Codes-cs-Konsultasjon\"> </a></td><td>Konsultasjon</td></tr><tr><td style=\"white-space:nowrap\">Bildediagnostikk<a name=\"Hn-AppointmentTypeProposed-New-Codes-cs-Bildediagnostikk\"> </a></td><td>Bildediagnostikk</td></tr></table></div>"},"url":"http://helsenorge.no/fhir/CodeSystem/Hn-AppointmentTypeProposed-New-Codes-cs","version":"0.9.0","name":"HnAppointmentTypeProposedNewCodesCS","title":"Default codes for appointmentType.","status":"draft","experimental":true,"date":"2025-01-31T16:07:19+01:00","publisher":"Example Publisher","contact":[{"name":"Example Publisher","telecom":[{"system":"url","value":"http://example.org/example-publisher"}]}],"description":"New codes that should be used as default for appointmentType.","caseSensitive":true,"content":"complete","count":6,"concept":[{"code":"Poliklinisktime","display":"Poliklinisk time"},{"code":"Innleggelse","display":"Innleggelse"},{"code":"Dagbehandling","display":"Dagbehandling"},{"code":"Hjemmebesøk","display":"Hjemmebesøk"},{"code":"Konsultasjon","display":"Konsultasjon"},{"code":"Bildediagnostikk","display":"Bildediagnostikk"}]}