{"resourceType":"CodeSystem","id":"Hn-AppointmentTypeProposed-New-Codes-cs","text":{"status":"generated","div":"<div xmlns=\"http://www.w3.org/1999/xhtml\"><p>This  code system <code>http://helsenorge.no/fhir/CodeSystem/Hn-AppointmentTypeProposed-New-Codes-cs</code> defines the following codes:</p><table class=\"codes\"><tr><td style=\"white-space:nowrap\"><b>Code</b></td><td><b>Display</b></td></tr><tr><td style=\"white-space:nowrap\">Poliklinisktime<a name=\"Hn-AppointmentTypeProposed-New-Codes-cs-Poliklinisktime\"> </a></td><td>Behandling som gjøres uten innleggelse</td></tr><tr><td style=\"white-space:nowrap\">Innleggelse<a name=\"Hn-AppointmentTypeProposed-New-Codes-cs-Innleggelse\"> </a></td><td>Innleggelse</td></tr><tr><td style=\"white-space:nowrap\">Hjemmebesøk<a name=\"Hn-AppointmentTypeProposed-New-Codes-cs-Hjemmebes.248k\"> </a></td><td>Hjemmebesøk</td></tr><tr><td style=\"white-space:nowrap\">Konsultasjon<a name=\"Hn-AppointmentTypeProposed-New-Codes-cs-Konsultasjon\"> </a></td><td>Konsultasjon</td></tr><tr><td style=\"white-space:nowrap\">Bildediagnostikk<a name=\"Hn-AppointmentTypeProposed-New-Codes-cs-Bildediagnostikk\"> </a></td><td>Bildediagnostikk</td></tr></table></div>"},"url":"http://helsenorge.no/fhir/CodeSystem/Hn-AppointmentTypeProposed-New-Codes-cs","version":"0.1.0","name":"HnAppointmentTypeProposedNewCodesCS","title":"New codes proposed as part of Timetype innbyggerportal ","status":"draft","date":"2023-09-25T15:44:07+02:00","publisher":"Example Publisher","contact":[{"name":"Example Publisher","telecom":[{"system":"url","value":"http://example.org/example-publisher"}]}],"description":"New codes proposed as part of Timetype innbyggerportal.","content":"complete","count":5,"concept":[{"code":"Poliklinisktime","display":"Behandling som gjøres uten innleggelse"},{"code":"Innleggelse","display":"Innleggelse"},{"code":"Hjemmebesøk","display":"Hjemmebesøk"},{"code":"Konsultasjon","display":"Konsultasjon"},{"code":"Bildediagnostikk","display":"Bildediagnostikk"}]}