{"resourceType":"ImplementationGuide","id":"fhir.example","text":{"status":"extensions","div":"<div xmlns=\"http://www.w3.org/1999/xhtml\"><h2>NyTimelosingIG</h2><p>The official URL for this implementation guide is: </p><pre>http://helsenorge.no/fhir/ImplementationGuide/fhir.example</pre><div><p>Example Implementation Guide for getting started with SUSHI</p>\n</div></div>"},"url":"http://helsenorge.no/fhir/ImplementationGuide/fhir.example","version":"0.1.0","name":"NyTimelosingIG","status":"draft","date":"2023-10-12T00:46:45+02:00","publisher":"Example Publisher","contact":[{"name":"Example Publisher","telecom":[{"system":"url","value":"http://example.org/example-publisher"}]}],"description":"Example Implementation Guide for getting started with SUSHI","packageId":"fhir.example","license":"CC0-1.0","fhirVersion":["4.0.1"],"dependsOn":[{"id":"hl7tx","extension":[{"url":"http://hl7.org/fhir/tools/StructureDefinition/implementationguide-dependency-comment","valueMarkdown":"Automatically added as a dependency - all IGs depend on HL7 Terminology"}],"uri":"http://terminology.hl7.org/ImplementationGuide/hl7.terminology","packageId":"hl7.terminology.r4","version":"5.3.0"},{"id":"hl7ext","extension":[{"url":"http://hl7.org/fhir/tools/StructureDefinition/implementationguide-dependency-comment","valueMarkdown":"Automatically added as a dependency - all IGs depend on the HL7 Extension Pack"}],"uri":"http://hl7.org/fhir/extensions/ImplementationGuide/hl7.fhir.uv.extensions","packageId":"hl7.fhir.uv.extensions.r4","version":"1.0.0"}],"definition":{"extension":[{"extension":[{"url":"code","valueString":"copyrightyear"},{"url":"value","valueString":"2023+"}],"url":"http://hl7.org/fhir/tools/StructureDefinition/ig-parameter"},{"extension":[{"url":"code","valueString":"releaselabel"},{"url":"value","valueString":"draft"}],"url":"http://hl7.org/fhir/tools/StructureDefinition/ig-parameter"},{"extension":[{"url":"code","valueString":"autoload-resources"},{"url":"value","valueString":"true"}],"url":"http://hl7.org/fhir/tools/StructureDefinition/ig-parameter"},{"extension":[{"url":"code","valueString":"path-liquid"},{"url":"value","valueString":"template/liquid"}],"url":"http://hl7.org/fhir/tools/StructureDefinition/ig-parameter"},{"extension":[{"url":"code","valueString":"path-liquid"},{"url":"value","valueString":"input/liquid"}],"url":"http://hl7.org/fhir/tools/StructureDefinition/ig-parameter"},{"extension":[{"url":"code","valueString":"path-qa"},{"url":"value","valueString":"temp/qa"}],"url":"http://hl7.org/fhir/tools/StructureDefinition/ig-parameter"},{"extension":[{"url":"code","valueString":"path-temp"},{"url":"value","valueString":"temp/pages"}],"url":"http://hl7.org/fhir/tools/StructureDefinition/ig-parameter"},{"extension":[{"url":"code","valueString":"path-output"},{"url":"value","valueString":"output"}],"url":"http://hl7.org/fhir/tools/StructureDefinition/ig-parameter"},{"extension":[{"url":"code","valueString":"path-suppressed-warnings"},{"url":"value","valueString":"input/ignoreWarnings.txt"}],"url":"http://hl7.org/fhir/tools/StructureDefinition/ig-parameter"},{"extension":[{"url":"code","valueString":"path-history"},{"url":"value","valueString":"http://helsenorge.no/fhir/history.html"}],"url":"http://hl7.org/fhir/tools/StructureDefinition/ig-parameter"},{"extension":[{"url":"code","valueString":"template-html"},{"url":"value","valueString":"template-page.html"}],"url":"http://hl7.org/fhir/tools/StructureDefinition/ig-parameter"},{"extension":[{"url":"code","valueString":"template-md"},{"url":"value","valueString":"template-page-md.html"}],"url":"http://hl7.org/fhir/tools/StructureDefinition/ig-parameter"},{"extension":[{"url":"code","valueString":"apply-contact"},{"url":"value","valueString":"true"}],"url":"http://hl7.org/fhir/tools/StructureDefinition/ig-parameter"},{"extension":[{"url":"code","valueString":"apply-context"},{"url":"value","valueString":"true"}],"url":"http://hl7.org/fhir/tools/StructureDefinition/ig-parameter"},{"extension":[{"url":"code","valueString":"apply-copyright"},{"url":"value","valueString":"true"}],"url":"http://hl7.org/fhir/tools/StructureDefinition/ig-parameter"},{"extension":[{"url":"code","valueString":"apply-jurisdiction"},{"url":"value","valueString":"true"}],"url":"http://hl7.org/fhir/tools/StructureDefinition/ig-parameter"},{"extension":[{"url":"code","valueString":"apply-license"},{"url":"value","valueString":"true"}],"url":"http://hl7.org/fhir/tools/StructureDefinition/ig-parameter"},{"extension":[{"url":"code","valueString":"apply-publisher"},{"url":"value","valueString":"true"}],"url":"http://hl7.org/fhir/tools/StructureDefinition/ig-parameter"},{"extension":[{"url":"code","valueString":"apply-version"},{"url":"value","valueString":"true"}],"url":"http://hl7.org/fhir/tools/StructureDefinition/ig-parameter"},{"extension":[{"url":"code","valueString":"apply-wg"},{"url":"value","valueString":"true"}],"url":"http://hl7.org/fhir/tools/StructureDefinition/ig-parameter"},{"extension":[{"url":"code","valueString":"active-tables"},{"url":"value","valueString":"true"}],"url":"http://hl7.org/fhir/tools/StructureDefinition/ig-parameter"},{"extension":[{"url":"code","valueString":"fmm-definition"},{"url":"value","valueString":"http://hl7.org/fhir/versions.html#maturity"}],"url":"http://hl7.org/fhir/tools/StructureDefinition/ig-parameter"},{"extension":[{"url":"code","valueString":"propagate-status"},{"url":"value","valueString":"true"}],"url":"http://hl7.org/fhir/tools/StructureDefinition/ig-parameter"},{"extension":[{"url":"code","valueString":"excludelogbinaryformat"},{"url":"value","valueString":"true"}],"url":"http://hl7.org/fhir/tools/StructureDefinition/ig-parameter"},{"extension":[{"url":"code","valueString":"tabbed-snapshots"},{"url":"value","valueString":"true"}],"url":"http://hl7.org/fhir/tools/StructureDefinition/ig-parameter"},{"url":"http://hl7.org/fhir/tools/StructureDefinition/ig-internal-dependency","valueCode":"hl7.fhir.uv.tools#current"},{"extension":[{"url":"code","valueCode":"copyrightyear"},{"url":"value","valueString":"2023+"}],"url":"http://hl7.org/fhir/tools/StructureDefinition/ig-parameter"},{"extension":[{"url":"code","valueCode":"releaselabel"},{"url":"value","valueString":"draft"}],"url":"http://hl7.org/fhir/tools/StructureDefinition/ig-parameter"},{"extension":[{"url":"code","valueCode":"autoload-resources"},{"url":"value","valueString":"true"}],"url":"http://hl7.org/fhir/tools/StructureDefinition/ig-parameter"},{"extension":[{"url":"code","valueCode":"path-liquid"},{"url":"value","valueString":"template/liquid"}],"url":"http://hl7.org/fhir/tools/StructureDefinition/ig-parameter"},{"extension":[{"url":"code","valueCode":"path-liquid"},{"url":"value","valueString":"input/liquid"}],"url":"http://hl7.org/fhir/tools/StructureDefinition/ig-parameter"},{"extension":[{"url":"code","valueCode":"path-qa"},{"url":"value","valueString":"temp/qa"}],"url":"http://hl7.org/fhir/tools/StructureDefinition/ig-parameter"},{"extension":[{"url":"code","valueCode":"path-temp"},{"url":"value","valueString":"temp/pages"}],"url":"http://hl7.org/fhir/tools/StructureDefinition/ig-parameter"},{"extension":[{"url":"code","valueCode":"path-output"},{"url":"value","valueString":"output"}],"url":"http://hl7.org/fhir/tools/StructureDefinition/ig-parameter"},{"extension":[{"url":"code","valueCode":"path-suppressed-warnings"},{"url":"value","valueString":"input/ignoreWarnings.txt"}],"url":"http://hl7.org/fhir/tools/StructureDefinition/ig-parameter"},{"extension":[{"url":"code","valueCode":"path-history"},{"url":"value","valueString":"http://helsenorge.no/fhir/history.html"}],"url":"http://hl7.org/fhir/tools/StructureDefinition/ig-parameter"},{"extension":[{"url":"code","valueCode":"template-html"},{"url":"value","valueString":"template-page.html"}],"url":"http://hl7.org/fhir/tools/StructureDefinition/ig-parameter"},{"extension":[{"url":"code","valueCode":"template-md"},{"url":"value","valueString":"template-page-md.html"}],"url":"http://hl7.org/fhir/tools/StructureDefinition/ig-parameter"},{"extension":[{"url":"code","valueCode":"apply-contact"},{"url":"value","valueString":"true"}],"url":"http://hl7.org/fhir/tools/StructureDefinition/ig-parameter"},{"extension":[{"url":"code","valueCode":"apply-context"},{"url":"value","valueString":"true"}],"url":"http://hl7.org/fhir/tools/StructureDefinition/ig-parameter"},{"extension":[{"url":"code","valueCode":"apply-copyright"},{"url":"value","valueString":"true"}],"url":"http://hl7.org/fhir/tools/StructureDefinition/ig-parameter"},{"extension":[{"url":"code","valueCode":"apply-jurisdiction"},{"url":"value","valueString":"true"}],"url":"http://hl7.org/fhir/tools/StructureDefinition/ig-parameter"},{"extension":[{"url":"code","valueCode":"apply-license"},{"url":"value","valueString":"true"}],"url":"http://hl7.org/fhir/tools/StructureDefinition/ig-parameter"},{"extension":[{"url":"code","valueCode":"apply-publisher"},{"url":"value","valueString":"true"}],"url":"http://hl7.org/fhir/tools/StructureDefinition/ig-parameter"},{"extension":[{"url":"code","valueCode":"apply-version"},{"url":"value","valueString":"true"}],"url":"http://hl7.org/fhir/tools/StructureDefinition/ig-parameter"},{"extension":[{"url":"code","valueCode":"apply-wg"},{"url":"value","valueString":"true"}],"url":"http://hl7.org/fhir/tools/StructureDefinition/ig-parameter"},{"extension":[{"url":"code","valueCode":"active-tables"},{"url":"value","valueString":"true"}],"url":"http://hl7.org/fhir/tools/StructureDefinition/ig-parameter"},{"extension":[{"url":"code","valueCode":"fmm-definition"},{"url":"value","valueString":"http://hl7.org/fhir/versions.html#maturity"}],"url":"http://hl7.org/fhir/tools/StructureDefinition/ig-parameter"},{"extension":[{"url":"code","valueCode":"propagate-status"},{"url":"value","valueString":"true"}],"url":"http://hl7.org/fhir/tools/StructureDefinition/ig-parameter"},{"extension":[{"url":"code","valueCode":"excludelogbinaryformat"},{"url":"value","valueString":"true"}],"url":"http://hl7.org/fhir/tools/StructureDefinition/ig-parameter"},{"extension":[{"url":"code","valueCode":"tabbed-snapshots"},{"url":"value","valueString":"true"}],"url":"http://hl7.org/fhir/tools/StructureDefinition/ig-parameter"},{"extension":[{"url":"code","valueCode":"copyrightyear"},{"url":"value","valueString":"2023+"}],"url":"http://hl7.org/fhir/tools/StructureDefinition/ig-parameter"},{"extension":[{"url":"code","valueCode":"releaselabel"},{"url":"value","valueString":"draft"}],"url":"http://hl7.org/fhir/tools/StructureDefinition/ig-parameter"},{"extension":[{"url":"code","valueCode":"autoload-resources"},{"url":"value","valueString":"true"}],"url":"http://hl7.org/fhir/tools/StructureDefinition/ig-parameter"},{"extension":[{"url":"code","valueCode":"path-liquid"},{"url":"value","valueString":"template/liquid"}],"url":"http://hl7.org/fhir/tools/StructureDefinition/ig-parameter"},{"extension":[{"url":"code","valueCode":"path-liquid"},{"url":"value","valueString":"input/liquid"}],"url":"http://hl7.org/fhir/tools/StructureDefinition/ig-parameter"},{"extension":[{"url":"code","valueCode":"path-qa"},{"url":"value","valueString":"temp/qa"}],"url":"http://hl7.org/fhir/tools/StructureDefinition/ig-parameter"},{"extension":[{"url":"code","valueCode":"path-temp"},{"url":"value","valueString":"temp/pages"}],"url":"http://hl7.org/fhir/tools/StructureDefinition/ig-parameter"},{"extension":[{"url":"code","valueCode":"path-output"},{"url":"value","valueString":"output"}],"url":"http://hl7.org/fhir/tools/StructureDefinition/ig-parameter"},{"extension":[{"url":"code","valueCode":"path-suppressed-warnings"},{"url":"value","valueString":"input/ignoreWarnings.txt"}],"url":"http://hl7.org/fhir/tools/StructureDefinition/ig-parameter"},{"extension":[{"url":"code","valueCode":"path-history"},{"url":"value","valueString":"http://helsenorge.no/fhir/history.html"}],"url":"http://hl7.org/fhir/tools/StructureDefinition/ig-parameter"},{"extension":[{"url":"code","valueCode":"template-html"},{"url":"value","valueString":"template-page.html"}],"url":"http://hl7.org/fhir/tools/StructureDefinition/ig-parameter"},{"extension":[{"url":"code","valueCode":"template-md"},{"url":"value","valueString":"template-page-md.html"}],"url":"http://hl7.org/fhir/tools/StructureDefinition/ig-parameter"},{"extension":[{"url":"code","valueCode":"apply-contact"},{"url":"value","valueString":"true"}],"url":"http://hl7.org/fhir/tools/StructureDefinition/ig-parameter"},{"extension":[{"url":"code","valueCode":"apply-context"},{"url":"value","valueString":"true"}],"url":"http://hl7.org/fhir/tools/StructureDefinition/ig-parameter"},{"extension":[{"url":"code","valueCode":"apply-copyright"},{"url":"value","valueString":"true"}],"url":"http://hl7.org/fhir/tools/StructureDefinition/ig-parameter"},{"extension":[{"url":"code","valueCode":"apply-jurisdiction"},{"url":"value","valueString":"true"}],"url":"http://hl7.org/fhir/tools/StructureDefinition/ig-parameter"},{"extension":[{"url":"code","valueCode":"apply-license"},{"url":"value","valueString":"true"}],"url":"http://hl7.org/fhir/tools/StructureDefinition/ig-parameter"},{"extension":[{"url":"code","valueCode":"apply-publisher"},{"url":"value","valueString":"true"}],"url":"http://hl7.org/fhir/tools/StructureDefinition/ig-parameter"},{"extension":[{"url":"code","valueCode":"apply-version"},{"url":"value","valueString":"true"}],"url":"http://hl7.org/fhir/tools/StructureDefinition/ig-parameter"},{"extension":[{"url":"code","valueCode":"apply-wg"},{"url":"value","valueString":"true"}],"url":"http://hl7.org/fhir/tools/StructureDefinition/ig-parameter"},{"extension":[{"url":"code","valueCode":"active-tables"},{"url":"value","valueString":"true"}],"url":"http://hl7.org/fhir/tools/StructureDefinition/ig-parameter"},{"extension":[{"url":"code","valueCode":"fmm-definition"},{"url":"value","valueString":"http://hl7.org/fhir/versions.html#maturity"}],"url":"http://hl7.org/fhir/tools/StructureDefinition/ig-parameter"},{"extension":[{"url":"code","valueCode":"propagate-status"},{"url":"value","valueString":"true"}],"url":"http://hl7.org/fhir/tools/StructureDefinition/ig-parameter"},{"extension":[{"url":"code","valueCode":"excludelogbinaryformat"},{"url":"value","valueString":"true"}],"url":"http://hl7.org/fhir/tools/StructureDefinition/ig-parameter"},{"extension":[{"url":"code","valueCode":"tabbed-snapshots"},{"url":"value","valueString":"true"}],"url":"http://hl7.org/fhir/tools/StructureDefinition/ig-parameter"}],"grouping":[{"id":"-str-profile","name":"Structures: Resource Profiles","description":"These define constraints on FHIR resources for systems conforming to this implementation guide."},{"id":"-str-datatype","name":"Structures: Data Type Profiles","description":"These define constraints on FHIR data types for systems conforming to this implementation guide."},{"id":"-str-extension","name":"Structures: Extension Definitions","description":"These define constraints on FHIR data types for systems conforming to this implementation guide."},{"id":"-term-valueset","name":"Terminology: Value Sets","description":"These define sets of codes used by systems conforming to this implementation guide."},{"id":"-term-codesystem","name":"Terminology: Code Systems","description":"These define new code systems used by systems conforming to this implementation guide."},{"id":"-ex-example","name":"Example: Example Instances","description":"These are example instances that show what data produced and consumed by systems conforming with this implementation guide might look like."}],"resource":[{"extension":[{"url":"http://hl7.org/fhir/tools/StructureDefinition/resource-sort","valueInteger":999999999},{"url":"http://hl7.org/fhir/StructureDefinition/implementationguide-page","valueUri":"StructureDefinition-hn-basis-AppointmentResponse.html"}],"reference":{"reference":"StructureDefinition/hn-basis-AppointmentResponse"},"name":"hn-basis-AppointmentResponse","description":"Basisprofil for AppointmentResponse used in 'ny timeløsning' <https://helsenorge.atlassian.net/wiki/spaces/HELSENORGE/pages/2052685825/Draft+-+Timenotifikasjon.+Ny+nasjonal+timel+sning>","exampleBoolean":false,"groupingId":"-str-profile"},{"extension":[{"url":"http://hl7.org/fhir/tools/StructureDefinition/resource-sort","valueInteger":999999999},{"url":"http://hl7.org/fhir/StructureDefinition/implementationguide-page","valueUri":"StructureDefinition-hn-basis-Flag.html"}],"reference":{"reference":"StructureDefinition/hn-basis-Flag"},"name":"hn-basis-Flag","description":"Basisprofil for Flag used in 'ny timeløsning' <https://helsenorge.atlassian.net/wiki/spaces/HELSENORGE/pages/2052685825/Draft+-+Timenotifikasjon.+Ny+nasjonal+timel+sning>","exampleBoolean":false,"groupingId":"-str-profile"},{"extension":[{"url":"http://hl7.org/fhir/tools/StructureDefinition/resource-sort","valueInteger":999999999},{"url":"http://hl7.org/fhir/StructureDefinition/implementationguide-page","valueUri":"StructureDefinition-hn-basis-appointment.html"}],"reference":{"reference":"StructureDefinition/hn-basis-appointment"},"name":"hn-basis-appointment","description":"Base profile for Helsenorge Appointment information. Defined by Helsenorge based on national profile.","exampleBoolean":false,"groupingId":"-str-profile"},{"extension":[{"url":"http://hl7.org/fhir/tools/StructureDefinition/resource-sort","valueInteger":999999999},{"url":"http://hl7.org/fhir/StructureDefinition/implementationguide-page","valueUri":"StructureDefinition-hn-basis-schedule.html"}],"reference":{"reference":"StructureDefinition/hn-basis-schedule"},"name":"hn-basis-schedule","description":"Profile used for Scheduler in HN. Based on FHIR Schedule (R4)","exampleBoolean":false,"groupingId":"-str-profile"},{"extension":[{"url":"http://hl7.org/fhir/tools/StructureDefinition/resource-sort","valueInteger":999999999},{"url":"http://hl7.org/fhir/StructureDefinition/implementationguide-page","valueUri":"StructureDefinition-hn-basis-slot.html"}],"reference":{"reference":"StructureDefinition/hn-basis-slot"},"name":"hn-basis-slot","description":"Profile used for Slot in HN. Based on FHIR Slot (R4)","exampleBoolean":false,"groupingId":"-str-profile"},{"extension":[{"url":"http://hl7.org/fhir/tools/StructureDefinition/resource-sort","valueInteger":999999999},{"url":"http://hl7.org/fhir/StructureDefinition/implementationguide-page","valueUri":"StructureDefinition-no-basis-Appointment.html"}],"reference":{"reference":"StructureDefinition/no-basis-Appointment"},"name":"no-basis-Appointment","description":"Base profile for Norwegian Appointment information. Defined by HL7 Norway. This profile identifies a set of minimum expectations for an Appointment resource when creating, searching and retrieving compositions by defining which coding system(s) can be present when using this profile. The basis profile is open, but derived profiles should close down the information elements according to specification relevant to the use-case.","exampleBoolean":false,"groupingId":"-str-profile"},{"extension":[{"url":"http://hl7.org/fhir/tools/StructureDefinition/resource-sort","valueInteger":999999999},{"url":"http://hl7.org/fhir/StructureDefinition/implementationguide-page","valueUri":"StructureDefinition-no-basis-AppointmentResponse.html"}],"reference":{"reference":"StructureDefinition/no-basis-AppointmentResponse"},"name":"no-basis-AppointmentResponse","description":"Basisprofil for Norwegian AppointmentResponse information. Defined by HL7 Norway. Should be used as a basis for further profiling in use-cases where specific appointment respons information is needed. The basis profile is open, but derived profiles should close down the information elements according to specification relevant to each use-case.","exampleBoolean":false,"groupingId":"-str-profile"},{"extension":[{"url":"http://hl7.org/fhir/tools/StructureDefinition/resource-sort","valueInteger":999999999},{"url":"http://hl7.org/fhir/StructureDefinition/implementationguide-page","valueUri":"StructureDefinition-no-basis-Endpoint.html"}],"reference":{"reference":"StructureDefinition/no-basis-Endpoint"},"name":"no-basis-Endpoint","description":"Basisprofil for Norwegian Endpoint information. Defined by The Norwegian Directorate of eHealth and HL7 Norway. The profile adds Norwegian specific identification of Endpoing. The basis profile is open, but derived profiles should close down the information elements according to specification relevant to the use-case.\n\nResource profile for definition of electronic endpoints used by healthcare organizations to communicate using different protocols. The norwegian profile use-case is to represent endpoints for electronic communication. Fallback solutions using mail or fax has to be indexed in the norwegian master index for healthcare organizations and are not described using this profile.","exampleBoolean":false,"groupingId":"-str-profile"},{"extension":[{"url":"http://hl7.org/fhir/tools/StructureDefinition/resource-sort","valueInteger":999999999},{"url":"http://hl7.org/fhir/StructureDefinition/implementationguide-page","valueUri":"StructureDefinition-no-basis-HealthcareService.html"}],"reference":{"reference":"StructureDefinition/no-basis-HealthcareService"},"name":"no-basis-HealthcareService","description":"Basisprofil for Norwegian Healthcare Service information. Defined by The Norwegian Directorate of eHealth and HL7 Norway. The profile adds Norwegian specific identification of Healthcare Services. The basis profile is open, but derived profiles should close down the information elements according to specification relevant to the use-case.\n\nThe typical use-case is to include information regarding what Healthcare related services, support functions or activities provided by an Organization or awailable at a Location.","exampleBoolean":false,"groupingId":"-str-profile"},{"extension":[{"url":"http://hl7.org/fhir/tools/StructureDefinition/resource-sort","valueInteger":999999999},{"url":"http://hl7.org/fhir/StructureDefinition/implementationguide-page","valueUri":"StructureDefinition-no-basis-Location.html"}],"reference":{"reference":"StructureDefinition/no-basis-Location"},"name":"no-basis-Location","description":"Basisprofil for Norwegian Location information. Defined by The Norwegian Directorate of eHealth and HL7 Norway. Should be used as a basis for further profiling in use-cases where specific location information is needed. The basis profile is open, but derived profiles should close down the information elements according to specification relevant to the use-case.","exampleBoolean":false,"groupingId":"-str-profile"},{"extension":[{"url":"http://hl7.org/fhir/tools/StructureDefinition/resource-sort","valueInteger":999999999},{"url":"http://hl7.org/fhir/StructureDefinition/implementationguide-page","valueUri":"StructureDefinition-no-basis-Organization.html"}],"reference":{"reference":"StructureDefinition/no-basis-Organization"},"name":"no-basis-Organization","description":"Basisprofil for Norwegian Organization information. Defined by The Norwegian Directorate of eHealth and HL7 Norway. The basis profile describes information structures typically used for identifying norwegian organizations. Should be used as a basis for further profiling in use-cases where other specific identity information is needed. The basis profile is open, but derived profiles should close down the information elements according to specification relevant to the use-case.","exampleBoolean":false,"groupingId":"-str-profile"},{"extension":[{"url":"http://hl7.org/fhir/tools/StructureDefinition/resource-sort","valueInteger":999999999},{"url":"http://hl7.org/fhir/StructureDefinition/implementationguide-page","valueUri":"StructureDefinition-no-basis-Practitioner.html"}],"reference":{"reference":"StructureDefinition/no-basis-Practitioner"},"name":"no-basis-Practitioner","description":"Basisprofil for Norwegian Practitioner information. Defined by The Norwegian Directorate of eHealth and HL7 Norway. Should be used as a basis for further profiling in use-cases where specific identity information is needed. The basis profile is open, but derived profiles should close down the information elements according to specification relevant to the use-case.\n\n2019-03 - The no-basis-Practitioner resource main use-case is to represent the actual Practitioner, e.g. a person. The resource can include information about how to identify the practitioner in addition to the practitioner's education, qualifications and speciality. The resource can also include approvals and other centrally registered capabilities recorded for the practitioner.","exampleBoolean":false,"groupingId":"-str-profile"},{"extension":[{"url":"http://hl7.org/fhir/tools/StructureDefinition/resource-sort","valueInteger":999999999},{"url":"http://hl7.org/fhir/StructureDefinition/implementationguide-page","valueUri":"StructureDefinition-no-basis-PractitionerRole.html"}],"reference":{"reference":"StructureDefinition/no-basis-PractitionerRole"},"name":"no-basis-PractitionerRole","description":"Basisprofil for Norwegian PractitionerRole information. Defined by The Norwegian Directorate of eHealth and HL7 Norway. Should be used as a basis for further profiling in use-cases where specific role information is available. The basis profile is open, but derived profiles should close down the information elements according to specifications relevant to the use-case.\n\nThe main use-case of no-basis-PractitionerRole is to represent the role or function of a Practitioner wihtin an organization. The resource can include information about services performed by a Practitioner, a location where the practitioner performes the functions as well as information about the nature of the employment at an organization.","exampleBoolean":false,"groupingId":"-str-profile"},{"extension":[{"url":"http://hl7.org/fhir/tools/StructureDefinition/resource-sort","valueInteger":999999999},{"url":"http://hl7.org/fhir/StructureDefinition/implementationguide-page","valueUri":"StructureDefinition-no-basis-Address.html"}],"reference":{"reference":"StructureDefinition/no-basis-Address"},"name":"no-basis-Address","description":"Basisprofil for Norwegian Address information. Defined by The Norwegian Directorate of eHealth and HL7 Norway. The profile adds Norwegian specific property information, official use of address and further explanation of the use for the data-elements in a Norwegian address. The basis profile is open, but derived profiles should close down the information elements according to specification relevant to the use-case.","exampleBoolean":false,"groupingId":"-str-datatype"},{"extension":[{"url":"http://hl7.org/fhir/tools/StructureDefinition/resource-sort","valueInteger":999999999},{"url":"http://hl7.org/fhir/StructureDefinition/implementationguide-page","valueUri":"StructureDefinition-no-basis-HumanName.html"}],"reference":{"reference":"StructureDefinition/no-basis-HumanName"},"name":"no-basis-HumanName","description":"Basisprofil for Norwegian HumanName. Defined by The Norwegian Directorate of eHealth and HL7 Norway. The profile adds the concept of middlename and further explains of the use for the data-elements in a Norwegian context. The basis profile is open, but derived profiles should close down the information elements according to specification relevant to the use-case.","exampleBoolean":false,"groupingId":"-str-datatype"},{"extension":[{"url":"http://hl7.org/fhir/tools/StructureDefinition/resource-sort","valueInteger":999999999},{"url":"http://hl7.org/fhir/StructureDefinition/implementationguide-page","valueUri":"StructureDefinition-hn-basis-changeConferenceType.html"}],"reference":{"reference":"StructureDefinition/hn-basis-changeConferenceType"},"name":"hn-basis-changeConferenceType","description":"The basis extension expressing that Patient askes to use anouther type of conference","exampleBoolean":false,"groupingId":"-str-extension"},{"extension":[{"url":"http://hl7.org/fhir/tools/StructureDefinition/resource-sort","valueInteger":999999999},{"url":"http://hl7.org/fhir/StructureDefinition/implementationguide-page","valueUri":"StructureDefinition-hn-basis-consultationType.html"}],"reference":{"reference":"StructureDefinition/hn-basis-consultationType"},"name":"hn-basis-consultationType","description":"Type of consultation.","exampleBoolean":false,"groupingId":"-str-extension"},{"extension":[{"url":"http://hl7.org/fhir/tools/StructureDefinition/resource-sort","valueInteger":999999999},{"url":"http://hl7.org/fhir/StructureDefinition/implementationguide-page","valueUri":"StructureDefinition-hn-basis-flagStatusPeriod.html"}],"reference":{"reference":"StructureDefinition/hn-basis-flagStatusPeriod"},"name":"hn-basis-flagStatusPeriod","description":"The basis extension for status period in flag. Creating valid period for flag status","exampleBoolean":false,"groupingId":"-str-extension"},{"extension":[{"url":"http://hl7.org/fhir/tools/StructureDefinition/resource-sort","valueInteger":999999999},{"url":"http://hl7.org/fhir/StructureDefinition/implementationguide-page","valueUri":"StructureDefinition-hn-basis-postponementreason.html"}],"reference":{"reference":"StructureDefinition/hn-basis-postponementreason"},"name":"hn-basis-postponementreason","description":"The reason code for the postponement.","exampleBoolean":false,"groupingId":"-str-extension"},{"extension":[{"url":"http://hl7.org/fhir/tools/StructureDefinition/resource-sort","valueInteger":999999999},{"url":"http://hl7.org/fhir/StructureDefinition/implementationguide-page","valueUri":"StructureDefinition-hn-basis-Recurring.html"}],"reference":{"reference":"StructureDefinition/hn-basis-Recurring"},"name":"hn-basis-recurring","description":"Indicates that this appointment is of recurrence type. In R5 this is handled by own structure.","exampleBoolean":false,"groupingId":"-str-extension"},{"extension":[{"url":"http://hl7.org/fhir/tools/StructureDefinition/resource-sort","valueInteger":999999999},{"url":"http://hl7.org/fhir/StructureDefinition/implementationguide-page","valueUri":"StructureDefinition-no-basis-virtual-service.html"}],"reference":{"reference":"StructureDefinition/no-basis-virtual-service"},"name":"no-basis-Virtual-Service","description":"The VirtualService is based on VirtualServiceDetail structure from R5 and defines details of a virtual communication capability, such as a web conference call.","exampleBoolean":false,"groupingId":"-str-extension"},{"extension":[{"url":"http://hl7.org/fhir/tools/StructureDefinition/resource-sort","valueInteger":999999999},{"url":"http://hl7.org/fhir/StructureDefinition/implementationguide-page","valueUri":"StructureDefinition-no-basis-address-official.html"}],"reference":{"reference":"StructureDefinition/no-basis-address-official"},"name":"no-basis-address-official","description":"Defines the concept of an officialy registered address in Norway. Usually this will be the adress registered in \"Folkeregisteret\" for persons or \"Enhetsregisteret\" for organizations.","exampleBoolean":false,"groupingId":"-str-extension"},{"extension":[{"url":"http://hl7.org/fhir/tools/StructureDefinition/resource-sort","valueInteger":999999999},{"url":"http://hl7.org/fhir/StructureDefinition/implementationguide-page","valueUri":"StructureDefinition-no-basis-group.html"}],"reference":{"reference":"StructureDefinition/no-basis-group"},"name":"no-basis-group","description":"The appointment is a group session.","exampleBoolean":false,"groupingId":"-str-extension"},{"extension":[{"url":"http://hl7.org/fhir/tools/StructureDefinition/resource-sort","valueInteger":999999999},{"url":"http://hl7.org/fhir/StructureDefinition/implementationguide-page","valueUri":"StructureDefinition-no-basis-middlename.html"}],"reference":{"reference":"StructureDefinition/no-basis-middlename"},"name":"no-basis-middlename","description":"The basis extension defines the Norwegian middlename wich is called \"mellomnavn\" and defined by Norwegian legislation (Lov om personnavn).","exampleBoolean":false,"groupingId":"-str-extension"},{"extension":[{"url":"http://hl7.org/fhir/tools/StructureDefinition/resource-sort","valueInteger":999999999},{"url":"http://hl7.org/fhir/StructureDefinition/implementationguide-page","valueUri":"StructureDefinition-no-basis-municipalitycode.html"}],"reference":{"reference":"StructureDefinition/no-basis-municipalitycode"},"name":"no-basis-municipalitycode","description":"Coded value for municipality/county Norwegian kommune","exampleBoolean":false,"groupingId":"-str-extension"},{"extension":[{"url":"http://hl7.org/fhir/tools/StructureDefinition/resource-sort","valueInteger":999999999},{"url":"http://hl7.org/fhir/StructureDefinition/implementationguide-page","valueUri":"StructureDefinition-no-basis-partof.html"}],"reference":{"reference":"StructureDefinition/no-basis-partof"},"name":"no-basis-partof","description":"This basis extension mirrors the Encounter.partOF-attribute. The partOf-attribute enables booking of a set of related appointments with a set of sub-appointments being linked to the main appointment in the same way as encounters are being linked. A larger appointment of which this particular appointment is a component or step.","exampleBoolean":false,"groupingId":"-str-extension"},{"extension":[{"url":"http://hl7.org/fhir/tools/StructureDefinition/resource-sort","valueInteger":999999999},{"url":"http://hl7.org/fhir/StructureDefinition/implementationguide-page","valueUri":"StructureDefinition-no-basis-shortnotice.html"}],"reference":{"reference":"StructureDefinition/no-basis-shortnotice"},"name":"no-basis-shortnotice","description":"The basis extension defines a boolean concept that expresses the possibility to meet on short notice if the there are available appointment slots.","exampleBoolean":false,"groupingId":"-str-extension"},{"extension":[{"url":"http://hl7.org/fhir/tools/StructureDefinition/resource-sort","valueInteger":999999999},{"url":"http://hl7.org/fhir/StructureDefinition/implementationguide-page","valueUri":"StructureDefinition-no-basis-urban-district.html"}],"reference":{"reference":"StructureDefinition/no-basis-urban-district"},"name":"no-basis-urban-district","description":"Simple extension containing information about what part of a norwegian city the patient is a resident. Administrative purpose.","exampleBoolean":false,"groupingId":"-str-extension"},{"extension":[{"url":"http://hl7.org/fhir/tools/StructureDefinition/resource-sort","valueInteger":999999999},{"url":"http://hl7.org/fhir/StructureDefinition/implementationguide-page","valueUri":"ValueSet-no-basis-virtual-service-type-vs.html"}],"reference":{"reference":"ValueSet/no-basis-virtual-service-type-vs"},"name":"No Basis VirtualServiceType Value Set","description":"Example codes for possible virtual service connection types.","exampleBoolean":false,"groupingId":"-term-valueset"},{"extension":[{"url":"http://hl7.org/fhir/tools/StructureDefinition/resource-sort","valueInteger":999999999},{"url":"http://hl7.org/fhir/StructureDefinition/implementationguide-page","valueUri":"ValueSet-hn-appointment-AppointmentType-code-vs.html"}],"reference":{"reference":"ValueSet/hn-appointment-AppointmentType-code-vs"},"name":"hn-appointment-AppointmentType-code-vs","description":"Value set for AppointmentType codes in nytimeløsing - from Timetype innbyggerportal and some new codes","exampleBoolean":false,"groupingId":"-term-valueset"},{"extension":[{"url":"http://hl7.org/fhir/tools/StructureDefinition/resource-sort","valueInteger":999999999},{"url":"http://hl7.org/fhir/StructureDefinition/implementationguide-page","valueUri":"ValueSet-hn-appointment-ServiceCategory-code-vs.html"}],"reference":{"reference":"ValueSet/hn-appointment-ServiceCategory-code-vs"},"name":"hn-appointment-ServiceCategory-code-vs","description":"Value set for ServiceCategory codes in nytimeløsing","exampleBoolean":false,"groupingId":"-term-valueset"},{"extension":[{"url":"http://hl7.org/fhir/tools/StructureDefinition/resource-sort","valueInteger":999999999},{"url":"http://hl7.org/fhir/StructureDefinition/implementationguide-page","valueUri":"ValueSet-hn-appointment-flag-code-vs.html"}],"reference":{"reference":"ValueSet/hn-appointment-flag-code-vs"},"name":"hn-appointment-flag-code-vs","description":"Value set for Flag codes in nytimeløsing","exampleBoolean":false,"groupingId":"-term-valueset"},{"extension":[{"url":"http://hl7.org/fhir/tools/StructureDefinition/resource-sort","valueInteger":999999999},{"url":"http://hl7.org/fhir/StructureDefinition/implementationguide-page","valueUri":"CodeSystem-Hn-AppointmentTypeProposed-New-Codes-cs.html"}],"reference":{"reference":"CodeSystem/Hn-AppointmentTypeProposed-New-Codes-cs"},"name":"New codes proposed as part of Timetype innbyggerportal ","description":"New codes proposed as part of Timetype innbyggerportal.","exampleBoolean":false,"groupingId":"-term-codesystem"},{"extension":[{"url":"http://hl7.org/fhir/tools/StructureDefinition/resource-sort","valueInteger":999999999},{"url":"http://hl7.org/fhir/StructureDefinition/implementationguide-page","valueUri":"CodeSystem-hn-appointment-flag-code-cs.html"}],"reference":{"reference":"CodeSystem/hn-appointment-flag-code-cs"},"name":"hn-appointment-flag-code-cs","description":"Code system used for Flag codes in nytimeløsing","exampleBoolean":false,"groupingId":"-term-codesystem"},{"extension":[{"url":"http://hl7.org/fhir/tools/StructureDefinition/resource-sort","valueInteger":999999999},{"url":"http://hl7.org/fhir/StructureDefinition/implementationguide-page","valueUri":"Practitioner-8495a9ca-1e0b-452e-a7e1-9f88c75f582e.html"}],"reference":{"reference":"Practitioner/8495a9ca-1e0b-452e-a7e1-9f88c75f582e"},"name":"AnvarligLegeEksempel","description":"Eksempel på behandlende lege","exampleCanonical":"http://helsenorge.no/fhir/StructureDefinition/no-basis-Practitioner","groupingId":"-ex-example"},{"extension":[{"url":"http://hl7.org/fhir/tools/StructureDefinition/resource-sort","valueInteger":999999999},{"url":"http://hl7.org/fhir/StructureDefinition/implementationguide-page","valueUri":"Appointment-d6c523ec-b520-4221-a8d6-c1c58911ce7a.html"}],"reference":{"reference":"Appointment/d6c523ec-b520-4221-a8d6-c1c58911ce7a"},"name":"AppointmentExample","description":"Appointment example","exampleCanonical":"http://helsenorge.no/fhir/StructureDefinition/no-basis-Appointment","groupingId":"-ex-example"},{"extension":[{"url":"http://hl7.org/fhir/tools/StructureDefinition/resource-sort","valueInteger":999999999},{"url":"http://hl7.org/fhir/StructureDefinition/implementationguide-page","valueUri":"Appointment-1535dbf2-6246-4a26-9af1-173f7dff5616.html"}],"reference":{"reference":"Appointment/1535dbf2-6246-4a26-9af1-173f7dff5616"},"name":"AppointmentInnleggelseEksempel_3","description":"Appointment eksempel practitionerole","exampleCanonical":"http://helsenorge.no/fhir/StructureDefinition/hn-basis-appointment","groupingId":"-ex-example"},{"extension":[{"url":"http://hl7.org/fhir/tools/StructureDefinition/resource-sort","valueInteger":999999999},{"url":"http://hl7.org/fhir/StructureDefinition/implementationguide-page","valueUri":"Appointment-34DDC9EC-E84A-EE11-9852-B0074B014ABB.html"}],"reference":{"reference":"Appointment/34DDC9EC-E84A-EE11-9852-B0074B014ABB"},"name":"AppointmentPolikliniskEksempel","description":"Appointment eksempel","exampleCanonical":"http://helsenorge.no/fhir/StructureDefinition/hn-basis-appointment","groupingId":"-ex-example"},{"extension":[{"url":"http://hl7.org/fhir/tools/StructureDefinition/resource-sort","valueInteger":999999999},{"url":"http://hl7.org/fhir/StructureDefinition/implementationguide-page","valueUri":"Appointment-cdb19ffe-5d4d-45e0-b8d3-45d24e4c675f.html"}],"reference":{"reference":"Appointment/cdb19ffe-5d4d-45e0-b8d3-45d24e4c675f"},"name":"AppointmentPolikliniskEksempel_2","description":"Appointment eksempel med ansvarlig lege","exampleCanonical":"http://helsenorge.no/fhir/StructureDefinition/hn-basis-appointment","groupingId":"-ex-example"},{"extension":[{"url":"http://hl7.org/fhir/tools/StructureDefinition/resource-sort","valueInteger":999999999},{"url":"http://hl7.org/fhir/StructureDefinition/implementationguide-page","valueUri":"Location-15878c66-d827-4fb9-8528-e234a0de8835.html"}],"reference":{"reference":"Location/15878c66-d827-4fb9-8528-e234a0de8835"},"name":"Avdeling","description":"Avdeling example","exampleCanonical":"http://helsenorge.no/fhir/StructureDefinition/no-basis-Location","groupingId":"-ex-example"},{"extension":[{"url":"http://hl7.org/fhir/tools/StructureDefinition/resource-sort","valueInteger":999999999},{"url":"http://hl7.org/fhir/StructureDefinition/implementationguide-page","valueUri":"PractitionerRole-d6325177-bcfb-4d2d-b507-5d5f65066abb.html"}],"reference":{"reference":"PractitionerRole/d6325177-bcfb-4d2d-b507-5d5f65066abb"},"name":"HeartDepartmentPhysicianRole","description":"A role.","exampleCanonical":"http://helsenorge.no/fhir/StructureDefinition/no-basis-PractitionerRole","groupingId":"-ex-example"},{"extension":[{"url":"http://hl7.org/fhir/tools/StructureDefinition/resource-sort","valueInteger":999999999},{"url":"http://hl7.org/fhir/StructureDefinition/implementationguide-page","valueUri":"Location-15878c66-d827-4fb9-8528-e234a0dr4535.html"}],"reference":{"reference":"Location/15878c66-d827-4fb9-8528-e234a0dr4535"},"name":"HjertemedisinskAvdelingLocation","description":"Avdeling (Hjertemedisinsk) example","exampleCanonical":"http://helsenorge.no/fhir/StructureDefinition/no-basis-Location","groupingId":"-ex-example"},{"extension":[{"url":"http://hl7.org/fhir/tools/StructureDefinition/resource-sort","valueInteger":999999999},{"url":"http://hl7.org/fhir/StructureDefinition/implementationguide-page","valueUri":"Organization-175befc3-6f87-4db0-92ee-90e7a8c67960.html"}],"reference":{"reference":"Organization/175befc3-6f87-4db0-92ee-90e7a8c67960"},"name":"HjertemedisinskAvdelingOrganization","description":"Avdeling for Hjertemedisin","exampleCanonical":"http://helsenorge.no/fhir/StructureDefinition/no-basis-Organization","groupingId":"-ex-example"},{"extension":[{"url":"http://hl7.org/fhir/tools/StructureDefinition/resource-sort","valueInteger":999999999},{"url":"http://hl7.org/fhir/StructureDefinition/implementationguide-page","valueUri":"Organization-833bad1b-e612-4593-9560-c5ea55bce912.html"}],"reference":{"reference":"Organization/833bad1b-e612-4593-9560-c5ea55bce912"},"name":"KommunikasjonspartOrganization","description":"Kommunikasjonspart eksempel","exampleCanonical":"http://helsenorge.no/fhir/StructureDefinition/no-basis-Organization","groupingId":"-ex-example"},{"extension":[{"url":"http://hl7.org/fhir/tools/StructureDefinition/resource-sort","valueInteger":999999999},{"url":"http://hl7.org/fhir/StructureDefinition/implementationguide-page","valueUri":"Organization-df89a675-febe-44b9-8fe7-027169cb05a3.html"}],"reference":{"reference":"Organization/df89a675-febe-44b9-8fe7-027169cb05a3"},"name":"ManagingOrgHosp","description":"Managing Org Hosp example","exampleCanonical":"http://helsenorge.no/fhir/StructureDefinition/no-basis-Organization","groupingId":"-ex-example"},{"extension":[{"url":"http://hl7.org/fhir/tools/StructureDefinition/resource-sort","valueInteger":999999999},{"url":"http://hl7.org/fhir/StructureDefinition/implementationguide-page","valueUri":"Bundle-PolikliniskEksempelBundle.html"}],"reference":{"reference":"Bundle/PolikliniskEksempelBundle"},"name":"PolikliniskEksempelBundle","description":"Bundle eksempel","exampleBoolean":true,"groupingId":"-ex-example"},{"extension":[{"url":"http://hl7.org/fhir/tools/StructureDefinition/resource-sort","valueInteger":999999999},{"url":"http://hl7.org/fhir/StructureDefinition/implementationguide-page","valueUri":"Location-ae6a6c66-6b9c-4fa0-bf78-52915e07271f.html"}],"reference":{"reference":"Location/ae6a6c66-6b9c-4fa0-bf78-52915e07271f"},"name":"Sjukehus","description":"Sjukehus example","exampleCanonical":"http://helsenorge.no/fhir/StructureDefinition/no-basis-Location","groupingId":"-ex-example"},{"extension":[{"url":"http://hl7.org/fhir/tools/StructureDefinition/resource-sort","valueInteger":999999999},{"url":"http://hl7.org/fhir/StructureDefinition/implementationguide-page","valueUri":"Flag-5add71e3-1fcb-4c4d-8065-5ce3c83a5cb8.html"}],"reference":{"reference":"Flag/5add71e3-1fcb-4c4d-8065-5ce3c83a5cb8"},"name":"canAcknowledgeFlag","description":"Flag Eksempel","exampleCanonical":"http://helsenorge.no/fhir/StructureDefinition/hn-basis-Flag","groupingId":"-ex-example"},{"extension":[{"url":"http://hl7.org/fhir/tools/StructureDefinition/resource-sort","valueInteger":999999999},{"url":"http://hl7.org/fhir/StructureDefinition/implementationguide-page","valueUri":"Flag-5c4fdce8-e90e-4adf-9544-0c6b684a953d.html"}],"reference":{"reference":"Flag/5c4fdce8-e90e-4adf-9544-0c6b684a953d"},"name":"canHaveAppointmentDetails","description":"Flag eksempel","exampleCanonical":"http://helsenorge.no/fhir/StructureDefinition/hn-basis-Flag","groupingId":"-ex-example"},{"extension":[{"url":"http://hl7.org/fhir/tools/StructureDefinition/resource-sort","valueInteger":999999999},{"url":"http://hl7.org/fhir/StructureDefinition/implementationguide-page","valueUri":"Flag-52469032-561f-4334-b5af-b8b5c8c4c0c6.html"}],"reference":{"reference":"Flag/52469032-561f-4334-b5af-b8b5c8c4c0c6"},"name":"canInitateDialog","description":"Flag eksempel","exampleCanonical":"http://helsenorge.no/fhir/StructureDefinition/hn-basis-Flag","groupingId":"-ex-example"}],"page":{"extension":[{"url":"http://hl7.org/fhir/tools/StructureDefinition/ig-page-name","valueUrl":"toc.html"}],"nameUrl":"toc.html","title":"Table of Contents","generation":"html","page":[{"extension":[{"url":"http://hl7.org/fhir/tools/StructureDefinition/ig-page-name","valueUrl":"index.html"}],"nameUrl":"index.html","title":"Home","generation":"markdown"},{"extension":[{"url":"http://hl7.org/fhir/tools/StructureDefinition/ig-page-name","valueUrl":"artifacts.html"}],"nameUrl":"artifacts.html","title":"Artifacts Summary","generation":"html","page":[{"extension":[{"url":"http://hl7.org/fhir/tools/StructureDefinition/ig-page-name","valueUrl":"StructureDefinition-hn-basis-appointment.html"}],"nameUrl":"StructureDefinition-hn-basis-appointment.html","title":"hn-basis-appointment","generation":"generated"},{"extension":[{"url":"http://hl7.org/fhir/tools/StructureDefinition/ig-page-name","valueUrl":"StructureDefinition-hn-basis-AppointmentResponse.html"}],"nameUrl":"StructureDefinition-hn-basis-AppointmentResponse.html","title":"hn-basis-AppointmentResponse","generation":"generated"},{"extension":[{"url":"http://hl7.org/fhir/tools/StructureDefinition/ig-page-name","valueUrl":"StructureDefinition-hn-basis-Flag.html"}],"nameUrl":"StructureDefinition-hn-basis-Flag.html","title":"hn-basis-Flag","generation":"generated"},{"extension":[{"url":"http://hl7.org/fhir/tools/StructureDefinition/ig-page-name","valueUrl":"StructureDefinition-hn-basis-schedule.html"}],"nameUrl":"StructureDefinition-hn-basis-schedule.html","title":"hn-basis-schedule","generation":"generated"},{"extension":[{"url":"http://hl7.org/fhir/tools/StructureDefinition/ig-page-name","valueUrl":"StructureDefinition-hn-basis-slot.html"}],"nameUrl":"StructureDefinition-hn-basis-slot.html","title":"hn-basis-slot","generation":"generated"},{"extension":[{"url":"http://hl7.org/fhir/tools/StructureDefinition/ig-page-name","valueUrl":"StructureDefinition-no-basis-Appointment.html"}],"nameUrl":"StructureDefinition-no-basis-Appointment.html","title":"no-basis-Appointment","generation":"generated"},{"extension":[{"url":"http://hl7.org/fhir/tools/StructureDefinition/ig-page-name","valueUrl":"StructureDefinition-no-basis-AppointmentResponse.html"}],"nameUrl":"StructureDefinition-no-basis-AppointmentResponse.html","title":"no-basis-AppointmentResponse","generation":"generated"},{"extension":[{"url":"http://hl7.org/fhir/tools/StructureDefinition/ig-page-name","valueUrl":"StructureDefinition-no-basis-Endpoint.html"}],"nameUrl":"StructureDefinition-no-basis-Endpoint.html","title":"no-basis-Endpoint","generation":"generated"},{"extension":[{"url":"http://hl7.org/fhir/tools/StructureDefinition/ig-page-name","valueUrl":"StructureDefinition-no-basis-HealthcareService.html"}],"nameUrl":"StructureDefinition-no-basis-HealthcareService.html","title":"no-basis-HealthcareService","generation":"generated"},{"extension":[{"url":"http://hl7.org/fhir/tools/StructureDefinition/ig-page-name","valueUrl":"StructureDefinition-no-basis-Location.html"}],"nameUrl":"StructureDefinition-no-basis-Location.html","title":"no-basis-Location","generation":"generated"},{"extension":[{"url":"http://hl7.org/fhir/tools/StructureDefinition/ig-page-name","valueUrl":"StructureDefinition-no-basis-Organization.html"}],"nameUrl":"StructureDefinition-no-basis-Organization.html","title":"no-basis-Organization","generation":"generated"},{"extension":[{"url":"http://hl7.org/fhir/tools/StructureDefinition/ig-page-name","valueUrl":"StructureDefinition-no-basis-Practitioner.html"}],"nameUrl":"StructureDefinition-no-basis-Practitioner.html","title":"no-basis-Practitioner","generation":"generated"},{"extension":[{"url":"http://hl7.org/fhir/tools/StructureDefinition/ig-page-name","valueUrl":"StructureDefinition-no-basis-PractitionerRole.html"}],"nameUrl":"StructureDefinition-no-basis-PractitionerRole.html","title":"no-basis-PractitionerRole","generation":"generated"},{"extension":[{"url":"http://hl7.org/fhir/tools/StructureDefinition/ig-page-name","valueUrl":"StructureDefinition-no-basis-Address.html"}],"nameUrl":"StructureDefinition-no-basis-Address.html","title":"no-basis-Address","generation":"generated"},{"extension":[{"url":"http://hl7.org/fhir/tools/StructureDefinition/ig-page-name","valueUrl":"StructureDefinition-no-basis-HumanName.html"}],"nameUrl":"StructureDefinition-no-basis-HumanName.html","title":"no-basis-HumanName","generation":"generated"},{"extension":[{"url":"http://hl7.org/fhir/tools/StructureDefinition/ig-page-name","valueUrl":"StructureDefinition-hn-basis-changeConferenceType.html"}],"nameUrl":"StructureDefinition-hn-basis-changeConferenceType.html","title":"hn-basis-changeConferenceType","generation":"generated"},{"extension":[{"url":"http://hl7.org/fhir/tools/StructureDefinition/ig-page-name","valueUrl":"StructureDefinition-hn-basis-consultationType.html"}],"nameUrl":"StructureDefinition-hn-basis-consultationType.html","title":"hn-basis-consultationType","generation":"generated"},{"extension":[{"url":"http://hl7.org/fhir/tools/StructureDefinition/ig-page-name","valueUrl":"StructureDefinition-hn-basis-flagStatusPeriod.html"}],"nameUrl":"StructureDefinition-hn-basis-flagStatusPeriod.html","title":"hn-basis-flagStatusPeriod","generation":"generated"},{"extension":[{"url":"http://hl7.org/fhir/tools/StructureDefinition/ig-page-name","valueUrl":"StructureDefinition-hn-basis-postponementreason.html"}],"nameUrl":"StructureDefinition-hn-basis-postponementreason.html","title":"hn-basis-postponementreason","generation":"generated"},{"extension":[{"url":"http://hl7.org/fhir/tools/StructureDefinition/ig-page-name","valueUrl":"StructureDefinition-hn-basis-Recurring.html"}],"nameUrl":"StructureDefinition-hn-basis-Recurring.html","title":"hn-basis-recurring","generation":"generated"},{"extension":[{"url":"http://hl7.org/fhir/tools/StructureDefinition/ig-page-name","valueUrl":"StructureDefinition-no-basis-address-official.html"}],"nameUrl":"StructureDefinition-no-basis-address-official.html","title":"no-basis-address-official","generation":"generated"},{"extension":[{"url":"http://hl7.org/fhir/tools/StructureDefinition/ig-page-name","valueUrl":"StructureDefinition-no-basis-group.html"}],"nameUrl":"StructureDefinition-no-basis-group.html","title":"no-basis-group","generation":"generated"},{"extension":[{"url":"http://hl7.org/fhir/tools/StructureDefinition/ig-page-name","valueUrl":"StructureDefinition-no-basis-middlename.html"}],"nameUrl":"StructureDefinition-no-basis-middlename.html","title":"no-basis-middlename","generation":"generated"},{"extension":[{"url":"http://hl7.org/fhir/tools/StructureDefinition/ig-page-name","valueUrl":"StructureDefinition-no-basis-municipalitycode.html"}],"nameUrl":"StructureDefinition-no-basis-municipalitycode.html","title":"no-basis-municipalitycode","generation":"generated"},{"extension":[{"url":"http://hl7.org/fhir/tools/StructureDefinition/ig-page-name","valueUrl":"StructureDefinition-no-basis-partof.html"}],"nameUrl":"StructureDefinition-no-basis-partof.html","title":"no-basis-partof","generation":"generated"},{"extension":[{"url":"http://hl7.org/fhir/tools/StructureDefinition/ig-page-name","valueUrl":"StructureDefinition-no-basis-shortnotice.html"}],"nameUrl":"StructureDefinition-no-basis-shortnotice.html","title":"no-basis-shortnotice","generation":"generated"},{"extension":[{"url":"http://hl7.org/fhir/tools/StructureDefinition/ig-page-name","valueUrl":"StructureDefinition-no-basis-urban-district.html"}],"nameUrl":"StructureDefinition-no-basis-urban-district.html","title":"no-basis-urban-district","generation":"generated"},{"extension":[{"url":"http://hl7.org/fhir/tools/StructureDefinition/ig-page-name","valueUrl":"StructureDefinition-no-basis-virtual-service.html"}],"nameUrl":"StructureDefinition-no-basis-virtual-service.html","title":"no-basis-Virtual-Service","generation":"generated"},{"extension":[{"url":"http://hl7.org/fhir/tools/StructureDefinition/ig-page-name","valueUrl":"ValueSet-hn-appointment-AppointmentType-code-vs.html"}],"nameUrl":"ValueSet-hn-appointment-AppointmentType-code-vs.html","title":"hn-appointment-AppointmentType-code-vs","generation":"generated"},{"extension":[{"url":"http://hl7.org/fhir/tools/StructureDefinition/ig-page-name","valueUrl":"ValueSet-hn-appointment-flag-code-vs.html"}],"nameUrl":"ValueSet-hn-appointment-flag-code-vs.html","title":"hn-appointment-flag-code-vs","generation":"generated"},{"extension":[{"url":"http://hl7.org/fhir/tools/StructureDefinition/ig-page-name","valueUrl":"ValueSet-hn-appointment-ServiceCategory-code-vs.html"}],"nameUrl":"ValueSet-hn-appointment-ServiceCategory-code-vs.html","title":"hn-appointment-ServiceCategory-code-vs","generation":"generated"},{"extension":[{"url":"http://hl7.org/fhir/tools/StructureDefinition/ig-page-name","valueUrl":"ValueSet-no-basis-virtual-service-type-vs.html"}],"nameUrl":"ValueSet-no-basis-virtual-service-type-vs.html","title":"No Basis VirtualServiceType Value Set","generation":"generated"},{"extension":[{"url":"http://hl7.org/fhir/tools/StructureDefinition/ig-page-name","valueUrl":"CodeSystem-hn-appointment-flag-code-cs.html"}],"nameUrl":"CodeSystem-hn-appointment-flag-code-cs.html","title":"hn-appointment-flag-code-cs","generation":"generated"},{"extension":[{"url":"http://hl7.org/fhir/tools/StructureDefinition/ig-page-name","valueUrl":"CodeSystem-Hn-AppointmentTypeProposed-New-Codes-cs.html"}],"nameUrl":"CodeSystem-Hn-AppointmentTypeProposed-New-Codes-cs.html","title":"New codes proposed as part of Timetype innbyggerportal ","generation":"generated"},{"extension":[{"url":"http://hl7.org/fhir/tools/StructureDefinition/ig-page-name","valueUrl":"Practitioner-8495a9ca-1e0b-452e-a7e1-9f88c75f582e.html"}],"nameUrl":"Practitioner-8495a9ca-1e0b-452e-a7e1-9f88c75f582e.html","title":"AnvarligLegeEksempel","generation":"generated"},{"extension":[{"url":"http://hl7.org/fhir/tools/StructureDefinition/ig-page-name","valueUrl":"Appointment-d6c523ec-b520-4221-a8d6-c1c58911ce7a.html"}],"nameUrl":"Appointment-d6c523ec-b520-4221-a8d6-c1c58911ce7a.html","title":"AppointmentExample","generation":"generated"},{"extension":[{"url":"http://hl7.org/fhir/tools/StructureDefinition/ig-page-name","valueUrl":"Appointment-1535dbf2-6246-4a26-9af1-173f7dff5616.html"}],"nameUrl":"Appointment-1535dbf2-6246-4a26-9af1-173f7dff5616.html","title":"AppointmentInnleggelseEksempel_3","generation":"generated"},{"extension":[{"url":"http://hl7.org/fhir/tools/StructureDefinition/ig-page-name","valueUrl":"Appointment-34DDC9EC-E84A-EE11-9852-B0074B014ABB.html"}],"nameUrl":"Appointment-34DDC9EC-E84A-EE11-9852-B0074B014ABB.html","title":"AppointmentPolikliniskEksempel","generation":"generated"},{"extension":[{"url":"http://hl7.org/fhir/tools/StructureDefinition/ig-page-name","valueUrl":"Appointment-cdb19ffe-5d4d-45e0-b8d3-45d24e4c675f.html"}],"nameUrl":"Appointment-cdb19ffe-5d4d-45e0-b8d3-45d24e4c675f.html","title":"AppointmentPolikliniskEksempel_2","generation":"generated"},{"extension":[{"url":"http://hl7.org/fhir/tools/StructureDefinition/ig-page-name","valueUrl":"Location-15878c66-d827-4fb9-8528-e234a0de8835.html"}],"nameUrl":"Location-15878c66-d827-4fb9-8528-e234a0de8835.html","title":"Avdeling","generation":"generated"},{"extension":[{"url":"http://hl7.org/fhir/tools/StructureDefinition/ig-page-name","valueUrl":"Flag-5add71e3-1fcb-4c4d-8065-5ce3c83a5cb8.html"}],"nameUrl":"Flag-5add71e3-1fcb-4c4d-8065-5ce3c83a5cb8.html","title":"canAcknowledgeFlag","generation":"generated"},{"extension":[{"url":"http://hl7.org/fhir/tools/StructureDefinition/ig-page-name","valueUrl":"Flag-5c4fdce8-e90e-4adf-9544-0c6b684a953d.html"}],"nameUrl":"Flag-5c4fdce8-e90e-4adf-9544-0c6b684a953d.html","title":"canHaveAppointmentDetails","generation":"generated"},{"extension":[{"url":"http://hl7.org/fhir/tools/StructureDefinition/ig-page-name","valueUrl":"Flag-52469032-561f-4334-b5af-b8b5c8c4c0c6.html"}],"nameUrl":"Flag-52469032-561f-4334-b5af-b8b5c8c4c0c6.html","title":"canInitateDialog","generation":"generated"},{"extension":[{"url":"http://hl7.org/fhir/tools/StructureDefinition/ig-page-name","valueUrl":"PractitionerRole-d6325177-bcfb-4d2d-b507-5d5f65066abb.html"}],"nameUrl":"PractitionerRole-d6325177-bcfb-4d2d-b507-5d5f65066abb.html","title":"HeartDepartmentPhysicianRole","generation":"generated"},{"extension":[{"url":"http://hl7.org/fhir/tools/StructureDefinition/ig-page-name","valueUrl":"Location-15878c66-d827-4fb9-8528-e234a0dr4535.html"}],"nameUrl":"Location-15878c66-d827-4fb9-8528-e234a0dr4535.html","title":"HjertemedisinskAvdelingLocation","generation":"generated"},{"extension":[{"url":"http://hl7.org/fhir/tools/StructureDefinition/ig-page-name","valueUrl":"Organization-175befc3-6f87-4db0-92ee-90e7a8c67960.html"}],"nameUrl":"Organization-175befc3-6f87-4db0-92ee-90e7a8c67960.html","title":"HjertemedisinskAvdelingOrganization","generation":"generated"},{"extension":[{"url":"http://hl7.org/fhir/tools/StructureDefinition/ig-page-name","valueUrl":"Organization-833bad1b-e612-4593-9560-c5ea55bce912.html"}],"nameUrl":"Organization-833bad1b-e612-4593-9560-c5ea55bce912.html","title":"KommunikasjonspartOrganization","generation":"generated"},{"extension":[{"url":"http://hl7.org/fhir/tools/StructureDefinition/ig-page-name","valueUrl":"Organization-df89a675-febe-44b9-8fe7-027169cb05a3.html"}],"nameUrl":"Organization-df89a675-febe-44b9-8fe7-027169cb05a3.html","title":"ManagingOrgHosp","generation":"generated"},{"extension":[{"url":"http://hl7.org/fhir/tools/StructureDefinition/ig-page-name","valueUrl":"Bundle-PolikliniskEksempelBundle.html"}],"nameUrl":"Bundle-PolikliniskEksempelBundle.html","title":"PolikliniskEksempelBundle","generation":"generated"},{"extension":[{"url":"http://hl7.org/fhir/tools/StructureDefinition/ig-page-name","valueUrl":"Location-ae6a6c66-6b9c-4fa0-bf78-52915e07271f.html"}],"nameUrl":"Location-ae6a6c66-6b9c-4fa0-bf78-52915e07271f.html","title":"Sjukehus","generation":"generated"}]}]},"parameter":[{"code":"path-resource","value":"input/capabilities"},{"code":"path-resource","value":"input/examples"},{"code":"path-resource","value":"input/extensions"},{"code":"path-resource","value":"input/models"},{"code":"path-resource","value":"input/operations"},{"code":"path-resource","value":"input/profiles"},{"code":"path-resource","value":"input/resources"},{"code":"path-resource","value":"input/vocabulary"},{"code":"path-resource","value":"input/maps"},{"code":"path-resource","value":"input/testing"},{"code":"path-resource","value":"input/history"},{"code":"path-resource","value":"fsh-generated/resources"},{"code":"path-pages","value":"template/config"},{"code":"path-pages","value":"input/images"},{"code":"path-tx-cache","value":"input-cache/txcache"}]}}