{"resourceType":"ValueSet","id":"hn-appointment-ServiceCategory-code-vs","text":{"status":"extensions","div":"<div xmlns=\"http://www.w3.org/1999/xhtml\"><p class=\"res-header-id\"><b>Generated Narrative: ValueSet hn-appointment-ServiceCategory-code-vs</b></p><a name=\"hn-appointment-ServiceCategory-code-vs\"> </a><a name=\"hchn-appointment-ServiceCategory-code-vs\"> </a><a name=\"hn-appointment-ServiceCategory-code-vs-en-US\"> </a><ul><li>Include these codes as defined in <a href=\"http://terminology.hl7.org/6.2.0/CodeSystem-service-category.html\"><code>http://terminology.hl7.org/CodeSystem/service-category</code></a><table class=\"none\"><tr><td style=\"white-space:nowrap\"><b>Code</b></td><td><b>Display</b></td><td><b>Definition</b></td></tr><tr><td><a href=\"http://terminology.hl7.org/6.2.0/CodeSystem-service-category.html#service-category-10\">10</a></td><td>Dental</td><td>Dental</td></tr><tr><td><a href=\"http://terminology.hl7.org/6.2.0/CodeSystem-service-category.html#service-category-27\">27</a></td><td>Specialist Medical</td><td>Specialist Medical - requires referral</td></tr><tr><td><a href=\"http://terminology.hl7.org/6.2.0/CodeSystem-service-category.html#service-category-17\">17</a></td><td>General Practice</td><td>General Practice/GP (doctor)</td></tr><tr><td><a href=\"http://terminology.hl7.org/6.2.0/CodeSystem-service-category.html#service-category-7\">7</a></td><td>Community Health Care</td><td>Community Health Care</td></tr></table></li></ul></div>"},"url":"http://helsenorge.no/fhir/ValueSet/hn-appointment-ServiceCategory-code-vs","version":"0.9.0","name":"HnAppointmentServiceCategoryVS","title":"hn-appointment-ServiceCategory-code-vs","status":"draft","experimental":true,"date":"2025-02-15T12:00:41+01:00","publisher":"Example Publisher","contact":[{"name":"Example Publisher","telecom":[{"system":"url","value":"http://example.org/example-publisher"}]}],"description":"Value set for ServiceCategory codes in nytimeløsing","compose":{"include":[{"system":"http://terminology.hl7.org/CodeSystem/service-category","concept":[{"code":"10","display":"Dental"},{"code":"27","display":"Specialist Medical"},{"code":"17","display":"General Practice"},{"code":"7","display":"Community Health Care"}]}]}}