{"resourceType":"ValueSet","id":"hn-appointment-flag-code-vs","text":{"status":"generated","div":"<div xmlns=\"http://www.w3.org/1999/xhtml\"><ul><li>Include all codes defined in <a href=\"CodeSystem-hn-appointment-flag-code-cs.html\"><code>http://helsenorge.no/fhir/CodeSystem/hn-appointment-flag-code-cs</code></a></li></ul></div>"},"url":"http://helsenorge.no/fhir/ValueSet/hn-appointment-flag-code-vs","version":"0.1.0","name":"HnAppointmentFlagCodeVS","title":"hn-appointment-flag-code-vs","status":"draft","experimental":true,"date":"2024-02-09T14:16:42+01:00","publisher":"Example Publisher","contact":[{"name":"Example Publisher","telecom":[{"system":"url","value":"http://example.org/example-publisher"}]}],"description":"Value set for Flag codes in nytimeløsing","compose":{"include":[{"system":"http://helsenorge.no/fhir/CodeSystem/hn-appointment-flag-code-cs"}]}}