{"resourceType":"ValueSet","id":"hn-appointment-AppointmentType-code-vs","text":{"status":"generated","div":"<div xmlns=\"http://www.w3.org/1999/xhtml\"><p>This value set includes codes based on the following rules:</p><ul><li>Include these codes as defined in <code>urn:oid:2.16.578.1.12.4.1.1.7617</code><table class=\"none\"><tr><td style=\"white-space:nowrap\"><b>Code</b></td><td><b>Display</b></td></tr><tr><td>Vaksine</td><td>Vaksine</td></tr><tr><td>Lab</td><td>Lab</td></tr></table></li><li>Include all codes defined in <a href=\"CodeSystem-Hn-AppointmentTypeProposed-New-Codes-cs.html\"><code>http://helsenorge.no/fhir/CodeSystem/Hn-AppointmentTypeProposed-New-Codes-cs</code></a></li></ul></div>"},"url":"http://helsenorge.no/fhir/ValueSet/hn-appointment-AppointmentType-code-vs","version":"0.1.0","name":"HnAppointmentAppointmentTypeVS","title":"hn-appointment-AppointmentType-code-vs","status":"draft","experimental":false,"date":"2023-11-08T01:12:56+01:00","publisher":"Example Publisher","contact":[{"name":"Example Publisher","telecom":[{"system":"url","value":"http://example.org/example-publisher"}]}],"description":"Value set for AppointmentType codes in nytimeløsing - from Timetype innbyggerportal and some new codes","compose":{"include":[{"system":"urn:oid:2.16.578.1.12.4.1.1.7617","concept":[{"code":"Vaksine","display":"Vaksine"},{"code":"Lab","display":"Lab"}]},{"system":"http://helsenorge.no/fhir/CodeSystem/Hn-AppointmentTypeProposed-New-Codes-cs"}]}}