{"resourceType":"ValueSet","id":"hn-appointment-ServiceCategory-code-vs","text":{"status":"generated","div":"<div xmlns=\"http://www.w3.org/1999/xhtml\"><ul><li>Include these codes as defined in <a href=\"http://terminology.hl7.org/5.3.0/CodeSystem-service-category.html\"><code>http://terminology.hl7.org/CodeSystem/service-category</code></a><table class=\"none\"><tr><td style=\"white-space:nowrap\"><b>Code</b></td><td><b>Display</b></td></tr><tr><td>10</td><td>Dental</td></tr><tr><td>27</td><td>Specialist Medical</td></tr><tr><td>17</td><td>General Practice</td></tr><tr><td>7</td><td>Community Health Care</td></tr></table></li></ul></div>"},"url":"http://helsenorge.no/fhir/ValueSet/hn-appointment-ServiceCategory-code-vs","version":"0.1.0","name":"HnAppointmentServiceCategoryVS","title":"hn-appointment-ServiceCategory-code-vs","status":"draft","experimental":true,"date":"2024-01-15T07:10:14+01:00","publisher":"Example Publisher","contact":[{"name":"Example Publisher","telecom":[{"system":"url","value":"http://example.org/example-publisher"}]}],"description":"Value set for ServiceCategory codes in nytimeløsing","compose":{"include":[{"system":"http://terminology.hl7.org/CodeSystem/service-category","concept":[{"code":"10","display":"Dental"},{"code":"27","display":"Specialist Medical"},{"code":"17","display":"General Practice"},{"code":"7","display":"Community Health Care"}]}]}}