{"resourceType":"ValueSet","id":"hn-appointment-flag-code-vs","text":{"status":"generated","div":"<div xmlns=\"http://www.w3.org/1999/xhtml\"><p class=\"res-header-id\"><b>Generated Narrative: ValueSet hn-appointment-flag-code-vs</b></p><a name=\"hn-appointment-flag-code-vs\"> </a><a name=\"hchn-appointment-flag-code-vs\"> </a><a name=\"hn-appointment-flag-code-vs-en-US\"> </a><ul><li>Include all codes defined in <a href=\"CodeSystem-hn-appointment-flag-code-cs.html\"><code>http://helsenorge.no/fhir/CodeSystem/hn-appointment-flag-code-cs</code></a></li></ul></div>"},"url":"http://helsenorge.no/fhir/ValueSet/hn-appointment-flag-code-vs","version":"1.0.0","name":"HnAppointmentFlagCodeVS","title":"hn-appointment-flag-code-vs","status":"draft","experimental":true,"date":"2025-06-05T14:31:57+02:00","publisher":"Example Publisher","contact":[{"name":"Example Publisher","telecom":[{"system":"url","value":"http://example.org/example-publisher"}]}],"description":"Value set for Flag codes in nytimeløsing","compose":{"include":[{"system":"http://helsenorge.no/fhir/CodeSystem/hn-appointment-flag-code-cs"}]}}