{
  "resourceType" : "Appointment",
  "id" : "VideoAppointmentEksempel",
  "meta" : {
    "profile" : ["http://helsenorge.no/fhir/StructureDefinition/hn-basis-appointment"],
    "tag" : [{
      "system" : "http://helsenorge.no/fhir/paminnelse",
      "code" : "1"
    }]
  },
  "text" : {
    "status" : "extensions",
    "div" : "<div xmlns=\"http://www.w3.org/1999/xhtml\"><p><b>Generated Narrative: Appointment</b><a name=\"VideoAppointmentEksempel\"> </a></p><div style=\"display: inline-block; background-color: #d9e0e7; padding: 6px; margin: 4px; border: 1px solid #8da1b4; border-radius: 5px; line-height: 60%\"><p style=\"margin-bottom: 0px\">Resource Appointment &quot;VideoAppointmentEksempel&quot; </p><p style=\"margin-bottom: 0px\">Profile: <a href=\"StructureDefinition-hn-basis-appointment.html\">hn-basis-appointment</a></p><p style=\"margin-bottom: 0px\">Tag: <span title=\"{http://helsenorge.no/fhir/paminnelse http://helsenorge.no/fhir/paminnelse}\">http://helsenorge.no/fhir/paminnelse</span></p></div><blockquote><p><b>no-basis-Virtual-Service</b></p><blockquote><p><b>url</b></p><code>channelType</code></blockquote><p><b>value</b>: URL (Details: http://hl7.org/fhir/contact-point-system code url = 'URL', stated as 'null')</p><blockquote><p><b>url</b></p><code>virtualAddress</code></blockquote><p><b>value</b>: <a href=\"https://join.nhn.no/webapp2/home\">https://join.nhn.no/webapp2/home</a></p></blockquote><p><b>identifier</b>: id:\u00a0aa4606dd-754a-49b7-aad9-db34dfa30a94</p><p><b>status</b>: booked</p><p><b>serviceCategory</b>: 27 <span style=\"background: LightGoldenRodYellow; margin: 4px; border: 1px solid khaki\"> (<a href=\"http://terminology.hl7.org/5.3.0/CodeSystem-service-category.html\">Service category</a>#27)</span></p><p><b>appointmentType</b>: Poliklinisk time <span style=\"background: LightGoldenRodYellow; margin: 4px; border: 1px solid khaki\"> (<a href=\"CodeSystem-Hn-AppointmentTypeProposed-New-Codes-cs.html\">New codes that shold be used as default for appointmentType.</a>#Poliklinisktime)</span></p><p><b>description</b>: Videotime for å vurdere om det er videre behov for oppfølging etter operasjon.</p><p><b>supportingInformation</b>: </p><ul><li><a name=\"aaf5da36-ab2d-44f1-a78a-64f69351df62\"> </a></li><li><a name=\"aae3d03e-7dd2-46a7-923c-99e9dad3535d\"> </a></li><li><a name=\"aaaf1b62-cfd7-4e4d-90b1-113f13565a6c\"> </a></li><li><a name=\"aa9bdb59-6343-4b1b-974b-5d652634c55c\"> </a></li><li><a name=\"aa5c6586-f828-4558-ab87-2ee13cfd43fe\"> </a></li><li><a name=\"aa277876-6677-46cb-b16b-45b633b19777\"> </a></li></ul><blockquote><p/><p><a name=\"aaf5da36-ab2d-44f1-a78a-64f69351df62\"> </a></p><p><b>identifier</b>: id:\u00a023461345</p><p><b>active</b>: true</p><p><b>type</b>: 05 <span style=\"background: LightGoldenRodYellow; margin: 4px; border: 1px solid khaki\"> (unknown#05)</span></p><p><b>partOf</b>: <a href=\"#aa120952-a283-4267-b16e-846ca17dc07c\">#aa120952-a283-4267-b16e-846ca17dc07c</a></p></blockquote><blockquote><p/><p><a name=\"aae3d03e-7dd2-46a7-923c-99e9dad3535d\"> </a></p><p><b>status</b>: active</p><p><b>code</b>: Innbygger kan be om endret time <span style=\"background: LightGoldenRodYellow; margin: 4px; border: 1px solid khaki\"> (<a href=\"CodeSystem-hn-appointment-flag-code-cs.html\">hn-appointment-flag-code-cs</a>#canChangeAppointmentDialog)</span></p><p><b>subject</b>: <span>id:\u00a022067612345</span></p></blockquote><blockquote><p/><p><a name=\"aaaf1b62-cfd7-4e4d-90b1-113f13565a6c\"> </a></p><p><b>status</b>: active</p><p><b>code</b>: Innbygger kan komme på kort varsel <span style=\"background: LightGoldenRodYellow; margin: 4px; border: 1px solid khaki\"> (<a href=\"CodeSystem-hn-appointment-flag-code-cs.html\">hn-appointment-flag-code-cs</a>#canUseShortNotice)</span></p><p><b>subject</b>: <span>id:\u00a022067612345</span></p></blockquote><blockquote><p/><p><a name=\"aa9bdb59-6343-4b1b-974b-5d652634c55c\"> </a></p><p><b>status</b>: active</p><p><b>code</b>: Timen/opphold kan bekreftes av innbygger <span style=\"background: LightGoldenRodYellow; margin: 4px; border: 1px solid khaki\"> (<a href=\"CodeSystem-hn-appointment-flag-code-cs.html\">hn-appointment-flag-code-cs</a>#canAcknowledge)</span></p><p><b>subject</b>: <span>id:\u00a022067612345</span></p></blockquote><blockquote><p/><p><a name=\"aa5c6586-f828-4558-ab87-2ee13cfd43fe\"> </a></p><p><b>status</b>: active</p><p><b>code</b>: Det finnes ytterlige timedetaljer på time/timeavtale som kan hentes <span style=\"background: LightGoldenRodYellow; margin: 4px; border: 1px solid khaki\"> (<a href=\"CodeSystem-hn-appointment-flag-code-cs.html\">hn-appointment-flag-code-cs</a>#canHaveAppointmentDetails)</span></p><p><b>subject</b>: <span>id:\u00a022067612345</span></p></blockquote><blockquote><p/><p><a name=\"aa277876-6677-46cb-b16b-45b633b19777\"> </a></p><p><b>status</b>: active</p><p><b>code</b>: Dialog kan initieres <span style=\"background: LightGoldenRodYellow; margin: 4px; border: 1px solid khaki\"> (<a href=\"CodeSystem-hn-appointment-flag-code-cs.html\">hn-appointment-flag-code-cs</a>#canInitiateDialog)</span></p><p><b>subject</b>: <span>id:\u00a022067612345</span></p></blockquote><p><b>start</b>: 3. des. 2023, 11:00:00</p><p><b>end</b>: 3. des. 2023, 12:00:00</p><p><b>patientInstruction</b>: Se innkallingsbrev med beskrivelse av måten du bruker video løsningen samt addresse til møterom.</p><blockquote><p><b>participant</b></p><p><b>actor</b>: <span>id:\u00a022067612345</span></p><p><b>status</b>: accepted</p></blockquote><blockquote><p><b>participant</b></p><p><b>actor</b>: <a name=\"aadabd81-457e-4175-8872-ce4ee5db896e\"> </a></p><blockquote><p/><p><a name=\"aadabd81-457e-4175-8872-ce4ee5db896e\"> </a></p><p><b>identifier</b>: id:\u00a013578357</p><p><b>name</b>: Ortopedisk poliklinikk</p><p><b>type</b>: Hospital unit <span style=\"background: LightGoldenRodYellow; margin: 4px; border: 1px solid khaki\"> (<a href=\"http://terminology.hl7.org/5.3.0/CodeSystem-v3-RoleCode.html\">RoleCode</a>#HU)</span></p></blockquote><p><b>status</b>: accepted</p></blockquote><blockquote><p><b>participant</b></p><p><b>actor</b>: <a name=\"aaa45fd0-3a85-4549-ad06-09dce6197f93\"> </a></p><blockquote><p/><p><a name=\"aaa45fd0-3a85-4549-ad06-09dce6197f93\"> </a></p><p><b>identifier</b>: id:\u00a04735683568</p><p><b>name</b>: Rikshospitalet</p><p><b>type</b>: Hospital <span style=\"background: LightGoldenRodYellow; margin: 4px; border: 1px solid khaki\"> (<a href=\"http://terminology.hl7.org/5.3.0/CodeSystem-v3-RoleCode.html\">RoleCode</a>#HOSP)</span></p><p><b>managingOrganization</b>: <a href=\"#aad1254e-2fa5-4b33-a05f-ab744906ff2e\">#aad1254e-2fa5-4b33-a05f-ab744906ff2e</a></p></blockquote><p><b>status</b>: accepted</p></blockquote><hr/><blockquote><p><b>Generated Narrative: Organization #aac4b733-c3c9-4b66-bf66-2d8001f19d6b</b><a name=\"aac4b733-c3c9-4b66-bf66-2d8001f19d6b\"> </a></p><p><b>identifier</b>: id:\u00a0993467049</p><p><b>name</b>: Assigner-instance</p></blockquote><hr/><blockquote><p><b>Generated Narrative: Location #aaa45fd0-3a85-4549-ad06-09dce6197f93</b><a name=\"aaa45fd0-3a85-4549-ad06-09dce6197f93\"> </a></p><p><b>identifier</b>: id:\u00a04735683568</p><p><b>name</b>: Rikshospitalet</p><p><b>type</b>: Hospital <span style=\"background: LightGoldenRodYellow; margin: 4px; border: 1px solid khaki\"> (<a href=\"http://terminology.hl7.org/5.3.0/CodeSystem-v3-RoleCode.html\">RoleCode</a>#HOSP)</span></p><p><b>managingOrganization</b>: <a href=\"#aad1254e-2fa5-4b33-a05f-ab744906ff2e\">#aad1254e-2fa5-4b33-a05f-ab744906ff2e</a></p></blockquote><hr/><blockquote><p><b>Generated Narrative: Organization #aad1254e-2fa5-4b33-a05f-ab744906ff2e</b><a name=\"aad1254e-2fa5-4b33-a05f-ab744906ff2e\"> </a></p><p><b>identifier</b>: id:\u00a0993467049, id:\u00a0546152152</p><p><b>name</b>: Rikshospitalet HF</p></blockquote><hr/><blockquote><p><b>Generated Narrative: Location #aadabd81-457e-4175-8872-ce4ee5db896e</b><a name=\"aadabd81-457e-4175-8872-ce4ee5db896e\"> </a></p><p><b>identifier</b>: id:\u00a013578357</p><p><b>name</b>: Ortopedisk poliklinikk</p><p><b>type</b>: Hospital unit <span style=\"background: LightGoldenRodYellow; margin: 4px; border: 1px solid khaki\"> (<a href=\"http://terminology.hl7.org/5.3.0/CodeSystem-v3-RoleCode.html\">RoleCode</a>#HU)</span></p></blockquote><hr/><blockquote><p><b>Generated Narrative: Organization #aaf5da36-ab2d-44f1-a78a-64f69351df62</b><a name=\"aaf5da36-ab2d-44f1-a78a-64f69351df62\"> </a></p><p><b>identifier</b>: id:\u00a023461345</p><p><b>active</b>: true</p><p><b>type</b>: 05 <span style=\"background: LightGoldenRodYellow; margin: 4px; border: 1px solid khaki\"> (unknown#05)</span></p><p><b>partOf</b>: <a href=\"#aa120952-a283-4267-b16e-846ca17dc07c\">#aa120952-a283-4267-b16e-846ca17dc07c</a></p></blockquote><hr/><blockquote><p><b>Generated Narrative: Organization #aa120952-a283-4267-b16e-846ca17dc07c</b><a name=\"aa120952-a283-4267-b16e-846ca17dc07c\"> </a></p><p><b>identifier</b>: id:\u00a0993467049</p></blockquote><hr/><blockquote><p><b>Generated Narrative: Flag #aae3d03e-7dd2-46a7-923c-99e9dad3535d</b><a name=\"aae3d03e-7dd2-46a7-923c-99e9dad3535d\"> </a></p><p><b>status</b>: active</p><p><b>code</b>: Innbygger kan be om endret time <span style=\"background: LightGoldenRodYellow; margin: 4px; border: 1px solid khaki\"> (<a href=\"CodeSystem-hn-appointment-flag-code-cs.html\">hn-appointment-flag-code-cs</a>#canChangeAppointmentDialog)</span></p><p><b>subject</b>: <span>id:\u00a022067612345</span></p></blockquote><hr/><blockquote><p><b>Generated Narrative: Flag #aaaf1b62-cfd7-4e4d-90b1-113f13565a6c</b><a name=\"aaaf1b62-cfd7-4e4d-90b1-113f13565a6c\"> </a></p><p><b>status</b>: active</p><p><b>code</b>: Innbygger kan komme på kort varsel <span style=\"background: LightGoldenRodYellow; margin: 4px; border: 1px solid khaki\"> (<a href=\"CodeSystem-hn-appointment-flag-code-cs.html\">hn-appointment-flag-code-cs</a>#canUseShortNotice)</span></p><p><b>subject</b>: <span>id:\u00a022067612345</span></p></blockquote><hr/><blockquote><p><b>Generated Narrative: Flag #aa9bdb59-6343-4b1b-974b-5d652634c55c</b><a name=\"aa9bdb59-6343-4b1b-974b-5d652634c55c\"> </a></p><p><b>status</b>: active</p><p><b>code</b>: Timen/opphold kan bekreftes av innbygger <span style=\"background: LightGoldenRodYellow; margin: 4px; border: 1px solid khaki\"> (<a href=\"CodeSystem-hn-appointment-flag-code-cs.html\">hn-appointment-flag-code-cs</a>#canAcknowledge)</span></p><p><b>subject</b>: <span>id:\u00a022067612345</span></p></blockquote><hr/><blockquote><p><b>Generated Narrative: Flag #aa5c6586-f828-4558-ab87-2ee13cfd43fe</b><a name=\"aa5c6586-f828-4558-ab87-2ee13cfd43fe\"> </a></p><p><b>status</b>: active</p><p><b>code</b>: Det finnes ytterlige timedetaljer på time/timeavtale som kan hentes <span style=\"background: LightGoldenRodYellow; margin: 4px; border: 1px solid khaki\"> (<a href=\"CodeSystem-hn-appointment-flag-code-cs.html\">hn-appointment-flag-code-cs</a>#canHaveAppointmentDetails)</span></p><p><b>subject</b>: <span>id:\u00a022067612345</span></p></blockquote><hr/><blockquote><p><b>Generated Narrative: Flag #aa277876-6677-46cb-b16b-45b633b19777</b><a name=\"aa277876-6677-46cb-b16b-45b633b19777\"> </a></p><p><b>status</b>: active</p><p><b>code</b>: Dialog kan initieres <span style=\"background: LightGoldenRodYellow; margin: 4px; border: 1px solid khaki\"> (<a href=\"CodeSystem-hn-appointment-flag-code-cs.html\">hn-appointment-flag-code-cs</a>#canInitiateDialog)</span></p><p><b>subject</b>: <span>id:\u00a022067612345</span></p></blockquote></div>"
  },
  "contained" : [{
    "resourceType" : "Organization",
    "id" : "aac4b733-c3c9-4b66-bf66-2d8001f19d6b",
    "meta" : {
      "profile" : ["http://hl7.no/fhir/StructureDefinition/no-basis-Organization"]
    },
    "identifier" : [{
      "system" : "urn:oid:2.16.578.1.12.4.1.4.101",
      "value" : "993467049"
    }],
    "name" : "Assigner-instance"
  },
  {
    "resourceType" : "Location",
    "id" : "aaa45fd0-3a85-4549-ad06-09dce6197f93",
    "meta" : {
      "profile" : ["http://hl7.no/fhir/StructureDefinition/no-basis-Location"]
    },
    "identifier" : [{
      "system" : "urn:oid:2.16.578.1.12.4.1.4.102",
      "value" : "4735683568"
    }],
    "name" : "Rikshospitalet",
    "type" : [{
      "coding" : [{
        "system" : "http://terminology.hl7.org/CodeSystem/v3-RoleCode",
        "code" : "HOSP"
      }]
    }],
    "managingOrganization" : {
      "reference" : "#aad1254e-2fa5-4b33-a05f-ab744906ff2e"
    }
  },
  {
    "resourceType" : "Organization",
    "id" : "aad1254e-2fa5-4b33-a05f-ab744906ff2e",
    "meta" : {
      "profile" : ["http://hl7.no/fhir/StructureDefinition/no-basis-Organization"]
    },
    "identifier" : [{
      "system" : "urn:oid:2.16.578.1.12.4.1.4.101",
      "value" : "993467049"
    },
    {
      "system" : "urn:oid:2.16.578.1.12.4.1.1",
      "value" : "546152152"
    }],
    "name" : "Rikshospitalet HF"
  },
  {
    "resourceType" : "Location",
    "id" : "aadabd81-457e-4175-8872-ce4ee5db896e",
    "meta" : {
      "profile" : ["http://hl7.no/fhir/StructureDefinition/no-basis-Location"]
    },
    "identifier" : [{
      "system" : "urn:oid:2.16.578.1.12.4.1.4.102",
      "value" : "13578357"
    }],
    "name" : "Ortopedisk poliklinikk",
    "type" : [{
      "coding" : [{
        "system" : "http://terminology.hl7.org/CodeSystem/v3-RoleCode",
        "code" : "HU"
      }]
    }]
  },
  {
    "resourceType" : "Organization",
    "id" : "aaf5da36-ab2d-44f1-a78a-64f69351df62",
    "meta" : {
      "profile" : ["http://helsenorge.no/fhir/StructureDefinition/kommunikasjonspart-Organization"]
    },
    "identifier" : [{
      "system" : "urn:oid:2.16.578.1.12.4.1.2",
      "value" : "23461345"
    }],
    "active" : true,
    "type" : [{
      "coding" : [{
        "system" : "urn:oid:2.16.578.1.12.4.1.1.8624",
        "code" : "05"
      }]
    }],
    "partOf" : {
      "reference" : "#aa120952-a283-4267-b16e-846ca17dc07c"
    }
  },
  {
    "resourceType" : "Organization",
    "id" : "aa120952-a283-4267-b16e-846ca17dc07c",
    "meta" : {
      "profile" : ["http://hl7.no/fhir/StructureDefinition/no-basis-Organization"]
    },
    "identifier" : [{
      "system" : "urn:oid:2.16.578.1.12.4.1.4.101",
      "value" : "993467049"
    }]
  },
  {
    "resourceType" : "Flag",
    "id" : "aae3d03e-7dd2-46a7-923c-99e9dad3535d",
    "meta" : {
      "profile" : ["http://helsenorge.no/fhir/StructureDefinition/hn-basis-Flag"]
    },
    "status" : "active",
    "code" : {
      "coding" : [{
        "system" : "http://helsenorge.no/fhir/CodeSystem/hn-appointment-flag-code-cs",
        "code" : "canChangeAppointmentDialog"
      }],
      "text" : "Innbygger kan be om endret time"
    },
    "subject" : {
      "identifier" : {
        "system" : "urn:oid:2.16.578.1.12.4.1.4.1",
        "value" : "22067612345"
      }
    }
  },
  {
    "resourceType" : "Flag",
    "id" : "aaaf1b62-cfd7-4e4d-90b1-113f13565a6c",
    "meta" : {
      "profile" : ["http://helsenorge.no/fhir/StructureDefinition/hn-basis-Flag"]
    },
    "status" : "active",
    "code" : {
      "coding" : [{
        "system" : "http://helsenorge.no/fhir/CodeSystem/hn-appointment-flag-code-cs",
        "code" : "canUseShortNotice"
      }],
      "text" : "Innbygger kan komme på kort varsel"
    },
    "subject" : {
      "identifier" : {
        "system" : "urn:oid:2.16.578.1.12.4.1.4.1",
        "value" : "22067612345"
      }
    }
  },
  {
    "resourceType" : "Flag",
    "id" : "aa9bdb59-6343-4b1b-974b-5d652634c55c",
    "meta" : {
      "profile" : ["http://helsenorge.no/fhir/StructureDefinition/hn-basis-Flag"]
    },
    "status" : "active",
    "code" : {
      "coding" : [{
        "system" : "http://helsenorge.no/fhir/CodeSystem/hn-appointment-flag-code-cs",
        "code" : "canAcknowledge"
      }],
      "text" : "Timen/opphold kan bekreftes av innbygger"
    },
    "subject" : {
      "identifier" : {
        "system" : "urn:oid:2.16.578.1.12.4.1.4.1",
        "value" : "22067612345"
      }
    }
  },
  {
    "resourceType" : "Flag",
    "id" : "aa5c6586-f828-4558-ab87-2ee13cfd43fe",
    "meta" : {
      "profile" : ["http://helsenorge.no/fhir/StructureDefinition/hn-basis-Flag"]
    },
    "status" : "active",
    "code" : {
      "coding" : [{
        "system" : "http://helsenorge.no/fhir/CodeSystem/hn-appointment-flag-code-cs",
        "code" : "canHaveAppointmentDetails"
      }],
      "text" : "Det finnes ytterlige timedetaljer på time/timeavtale som kan hentes"
    },
    "subject" : {
      "identifier" : {
        "system" : "urn:oid:2.16.578.1.12.4.1.4.1",
        "value" : "22067612345"
      }
    }
  },
  {
    "resourceType" : "Flag",
    "id" : "aa277876-6677-46cb-b16b-45b633b19777",
    "meta" : {
      "profile" : ["http://helsenorge.no/fhir/StructureDefinition/hn-basis-Flag"]
    },
    "status" : "active",
    "code" : {
      "coding" : [{
        "system" : "http://helsenorge.no/fhir/CodeSystem/hn-appointment-flag-code-cs",
        "code" : "canInitiateDialog"
      }],
      "text" : "Dialog kan initieres"
    },
    "subject" : {
      "identifier" : {
        "system" : "urn:oid:2.16.578.1.12.4.1.4.1",
        "value" : "22067612345"
      }
    }
  }],
  "extension" : [{
    "extension" : [{
      "url" : "channelType",
      "valueCoding" : {
        "system" : "http://hl7.org/fhir/contact-point-system",
        "code" : "url"
      }
    },
    {
      "url" : "virtualAddress",
      "valueUrl" : "https://join.nhn.no/webapp2/home"
    }],
    "url" : "http://hl7.no/fhir/StructureDefinition/no-basis-virtual-service"
  }],
  "identifier" : [{
    "system" : "http://dips.no/fhir/namingsystem/dips-bookingid",
    "value" : "aa4606dd-754a-49b7-aad9-db34dfa30a94",
    "assigner" : {
      "reference" : "#aac4b733-c3c9-4b66-bf66-2d8001f19d6b"
    }
  }],
  "status" : "booked",
  "serviceCategory" : [{
    "coding" : [{
      "system" : "http://terminology.hl7.org/CodeSystem/service-category",
      "code" : "27"
    }]
  }],
  "appointmentType" : {
    "coding" : [{
      "system" : "http://helsenorge.no/fhir/CodeSystem/Hn-AppointmentTypeProposed-New-Codes-cs",
      "code" : "Poliklinisktime"
    }]
  },
  "description" : "Videotime for å vurdere om det er videre behov for oppfølging etter operasjon.",
  "supportingInformation" : [{
    "reference" : "#aaf5da36-ab2d-44f1-a78a-64f69351df62"
  },
  {
    "reference" : "#aae3d03e-7dd2-46a7-923c-99e9dad3535d"
  },
  {
    "reference" : "#aaaf1b62-cfd7-4e4d-90b1-113f13565a6c"
  },
  {
    "reference" : "#aa9bdb59-6343-4b1b-974b-5d652634c55c"
  },
  {
    "reference" : "#aa5c6586-f828-4558-ab87-2ee13cfd43fe"
  },
  {
    "reference" : "#aa277876-6677-46cb-b16b-45b633b19777"
  }],
  "start" : "2023-12-03T12:00:00+02:00",
  "end" : "2023-12-03T13:00:00+02:00",
  "patientInstruction" : "Se innkallingsbrev med beskrivelse av måten du bruker video løsningen samt addresse til møterom.",
  "participant" : [{
    "actor" : {
      "type" : "Patient",
      "identifier" : {
        "system" : "urn:oid:2.16.578.1.12.4.1.4.1",
        "value" : "22067612345"
      }
    },
    "status" : "accepted"
  },
  {
    "actor" : {
      "reference" : "#aadabd81-457e-4175-8872-ce4ee5db896e"
    },
    "status" : "accepted"
  },
  {
    "actor" : {
      "reference" : "#aaa45fd0-3a85-4549-ad06-09dce6197f93"
    },
    "status" : "accepted"
  }]
}