{
  "resourceType" : "Bundle",
  "id" : "PolikliniskEksempelBundle",
  "type" : "transaction",
  "entry" : [{
    "fullUrl" : "http://dips.no/fhir/Flag/5add71e3-1fcb-4c4d-8065-5ce3c83a5cb8",
    "resource" : {
      "resourceType" : "Flag",
      "id" : "5add71e3-1fcb-4c4d-8065-5ce3c83a5cb8",
      "meta" : {
        "profile" : ["http://helsenorge.no/fhir/StructureDefinition/hn-basis-Flag"]
      },
      "text" : {
        "status" : "generated",
        "div" : "<div xmlns=\"http://www.w3.org/1999/xhtml\"><p><b>Generated Narrative: Flag</b><a name=\"5add71e3-1fcb-4c4d-8065-5ce3c83a5cb8\"> </a></p><div style=\"display: inline-block; background-color: #d9e0e7; padding: 6px; margin: 4px; border: 1px solid #8da1b4; border-radius: 5px; line-height: 60%\"><p style=\"margin-bottom: 0px\">Resource Flag &quot;5add71e3-1fcb-4c4d-8065-5ce3c83a5cb8&quot; </p><p style=\"margin-bottom: 0px\">Profile: <a href=\"StructureDefinition-hn-basis-Flag.html\">hn-basis-Flag</a></p></div><p><b>identifier</b>: id:\u00a05add71e3-1fcb-4c4d-8065-5ce3c83a5cb8</p><p><b>status</b>: active</p><p><b>code</b>: Timen/opphold kan bekreftes av innbygger <span style=\"background: LightGoldenRodYellow; margin: 4px; border: 1px solid khaki\"> (<a href=\"CodeSystem-hn-appointment-flag-code-cs.html\">hn-appointment-flag-code-cs</a>#canAcknowledge)</span></p><p><b>subject</b>: <span>id:\u00a01416601476</span></p></div>"
      },
      "identifier" : [{
        "value" : "5add71e3-1fcb-4c4d-8065-5ce3c83a5cb8"
      }],
      "status" : "active",
      "code" : {
        "coding" : [{
          "system" : "http://helsenorge.no/fhir/CodeSystem/hn-appointment-flag-code-cs",
          "code" : "canAcknowledge",
          "display" : "Timen/opphold kan bekreftes av innbygger"
        }]
      },
      "subject" : {
        "identifier" : {
          "system" : "urn:oid:2.16.578.1.12.4.1.4.1",
          "value" : "1416601476"
        }
      }
    },
    "request" : {
      "method" : "PUT",
      "url" : "Flag"
    }
  },
  {
    "fullUrl" : "http://dips.no/fhir/Organization/833bad1b-e612-4593-9560-c5ea55bce912",
    "resource" : {
      "resourceType" : "Organization",
      "id" : "833bad1b-e612-4593-9560-c5ea55bce912",
      "meta" : {
        "profile" : ["http://helsenorge.no/fhir/StructureDefinition/no-basis-Organization"]
      },
      "text" : {
        "status" : "generated",
        "div" : "<div xmlns=\"http://www.w3.org/1999/xhtml\"><p><b>Generated Narrative: Organization</b><a name=\"833bad1b-e612-4593-9560-c5ea55bce912\"> </a></p><div style=\"display: inline-block; background-color: #d9e0e7; padding: 6px; margin: 4px; border: 1px solid #8da1b4; border-radius: 5px; line-height: 60%\"><p style=\"margin-bottom: 0px\">Resource Organization &quot;833bad1b-e612-4593-9560-c5ea55bce912&quot; </p><p style=\"margin-bottom: 0px\">Profile: <a href=\"StructureDefinition-no-basis-Organization.html\">no-basis-Organization</a></p></div><p><b>identifier</b>: id:\u00a0HerIdn2_123456</p><p><b>type</b>: Avdeling <span style=\"background: LightGoldenRodYellow; margin: 4px; border: 1px solid khaki\"> (unknown#05)</span></p><p><b>partOf</b>: <a href=\"#Organization_df89a675-febe-44b9-8fe7-027169cb05a3\">See above (Organization/df89a675-febe-44b9-8fe7-027169cb05a3)</a></p></div>"
      },
      "identifier" : [{
        "system" : "urn:oid:2.16.578.1.12.4.1.2",
        "value" : "HerIdn2_123456"
      }],
      "type" : [{
        "coding" : [{
          "system" : "urn:oid:2.16.578.1.12.4.1.1.8628",
          "code" : "05",
          "display" : "Avdeling"
        }]
      }],
      "partOf" : {
        "reference" : "Organization/df89a675-febe-44b9-8fe7-027169cb05a3"
      }
    },
    "request" : {
      "method" : "PUT",
      "url" : "Organization"
    }
  },
  {
    "fullUrl" : "http://dips.no/fhir/Organization/df89a675-febe-44b9-8fe7-027169cb05a3",
    "resource" : {
      "resourceType" : "Organization",
      "id" : "df89a675-febe-44b9-8fe7-027169cb05a3",
      "meta" : {
        "profile" : ["http://helsenorge.no/fhir/StructureDefinition/no-basis-Organization"]
      },
      "text" : {
        "status" : "generated",
        "div" : "<div xmlns=\"http://www.w3.org/1999/xhtml\"><p><b>Generated Narrative: Organization</b><a name=\"df89a675-febe-44b9-8fe7-027169cb05a3\"> </a></p><div style=\"display: inline-block; background-color: #d9e0e7; padding: 6px; margin: 4px; border: 1px solid #8da1b4; border-radius: 5px; line-height: 60%\"><p style=\"margin-bottom: 0px\">Resource Organization &quot;df89a675-febe-44b9-8fe7-027169cb05a3&quot; </p><p style=\"margin-bottom: 0px\">Profile: <a href=\"StructureDefinition-no-basis-Organization.html\">no-basis-Organization</a></p></div><p><b>identifier</b>: id:\u00a0993467048</p><p><b>type</b>: Helseforetak <span style=\"background: LightGoldenRodYellow; margin: 4px; border: 1px solid khaki\"> (unknown#2)</span></p><p><b>name</b>: Oslo Universitetssykehus HF</p></div>"
      },
      "identifier" : [{
        "system" : "urn:oid:2.16.578.1.12.4.1.4.101",
        "value" : "993467048"
      }],
      "type" : [{
        "coding" : [{
          "system" : "urn:oid:2.16.578.1.12.4.1.1.8628",
          "code" : "2",
          "display" : "Helseforetak"
        }]
      }],
      "name" : "Oslo Universitetssykehus HF"
    },
    "request" : {
      "method" : "PUT",
      "url" : "Organization"
    }
  },
  {
    "fullUrl" : "http://dips.no/fhir/Appointment/34DDC9EC-E84A-EE11-9852-B0074B014ABB",
    "resource" : {
      "resourceType" : "Appointment",
      "id" : "34DDC9EC-E84A-EE11-9852-B0074B014ABB",
      "meta" : {
        "profile" : ["http://helsenorge.no/fhir/StructureDefinition/hn-basis-appointment"],
        "tag" : [{
          "extension" : [{
            "url" : "http://helsenorge.no/fhir/extension/varselorganisasjon",
            "valueString" : "Rikshospitalet"
          }],
          "system" : "http://helsenorge.no/fhir/varsling",
          "code" : "9",
          "display" : "Innbygger skal ikke påminnes"
        },
        {
          "system" : "http://helsenorge.no/fhir/varsling",
          "code" : "1"
        }]
      },
      "text" : {
        "status" : "generated",
        "div" : "<div xmlns=\"http://www.w3.org/1999/xhtml\"><p><b>Generated Narrative: Appointment</b><a name=\"34DDC9EC-E84A-EE11-9852-B0074B014ABB\"> </a></p><div style=\"display: inline-block; background-color: #d9e0e7; padding: 6px; margin: 4px; border: 1px solid #8da1b4; border-radius: 5px; line-height: 60%\"><p style=\"margin-bottom: 0px\">Resource Appointment &quot;34DDC9EC-E84A-EE11-9852-B0074B014ABB&quot; </p><p style=\"margin-bottom: 0px\">Profile: <a href=\"StructureDefinition-hn-basis-appointment.html\">hn-basis-appointment</a></p><p style=\"margin-bottom: 0px\">Tags: <span title=\"{http://helsenorge.no/fhir/varsling http://helsenorge.no/fhir/varsling}\">http://helsenorge.no/fhir/varsling</span>, <span title=\"{http://helsenorge.no/fhir/varsling http://helsenorge.no/fhir/varsling}\">http://helsenorge.no/fhir/varsling</span></p></div><p><b>identifier</b>: id:\u00a034DDC9EC-E84A-EE11-9852-B0074B014ABB</p><p><b>status</b>: booked</p><p><b>serviceCategory</b>: Specialist Medical <span style=\"background: LightGoldenRodYellow; margin: 4px; border: 1px solid khaki\"> (<a href=\"http://terminology.hl7.org/5.3.0/CodeSystem-service-category.html\">Service category</a>#27)</span></p><p><b>appointmentType</b>: Behandling som gjøres uten innleggelse <span style=\"background: LightGoldenRodYellow; margin: 4px; border: 1px solid khaki\"> (<a href=\"CodeSystem-Hn-AppointmentTypeProposed-New-Codes-cs.html\">New codes proposed as part of Timetype innbyggerportal </a>#Poliklinisktime)</span></p><p><b>description</b>: Utredning</p><p><b>supportingInformation</b>: </p><ul><li><a href=\"#Organization_833bad1b-e612-4593-9560-c5ea55bce912\">See above (Organization/833bad1b-e612-4593-9560-c5ea55bce912)</a></li><li><a href=\"#Flag_5add71e3-1fcb-4c4d-8065-5ce3c83a5cb8\">See above (Flag/5add71e3-1fcb-4c4d-8065-5ce3c83a5cb8)</a></li><li><a href=\"#Flag_5c4fdce8-e90e-4adf-9544-0c6b684a953d\">See above (Flag/5c4fdce8-e90e-4adf-9544-0c6b684a953d)</a></li><li><a href=\"#Flag_52469032-561f-4334-b5af-b8b5c8c4c0c6\">See above (Flag/52469032-561f-4334-b5af-b8b5c8c4c0c6)</a></li></ul><p><b>start</b>: 3. okt. 2023, 10:30:00</p><p><b>end</b>: 3. okt. 2023, 12:00:00</p><p><b>minutesDuration</b>: 90</p><p><b>patientInstruction</b>: Se innkallingsbrev</p><blockquote><p><b>participant</b></p><p><b>type</b>: Participation <span style=\"background: LightGoldenRodYellow; margin: 4px; border: 1px solid khaki\"> (<a href=\"http://terminology.hl7.org/5.3.0/CodeSystem-v3-ParticipationType.html\">ParticipationType</a>#PART)</span></p><p><b>actor</b>: <span>id:\u00a01416601476</span></p><p><b>status</b>: accepted</p></blockquote><blockquote><p><b>participant</b></p><p><b>type</b>: Participation <span style=\"background: LightGoldenRodYellow; margin: 4px; border: 1px solid khaki\"> (<a href=\"http://terminology.hl7.org/5.3.0/CodeSystem-v3-ParticipationType.html\">ParticipationType</a>#PART)</span></p><p><b>actor</b>: <a href=\"#Location_ae6a6c66-6b9c-4fa0-bf78-52915e07271f\">See above (Location/ae6a6c66-6b9c-4fa0-bf78-52915e07271f)</a></p><p><b>status</b>: accepted</p></blockquote><blockquote><p><b>participant</b></p><p><b>type</b>: Participation <span style=\"background: LightGoldenRodYellow; margin: 4px; border: 1px solid khaki\"> (<a href=\"http://terminology.hl7.org/5.3.0/CodeSystem-v3-ParticipationType.html\">ParticipationType</a>#PART)</span></p><p><b>actor</b>: <a href=\"#Location_15878c66-d827-4fb9-8528-e234a0de8835\">See above (Location/15878c66-d827-4fb9-8528-e234a0de8835)</a></p><p><b>status</b>: accepted</p></blockquote></div>"
      },
      "identifier" : [{
        "system" : "http://dips.no/fhir/namingsystem/dips-bookingid",
        "value" : "34DDC9EC-E84A-EE11-9852-B0074B014ABB"
      }],
      "status" : "booked",
      "serviceCategory" : [{
        "coding" : [{
          "system" : "http://terminology.hl7.org/CodeSystem/service-category",
          "code" : "27",
          "display" : "Specialist Medical"
        }]
      }],
      "appointmentType" : {
        "coding" : [{
          "system" : "http://helsenorge.no/fhir/CodeSystem/Hn-AppointmentTypeProposed-New-Codes-cs",
          "code" : "Poliklinisktime",
          "display" : "Behandling som gjøres uten innleggelse"
        }]
      },
      "description" : "Utredning",
      "supportingInformation" : [{
        "reference" : "Organization/833bad1b-e612-4593-9560-c5ea55bce912"
      },
      {
        "reference" : "Flag/5add71e3-1fcb-4c4d-8065-5ce3c83a5cb8"
      },
      {
        "reference" : "Flag/5c4fdce8-e90e-4adf-9544-0c6b684a953d"
      },
      {
        "reference" : "Flag/52469032-561f-4334-b5af-b8b5c8c4c0c6"
      }],
      "start" : "2023-10-03T08:30:00Z",
      "end" : "2023-10-03T10:00:00Z",
      "minutesDuration" : 90,
      "patientInstruction" : "Se innkallingsbrev",
      "participant" : [{
        "type" : [{
          "coding" : [{
            "system" : "http://terminology.hl7.org/CodeSystem/v3-ParticipationType",
            "code" : "PART",
            "display" : "Participation"
          }]
        }],
        "actor" : {
          "type" : "Patient",
          "identifier" : {
            "system" : "urn:oid:2.16.578.1.12.4.1.4.1",
            "value" : "1416601476"
          }
        },
        "status" : "accepted"
      },
      {
        "type" : [{
          "coding" : [{
            "system" : "http://terminology.hl7.org/CodeSystem/v3-ParticipationType",
            "code" : "PART",
            "display" : "Participation"
          }]
        }],
        "actor" : {
          "reference" : "Location/ae6a6c66-6b9c-4fa0-bf78-52915e07271f",
          "type" : "Location"
        },
        "status" : "accepted"
      },
      {
        "type" : [{
          "coding" : [{
            "system" : "http://terminology.hl7.org/CodeSystem/v3-ParticipationType",
            "code" : "PART",
            "display" : "Participation"
          }]
        }],
        "actor" : {
          "reference" : "Location/15878c66-d827-4fb9-8528-e234a0de8835",
          "type" : "Location"
        },
        "status" : "accepted"
      }]
    },
    "request" : {
      "method" : "PUT",
      "url" : "Appointment"
    }
  },
  {
    "fullUrl" : "http://dips.no/fhir/Location/ae6a6c66-6b9c-4fa0-bf78-52915e07271f",
    "resource" : {
      "resourceType" : "Location",
      "id" : "ae6a6c66-6b9c-4fa0-bf78-52915e07271f",
      "text" : {
        "status" : "generated",
        "div" : "<div xmlns=\"http://www.w3.org/1999/xhtml\"><p><b>Generated Narrative: Location</b><a name=\"ae6a6c66-6b9c-4fa0-bf78-52915e07271f\"> </a></p><div style=\"display: inline-block; background-color: #d9e0e7; padding: 6px; margin: 4px; border: 1px solid #8da1b4; border-radius: 5px; line-height: 60%\"><p style=\"margin-bottom: 0px\">Resource Location &quot;ae6a6c66-6b9c-4fa0-bf78-52915e07271f&quot; </p></div><p><b>identifier</b>: id:\u00a0resh12345</p><p><b>name</b>: Rikshospitalet</p><p><b>type</b>: Hospital <span style=\"background: LightGoldenRodYellow; margin: 4px; border: 1px solid khaki\"> (<a href=\"http://terminology.hl7.org/5.3.0/CodeSystem-v3-RoleCode.html\">RoleCode</a>#HOSP)</span></p><p><b>managingOrganization</b>: <a href=\"#Organization_df89a675-febe-44b9-8fe7-027169cb05a3\">See above (Organization/df89a675-febe-44b9-8fe7-027169cb05a3)</a></p></div>"
      },
      "identifier" : [{
        "system" : "urn:oid:2.16.578.1.12.4.1.4.102",
        "value" : "resh12345"
      }],
      "name" : "Rikshospitalet",
      "type" : [{
        "coding" : [{
          "system" : "http://terminology.hl7.org/CodeSystem/v3-RoleCode",
          "code" : "HOSP"
        }]
      }],
      "managingOrganization" : {
        "reference" : "Organization/df89a675-febe-44b9-8fe7-027169cb05a3"
      }
    },
    "request" : {
      "method" : "PUT",
      "url" : "Location"
    }
  },
  {
    "fullUrl" : "http://dips.no/fhir/Location/15878c66-d827-4fb9-8528-e234a0de8835",
    "resource" : {
      "resourceType" : "Location",
      "id" : "15878c66-d827-4fb9-8528-e234a0de8835",
      "text" : {
        "status" : "generated",
        "div" : "<div xmlns=\"http://www.w3.org/1999/xhtml\"><p><b>Generated Narrative: Location</b><a name=\"15878c66-d827-4fb9-8528-e234a0de8835\"> </a></p><div style=\"display: inline-block; background-color: #d9e0e7; padding: 6px; margin: 4px; border: 1px solid #8da1b4; border-radius: 5px; line-height: 60%\"><p style=\"margin-bottom: 0px\">Resource Location &quot;15878c66-d827-4fb9-8528-e234a0de8835&quot; </p></div><p><b>identifier</b>: id:\u00a0resh99999</p><p><b>name</b>: Ortopedisk Avdeling, Rikshospitalet</p><p><b>description</b>: Sognsvannveien 20, Glassgaten, D3b, 1. etg</p><p><b>type</b>: Hospital unit <span style=\"background: LightGoldenRodYellow; margin: 4px; border: 1px solid khaki\"> (<a href=\"http://terminology.hl7.org/5.3.0/CodeSystem-v3-RoleCode.html\">RoleCode</a>#HU)</span></p><p><b>telecom</b>: ph: 23076080(WORK)</p></div>"
      },
      "identifier" : [{
        "system" : "urn:oid:2.16.578.1.12.4.1.4.102",
        "value" : "resh99999"
      }],
      "name" : "Ortopedisk Avdeling, Rikshospitalet",
      "description" : "Sognsvannveien 20, Glassgaten, D3b, 1. etg",
      "type" : [{
        "coding" : [{
          "system" : "http://terminology.hl7.org/CodeSystem/v3-RoleCode",
          "code" : "HU"
        }]
      }],
      "telecom" : [{
        "system" : "phone",
        "value" : "23076080",
        "use" : "work"
      }]
    },
    "request" : {
      "method" : "PUT",
      "url" : "Location"
    }
  },
  {
    "fullUrl" : "http://dips.no/fhir/Flag/5c4fdce8-e90e-4adf-9544-0c6b684a953d",
    "resource" : {
      "resourceType" : "Flag",
      "id" : "5c4fdce8-e90e-4adf-9544-0c6b684a953d",
      "meta" : {
        "profile" : ["http://helsenorge.no/fhir/StructureDefinition/hn-basis-Flag"]
      },
      "text" : {
        "status" : "generated",
        "div" : "<div xmlns=\"http://www.w3.org/1999/xhtml\"><p><b>Generated Narrative: Flag</b><a name=\"5c4fdce8-e90e-4adf-9544-0c6b684a953d\"> </a></p><div style=\"display: inline-block; background-color: #d9e0e7; padding: 6px; margin: 4px; border: 1px solid #8da1b4; border-radius: 5px; line-height: 60%\"><p style=\"margin-bottom: 0px\">Resource Flag &quot;5c4fdce8-e90e-4adf-9544-0c6b684a953d&quot; </p><p style=\"margin-bottom: 0px\">Profile: <a href=\"StructureDefinition-hn-basis-Flag.html\">hn-basis-Flag</a></p></div><p><b>identifier</b>: id:\u00a05c4fdce8-e90e-4adf-9544-0c6b684a953d</p><p><b>status</b>: active</p><p><b>code</b>: Det finnes ytterlege timedetaljer på time/timeavtale som kan hentes <span style=\"background: LightGoldenRodYellow; margin: 4px; border: 1px solid khaki\"> (<a href=\"CodeSystem-hn-appointment-flag-code-cs.html\">hn-appointment-flag-code-cs</a>#canHaveAppointmentDetails)</span></p><p><b>subject</b>: <span>id:\u00a01416601476</span></p></div>"
      },
      "identifier" : [{
        "value" : "5c4fdce8-e90e-4adf-9544-0c6b684a953d"
      }],
      "status" : "active",
      "code" : {
        "coding" : [{
          "system" : "http://helsenorge.no/fhir/CodeSystem/hn-appointment-flag-code-cs",
          "code" : "canHaveAppointmentDetails",
          "display" : "Det finnes ytterlege timedetaljer på time/timeavtale som kan hentes"
        }]
      },
      "subject" : {
        "identifier" : {
          "system" : "urn:oid:2.16.578.1.12.4.1.4.1",
          "value" : "1416601476"
        }
      }
    },
    "request" : {
      "method" : "PUT",
      "url" : "Flag"
    }
  },
  {
    "fullUrl" : "http://dips.no/fhir/Flag/52469032-561f-4334-b5af-b8b5c8c4c0c6",
    "resource" : {
      "resourceType" : "Flag",
      "id" : "52469032-561f-4334-b5af-b8b5c8c4c0c6",
      "meta" : {
        "profile" : ["http://helsenorge.no/fhir/StructureDefinition/hn-basis-Flag"]
      },
      "text" : {
        "status" : "generated",
        "div" : "<div xmlns=\"http://www.w3.org/1999/xhtml\"><p><b>Generated Narrative: Flag</b><a name=\"52469032-561f-4334-b5af-b8b5c8c4c0c6\"> </a></p><div style=\"display: inline-block; background-color: #d9e0e7; padding: 6px; margin: 4px; border: 1px solid #8da1b4; border-radius: 5px; line-height: 60%\"><p style=\"margin-bottom: 0px\">Resource Flag &quot;52469032-561f-4334-b5af-b8b5c8c4c0c6&quot; </p><p style=\"margin-bottom: 0px\">Profile: <a href=\"StructureDefinition-hn-basis-Flag.html\">hn-basis-Flag</a></p></div><p><b>identifier</b>: id:\u00a052469032-561f-4334-b5af-b8b5c8c4c0c6</p><p><b>status</b>: active</p><p><b>code</b>: Dialog kan inisieres <span style=\"background: LightGoldenRodYellow; margin: 4px; border: 1px solid khaki\"> (<a href=\"CodeSystem-hn-appointment-flag-code-cs.html\">hn-appointment-flag-code-cs</a>#canInitateDialog)</span></p><p><b>subject</b>: <span>id:\u00a01416601476</span></p></div>"
      },
      "identifier" : [{
        "value" : "52469032-561f-4334-b5af-b8b5c8c4c0c6"
      }],
      "status" : "active",
      "code" : {
        "coding" : [{
          "system" : "http://helsenorge.no/fhir/CodeSystem/hn-appointment-flag-code-cs",
          "code" : "canInitateDialog",
          "display" : "Dialog kan inisieres"
        }]
      },
      "subject" : {
        "identifier" : {
          "system" : "urn:oid:2.16.578.1.12.4.1.4.1",
          "value" : "1416601476"
        }
      }
    },
    "request" : {
      "method" : "PUT",
      "url" : "Flag"
    }
  }]
}