{
  "resourceType" : "ValueSet",
  "id" : "hn-appointment-ServiceCategory-code-vs",
  "text" : {
    "status" : "generated",
    "div" : "<div xmlns=\"http://www.w3.org/1999/xhtml\">Placeholder</div>"
  },
  "url" : "http://helsenorge.no/fhir/ValueSet/hn-appointment-ServiceCategory-code-vs",
  "version" : "0.1.0",
  "name" : "HnAppointmentServiceCategoryVS",
  "title" : "hn-appointment-ServiceCategory-code-vs",
  "status" : "draft",
  "date" : "2023-09-25T11:50:22+02:00",
  "publisher" : "Example Publisher",
  "contact" : [{
    "name" : "Example Publisher",
    "telecom" : [{
      "system" : "url",
      "value" : "http://example.org/example-publisher"
    }]
  }],
  "description" : "Value set for ServiceCategory codes in nytimeløsing",
  "compose" : {
    "include" : [{
      "system" : "http://terminology.hl7.org/CodeSystem/service-category",
      "concept" : [{
        "code" : "10",
        "display" : "Dental"
      },
      {
        "code" : "27",
        "display" : "Specialist Medical"
      },
      {
        "code" : "17",
        "display" : "General Practice"
      },
      {
        "code" : "7",
        "display" : "Community Health Care"
      }]
    }]
  }
}