{
  "resourceType" : "ValueSet",
  "id" : "no-basis-virtual-service-type-vs",
  "text" : {
    "status" : "generated",
    "div" : "<div xmlns=\"http://www.w3.org/1999/xhtml\">Placeholder</div>"
  },
  "url" : "http://helsenorge.no/fhir/ValueSet/no-basis-virtual-service-type-vs",
  "version" : "0.1.0",
  "name" : "NoBasisVirtualServiceTypeVS",
  "title" : "No Basis VirtualServiceType Value Set",
  "status" : "draft",
  "date" : "2023-09-25T11:50:22+02:00",
  "publisher" : "Example Publisher",
  "contact" : [{
    "name" : "Example Publisher",
    "telecom" : [{
      "system" : "url",
      "value" : "http://example.org/example-publisher"
    }]
  }],
  "description" : "Example codes for possible virtual service connection types.",
  "compose" : {
    "include" : [{
      "system" : "urn:oid:2.16.840.1.113883.4.642.4.1809"
    },
    {
      "system" : "http://hl7.org/fhir/contact-point-system"
    }]
  }
}