{
  "resourceType" : "ValueSet",
  "id" : "hn-appointment-AppointmentType-code-vs",
  "text" : {
    "status" : "generated",
    "div" : "<div xmlns=\"http://www.w3.org/1999/xhtml\">Placeholder</div>"
  },
  "url" : "http://helsenorge.no/fhir/ValueSet/hn-appointment-AppointmentType-code-vs",
  "version" : "0.1.0",
  "name" : "HnAppointmentAppointmentTypeVS",
  "title" : "hn-appointment-AppointmentType-code-vs",
  "status" : "draft",
  "date" : "2023-09-25T15:31:18+02:00",
  "publisher" : "Example Publisher",
  "contact" : [{
    "name" : "Example Publisher",
    "telecom" : [{
      "system" : "url",
      "value" : "http://example.org/example-publisher"
    }]
  }],
  "description" : "Value set for AppointmentType codes in nytimeløsing - from Timetype innbyggerportal and some new codes",
  "compose" : {
    "include" : [{
      "system" : "urn:oid:2.16.578.1.12.4.1.1.7617",
      "concept" : [{
        "code" : "Vaksine",
        "display" : "Vaksine"
      },
      {
        "code" : "Lab",
        "display" : "Lab"
      }]
    },
    {
      "system" : "http://helsenorge.no/fhir/CodeSystem/Hn-AppointmentTypeProposed-New-Codes-cs"
    }]
  }
}