{
  "resourceType" : "ValueSet",
  "id" : "hn-appointment-flag-code-vs",
  "text" : {
    "status" : "generated",
    "div" : "<div xmlns=\"http://www.w3.org/1999/xhtml\">Placeholder</div>"
  },
  "url" : "http://helsenorge.no/fhir/ValueSet/hn-appointment-flag-code-vs",
  "version" : "0.1.0",
  "name" : "HnAppointmentFlagCodeVS",
  "title" : "hn-appointment-flag-code-vs",
  "status" : "draft",
  "date" : "2023-09-25T15:31:18+02:00",
  "publisher" : "Example Publisher",
  "contact" : [{
    "name" : "Example Publisher",
    "telecom" : [{
      "system" : "url",
      "value" : "http://example.org/example-publisher"
    }]
  }],
  "description" : "Value set for Flag codes in nytimeløsing",
  "compose" : {
    "include" : [{
      "system" : "http://helsenorge.no/fhir/CodeSystem/hn-appointment-flag-code-cs"
    }]
  }
}